Year of arrival at port of disembarkation,Total embarked,Total disembarked
1787,343,314
1786,295,270
1799,437,400
1801,270,243
1802,275,247
1803,310,279
1804,336,302
1805,319,287
1806,423,380
1801,85,76
1802,340,280
1803,290,261
1799,262,240
1801,187,168
1802,310,279
1803,310,279
1804,172,170
1786,168,155
1787,180,180
1789,119,110
1790,200,170
1788,65,60
1789,72,67
1790,113,105
1791,67,62
1792,113,105
1805,270,243
1806,,
1801,433,389
1803,310,279
1803,439,395
1799,270,247
1801,273,
1800,600,550
1803,310,279
1804,307,276
1805,307,276
1806,311,280
1807,310,279
1787,328,300
1789,265,243
1791,250,229
1792,271,241
1793,271,271
1794,,
1793,359,328
1795,250,242
1796,252,231
1797,229,218
1798,,
1795,310,266
1783,359,328
1784,550,504
1786,450,412
1799,459,420
1794,,
1799,,
1786,210,195
1796,113,105
1807,540,403
1805,102,89
1805,,
1806,378,340
1800,408,374
1801,310,279
1802,239,215
1803,217,195
1800,416,380
1801,330,4
1803,188,173
1804,182,168
1806,185,171
1807,191,176
1803,310,279
1784,210,195
1807,135,118
1798,404,388
1799,,
1798,590,540
1800,430,394
1801,310,279
1802,432,388
1787,274,251
1789,186,170
1791,253,240
1792,263,242
1793,276,273
1786,,
1792,164,152
1793,189,175
1798,207,192
1786,677,618
1787,568,520
1789,328,300
1790,485,444
1791,471,418
1794,476,436
1797,359,328
1798,480,441
1799,503,461
1799,317,
1796,449,328
1798,359,328
1798,684,627
1800,473,433
1803,439,395
1807,350,315
1788,119,100
1788,77,64
1799,,
1797,444,444
1798,,
1790,123,113
1785,329,301
1787,282,264
1789,264,242
1791,158,145
1792,244,241
1793,243,223
1794,263,241
1785,580,515
1788,530,418
1793,466,359
1795,528,480
1796,500,497
1798,498,467
1799,527,483
1801,365,328
1802,362,325
1803,364,327
1804,370,333
1805,420,378
1804,318,286
1805,234,210
1806,311,280
1808,259,233
1787,108,90
1805,240,216
1807,303,250
1800,195,181
1802,194,178
1802,141,127
1793,191,149
1801,310,279
1802,214,192
1803,185,166
1804,211,190
1801,310,279
1784,404,370
1786,301,276
1787,295,270
1791,308,228
1793,342,284
1794,,
1781,214,197
1781,,
1802,137,119
1805,317,285
1797,165,153
1788,341,312
1781,290,266
1782,349,320
1788,290,289
1802,315,283
1803,135,124
1804,225,206
1805,,
1800,394,361
1781,210,195
1802,245,220
1794,,
1796,35,35
1806,86,72
1807,310,279
1797,423,328
1799,355,
1785,344,315
1782,356,326
1786,359,328
1801,303,272
1785,86,80
1792,43,43
1792,113,105
1788,96,89
1789,99,92
1793,109,100
1794,,
1802,222,203
1805,237,213
1807,236,212
1782,210,195
1783,210,195
1785,337,309
1786,335,307
1787,340,298
1788,330,301
1790,159,146
1792,238,206
1792,359,328
1794,210,195
1782,214,197
1793,216,201
1794,359,328
1795,359,328
1788,374,361
1800,253,232
1798,109,85
1798,164,128
1799,137,107
1799,107,96
1791,186,172
1792,220,216
1794,229,210
1796,222,219
1796,359,328
1781,359,328
1782,359,328
1784,415,380
1785,539,494
1782,477,418
1784,437,400
1785,513,296
1787,560,230
1791,419,286
1792,360,339
1793,,
1799,359,328
1800,359,
1807,290,261
1793,247,244
1799,402,368
1800,324,297
1806,227,204
1808,182,168
1793,332,304
1800,137,127
1799,209,194
1781,491,450
1793,233,213
1800,393,360
1801,284,255
1802,301,271
1803,278,250
1805,413,371
1805,,
1803,287,258
1804,352,316
1805,310,279
1804,370,333
1805,410,369
1807,372,334
1802,,
1782,449,411
1784,573,525
1785,371,340
1787,420,400
1789,328,300
1791,355,346
1792,390,372
1794,391,388
1795,398,365
1797,436,374
1798,420,385
1799,421,386
1801,289,260
1804,277,249
1800,364,333
1796,460,457
1797,460,448
1798,502,460
1800,476,436
1801,310,279
1802,339,305
1804,328,295
1807,250,225
1786,81,75
1788,175,160
1792,275,252
1793,343,233
1794,240,233
1795,240,222
1798,497,455
1800,495,453
1801,310,279
1802,363,326
1804,343,308
1804,310,279
1802,117,96
1797,,
1800,359,328
1801,310,279
1806,310,279
1806,310,279
1806,266,239
1808,291,262
1799,319,292
1800,,
1804,331,298
1806,310,279
1806,310,279
1783,224,208
1784,194,180
1786,209,208
1787,165,164
1788,195,191
1789,190,176
1789,186,173
1791,123,122
1792,173,168
1793,210,195
1804,273,250
1794,359,328
1795,359,328
1796,,
1786,132,114
1798,240,223
1799,239,222
1793,106,97
1789,198,181
1791,209,207
1792,187,186
1802,310,279
1803,268,241
1804,277,249
1805,289,260
1806,229,206
1808,265,238
1804,222,200
1805,222,200
1806,167,150
1807,310,279
1803,273,250
1790,270,247
1792,299,274
1793,284,259
1794,,
1807,182,168
1791,92,85
1799,126,117
1798,180,176
1795,359,328
1787,240,230
1798,393,360
1799,,
1803,310,279
1804,395,355
1805,368,331
1807,403,362
1787,223,204
1790,359,328
1791,90,84
1805,424,381
1808,400,360
1781,310,266
1803,215,197
1804,226,207
1806,109,100
1781,202,185
1789,233,213
1791,279,218
1792,296,232
1793,359,328
1795,292,266
1782,300,284
1802,91,75
1789,245,227
1790,216,200
1791,261,242
1792,273,261
1795,359,328
1797,395,362
1798,405,371
1799,361,331
1801,280,252
1802,277,249
1803,235,211
1786,310,266
1802,,
1796,210,195
1786,155,144
1788,210,195
1789,125,121
1790,218,202
1792,224,209
1792,210,195
1795,227,225
1796,238,228
1797,210,195
1798,,
1788,85,79
1790,169,157
1791,135,127
1793,295,274
1791,197,188
1793,192,189
1795,195,194
1798,184,159
1799,181,156
1798,115,96
1799,84,70
1791,,
1806,437,393
1795,453,442
1798,,
1786,326,299
1787,261,248
1788,359,328
1789,197,180
1790,287,263
1791,265,219
1792,281,225
1794,299,274
1796,242,236
1797,267,238
1798,198,181
1799,300,275
1801,310,279
1802,224,201
1789,296,271
1791,441,404
1792,422,388
1792,441,417
1795,427,408
1798,431,395
1800,443,406
1802,417,375
1804,324,291
1802,402,361
1805,414,372
1806,310,279
1807,310,279
1799,278,255
1802,192,173
1803,310,279
1804,310,279
1793,171,168
1795,240,220
1797,266,244
1803,405,364
1804,414,372
1806,419,377
1789,281,257
1790,258,257
1791,273,250
1792,187,171
1794,,
1786,218,200
1787,285,261
1787,288,264
1789,215,197
1790,154,141
1791,308,293
1792,297,259
1794,,
1798,119,93
1799,119,93
1800,195,152
1784,163,150
1785,157,157
1786,154,151
1787,143,140
1799,204,188
1801,182,168
1802,187,172
1803,273,250
1805,189,173
1806,206,190
1807,200,184
1793,171,168
1794,171,169
1805,224,205
1806,,
1785,406,372
1786,333,305
1787,401,390
1788,359,328
1790,146,134
1791,317,290
1791,359,
1789,230,221
1790,250,228
1791,255,207
1792,238,230
1794,328,325
1796,317,287
1798,330,293
1799,281,257
1801,218,196
1807,222,200
1798,444,407
1804,310,
1808,230,207
1807,331,298
1793,302,292
1795,359,328
1796,277,275
1797,308,308
1802,438,394
1803,440,396
1804,417,375
1797,165,153
1798,156,145
1799,166,154
1799,,
1797,213,198
1785,261,242
1785,319,296
1786,359,
1785,142,130
1797,359,328
1798,363,327
1799,366,335
1801,307,276
1802,255,229
1802,284,255
1804,340,306
1805,324,291
1806,295,265
1807,276,248
1785,166,152
1786,242,204
1788,216,213
1789,207,190
1791,203,186
1792,141,130
1793,194,190
1794,203,197
1795,359,328
1800,733,671
1787,,
1793,211,192
1802,156,140
1804,310,279
1806,445,400
1790,303,278
1791,310,300
1792,394,367
1792,386,354
1794,370,342
1796,324,306
1798,493,452
1799,405,371
1801,266,239
1802,263,236
1804,331,272
1799,200,183
1796,,
1782,359,328
1783,359,328
1785,510,467
1786,491,450
1794,401,401
1794,,
1797,,
1796,335,329
1797,346,345
1799,343,314
1800,359,328
1801,241,217
1802,246,221
1802,242,218
1803,220,198
1804,222,200
1808,356,320
1781,210,195
1782,,
1795,290,247
1803,231,212
1804,235,215
1805,235,215
1806,216,198
1808,329,301
1806,445,400
1793,256,254
1794,256,250
1800,273,250
1800,392,359
1802,274,246
1803,245,220
1805,285,256
1806,129,116
1807,281,253
1804,125,106
1805,122,104
1807,122,104
1785,350,350
1780,620,514
1782,670,629
1784,550,522
1785,570,540
1788,349,320
1789,410,410
1791,332,304
1793,390,387
1794,426,417
1797,459,420
1798,472,432
1800,469,430
1801,311,280
1802,310,279
1804,310,279
1806,310,279
1807,419,377
1793,167,153
1794,,
1786,273,250
1787,225,206
1789,195,179
1790,142,130
1792,199,171
1793,160,147
1794,359,328
1784,205,160
1799,309,283
1801,310,279
1802,344,309
1805,310,279
1807,320,288
1782,797,730
1783,867,794
1784,701,640
1785,441,404
1786,710,650
1787,736,674
1788,579,529
1789,496,453
1786,68,63
1784,450,361
1786,526,512
1799,273,236
1783,310,266
1806,268,200
1784,164,150
1788,356,326
1790,359,328
1791,171,166
1793,180,164
1794,330,328
1795,330,322
1796,330,326
1780,600,610
1782,700,700
1781,349,320
1782,359,328
1793,462,443
1784,597,480
1786,443,406
1796,495,492
1797,495,492
1799,437,400
1801,380,342
1790,130,120
1791,190,175
1793,10,9
1794,208,192
1801,122,104
1802,61,53
1800,473,433
1801,317,285
1802,316,284
1805,306,275
1807,395,355
1783,119,93
1805,88,81
1806,273,250
1807,155,142
1801,178,160
1788,338,310
1789,277,254
1790,357,327
1791,325,301
1792,344,341
1793,343,340
1795,341,331
1796,343,336
1784,75,70
1785,31,29
1785,113,105
1782,429,321
1800,316,289
1802,315,283
1805,20,19
1799,359,328
1800,,
1803,176,158
1804,234,210
1805,,
1794,,
1792,140,133
1783,450,420
1784,328,300
1797,350,347
1799,374,343
1801,248,223
1801,310,279
1802,395,355
1804,357,349
1797,119,93
1803,305,274
1804,304,273
1806,400,360
1808,310,279
1803,307,276
1805,309,278
1806,304,273
1807,310,279
1800,328,300
1802,324,291
1803,326,293
1799,366,358
1801,310,279
1802,251,226
1804,286,257
1803,184,165
1794,359,328
1795,359,328
1799,,
1798,81,73
1793,349,344
1794,350,344
1796,371,340
1784,195,181
1785,197,194
1796,274,271
1797,,
1791,251,230
1792,234,214
1802,308,254
1803,310,279
1786,,
1785,295,270
1786,213,195
1782,205,190
1783,,
1788,164,150
1790,302,277
1791,273,250
1793,316,283
1794,342,342
1795,120,
1799,448,410
1801,310,279
1802,305,274
1803,297,267
1804,273,245
1806,310,279
1807,211,190
1801,372,334
1802,357,321
1803,336,302
1805,369,332
1805,,
1783,119,93
1785,70,71
1786,119,93
1801,310,279
1798,200,
1785,221,205
1786,190,174
1787,113,102
1788,158,142
1789,142,122
1790,147,126
1791,211,207
1792,205,198
1793,239,225
1799,217,201
1783,210,195
1783,210,195
1784,234,217
1785,269,250
1788,130,88
1791,85,83
1793,128,119
1794,,
1798,357,327
1800,416,381
1799,393,360
1806,303,272
1808,295,265
1807,346,311
1787,,
1785,275,252
1792,332,304
1795,468,460
1798,463,424
1798,437,413
1799,568,520
1802,367,330
1803,356,320
1805,367,330
1799,,
1790,214,196
1792,155,126
1794,227,226
1795,359,328
1797,211,193
1799,45,3
1801,180,162
1802,219,197
1781,,
1794,425,367
1796,457,419
1796,425,418
1798,425,415
1799,,
1799,,
1785,192,176
1790,170,154
1802,348,313
1803,344,309
1805,278,250
1805,,
1797,140,138
1798,117,109
1799,,
1808,190,174
1793,58,55
1786,250,229
1787,192,162
1789,300,115
1799,317,290
1800,322,295
1802,381,314
1803,350,315
1804,341,307
1806,291,262
1807,227,204
1805,,
1793,210,195
1794,,
1797,359,328
1801,426,383
1802,423,380
1804,433,389
1806,437,360
1807,423,380
1799,286,262
1801,310,279
1802,232,209
1804,226,203
1805,209,188
1798,166,142
1784,164,150
1786,484,390
1788,328,300
1789,537,492
1791,265,191
1805,225,206
1807,273,250
1780,210,195
1782,221,205
1784,302,280
1785,210,195
1787,320,195
1786,118,92
1788,109,8
1790,150,139
1791,150,119
1792,101,94
1796,424,423
1798,469,430
1799,427,391
1806,284,255
1799,210,195
1787,121,112
1793,114,99
1806,182,155
1794,,
1794,,
1801,300,270
1802,293,263
1804,408,367
1805,412,370
1807,310,279
1781,359,328
1803,340,306
1799,481,441
1800,322,295
1801,310,279
1802,310,279
1803,334,300
1804,344,309
1806,310,279
1806,310,279
1807,314,282
1797,364,362
1798,396,363
1799,379,347
1801,270,222
1804,169,147
1805,181,158
1806,259,226
1808,183,160
1790,576,528
1791,485,444
1792,501,459
1794,549,539
1794,356,326
1785,524,480
1786,764,700
1787,798,731
1788,771,706
1802,386,372
1784,119,93
1792,210,195
1794,,
1802,176,161
1803,273,250
1805,187,171
1802,169,152
1803,273,250
1803,,
1797,388,355
1795,521,518
1803,289,260
1805,276,248
1783,416,381
1784,251,242
1786,383,290
1806,310,279
1807,310,279
1790,180,179
1791,190,170
1792,206,169
1794,183,181
1795,210,195
1781,210,195
1784,73,68
1797,162,150
1797,175,162
1799,172,160
1800,176,163
1800,65,62
1803,210,189
1804,310,279
1796,473,468
1801,310,279
1799,,
1788,537,492
1782,546,500
1795,234,226
1802,305,274
1803,331,272
1805,298,268
1807,206,185
1787,273,250
1789,306,280
1791,345,316
1792,307,299
1798,396,363
1800,392,359
1802,279,251
1805,279,251
1805,,
1801,273,250
1803,203,186
1804,205,188
1805,207,190
1807,183,168
1783,,
1792,467,414
1793,416,412
1799,514,471
1802,347,312
1803,350,315
1805,369,332
1786,80,74
1791,130,121
1806,268,241
1808,310,279
1797,80,74
1790,332,304
1792,421,324
1794,175,160
1795,242,229
1796,238,236
1798,216,200
1800,221,205
1783,437,400
1784,437,400
1784,644,530
1787,415,380
1790,328,300
1798,397,394
1802,389,350
1803,382,343
1805,386,347
1807,350,315
1800,234,214
1801,310,279
1802,244,219
1803,273,250
1804,142,130
1805,273,250
1805,,
1800,359,328
1801,310,279
1802,268,241
1789,238,234
1790,389,356
1791,325,283
1794,330,328
1786,443,406
1781,754,691
1783,359,328
1784,573,525
1784,,
1785,493,450
1801,234,192
1787,,
1799,417,382
1800,359,328
1792,224,208
1793,245,212
1799,210,195
1799,,
1791,,
1797,217,200
1801,134,123
1802,154,141
1792,,
1781,359,328
1783,222,203
1799,322,295
1800,359,328
1781,119,93
1795,,
1799,,
1784,164,150
1793,242,215
1794,162,148
1795,,
1801,273,250
1797,,
1785,262,240
1787,448,410
1788,269,246
1789,335,307
1790,276,253
1791,273,269
1792,314,302
1793,359,328
1799,424,388
1800,277,254
1802,301,271
1803,266,239
1804,300,270
1794,,
1783,359,
1798,211,160
1800,85,81
1784,480,440
1785,461,422
1788,238,218
1790,300,278
1793,311,309
1794,,
1806,456,376
1807,403,362
1795,120,120
1791,69,64
1787,262,240
1788,359,328
1790,206,189
1791,218,218
1793,234,221
1794,216,216
1795,218,182
1798,481,441
1800,515,472
1801,363,326
1802,374,336
1803,375,337
1806,344,309
1807,310,279
1788,359,328
1805,310,260
1793,200,183
1786,150,134
1801,310,279
1802,200,180
1805,197,177
1808,177,159
1784,160,148
1785,320,274
1786,300,291
1788,175,161
1790,196,181
1790,,
1795,233,233
1787,260,255
1788,231,229
1789,227,208
1791,259,237
1792,213,195
1793,262,240
1795,359,328
1797,258,236
1800,230,211
1803,177,159
1805,310,279
1805,187,171
1806,273,250
1808,273,250
1803,312,280
1797,259,256
1803,82,68
1800,359,328
1784,674,611
1794,360,330
1793,277,253
1794,236,219
1787,112,98
1789,282,258
1795,301,299
1796,301,297
1797,389,389
1799,410,376
1800,407,373
1801,310,279
1802,310,279
1803,303,272
1805,310,279
1806,267,240
1807,267,240
1803,267,240
1784,359,328
1806,341,307
1807,377,339
1791,437,345
1793,339,203
1795,513,470
1806,496,370
1784,337,309
1785,477,437
1786,441,404
1787,,
1784,113,
1801,211,190
1802,211,190
1804,,
1798,413,378
1799,397,364
1800,293,268
1801,310,279
1802,122,104
1801,310,279
1802,358,322
1802,299,269
1796,401,399
1798,409,408
1799,425,389
1799,172,160
1783,272,245
1783,359,328
1782,380,
1805,200,180
1801,338,304
1802,321,289
1780,359,328
1802,435,391
1803,433,389
1804,265,238
1806,484,435
1807,348,313
1804,,
1805,,
1789,352,346
1791,264,260
1792,389,384
1794,397,394
1796,390,383
1797,409,404
1798,430,394
1800,442,405
1800,328,
1791,135,120
1793,359,328
1794,359,328
1796,262,240
1797,359,328
1796,374,368
1797,419,384
1798,413,378
1799,,
1803,237,213
1804,287,258
1805,286,257
1806,310,279
1807,287,258
1805,305,274
1806,427,384
1801,273,250
1803,273,250
1804,273,250
1807,201,184
1786,,
1800,,
1803,310,279
1800,445,408
1802,273,250
1803,,
1785,450,442
1799,178,139
1802,310,279
1803,366,329
1803,366,329
1804,,
1792,210,195
1794,157,146
1795,168,158
1799,,
1788,306,280
1783,210,195
1784,377,350
1785,253,232
1796,310,266
1791,104,87
1791,81,68
1787,8,7
1799,119,111
1787,375,344
1807,205,188
1789,359,328
1793,99,98
1807,273,
1806,189,173
1807,190,174
1803,154,138
1801,182,168
1789,373,365
1790,380,348
1791,358,352
1793,317,315
1795,373,364
1800,310,266
1797,410,375
1800,852,780
1803,212,191
1800,,
1797,301,283
1797,,
1782,600,550
1791,159,148
1792,130,148
1782,400,388
1783,499,457
1785,371,340
1793,362,353
1793,362,361
1794,393,360
1797,390,357
1799,359,328
1801,319,287
1802,310,279
1804,,
1806,,
1807,264,237
1791,280,295
1797,353,337
1798,379,347
1800,305,279
1801,247,222
1802,253,227
1803,310,279
1804,245,220
1804,,
1798,230,211
1801,242,218
1802,254,228
1803,222,200
1804,220,198
1791,359,328
1792,203,194
1793,262,240
1802,225,202
1803,232,209
1789,246,225
1791,229,224
1792,263,254
1793,275,255
1795,299,287
1796,,
1782,210,195
1784,205,190
1783,485,450
1785,377,350
1798,268,249
1800,251,233
1801,,
1781,113,105
1782,,
1801,434,390
1805,366,329
1806,436,392
1787,297,272
1784,323,300
1792,484,119
1793,167,167
1795,164,161
1797,139,129
1799,162,150
1788,95,88
1789,81,75
1806,183,160
1807,153,133
1800,330,302
1801,310,279
1787,212,210
1788,180,165
1790,250,229
1791,236,201
1792,275,252
1795,359,328
1785,415,380
1786,426,390
1787,442,405
1788,344,315
1791,370,252
1793,359,328
1795,372,366
1796,359,328
1797,359,
1788,437,400
1789,400,366
1791,512,509
1792,472,463
1793,518,509
1794,359,328
1802,218,196
1794,381,376
1795,383,362
1802,310,279
1805,179,154
1808,200,184
1804,310,279
1796,193,185
1797,179,164
1797,,
1788,602,447
1788,470,241
1785,583,573
1787,575,550
1788,546,388
1800,469,430
1801,310,279
1791,199,189
1792,196,157
1799,497,455
1800,341,312
1801,310,279
1803,310,279
1804,372,334
1805,142,128
1803,250,225
1804,310,279
1806,310,279
1807,348,313
1797,390,357
1798,365,335
1800,357,327
1801,310,279
1804,244,219
1788,214,197
1807,182,168
1792,389,389
1794,403,369
1796,359,328
1798,427,391
1799,403,369
1801,310,279
1802,195,175
1788,113,105
1790,70,65
1791,153,142
1790,300,194
1792,253,206
1792,359,328
1804,300,270
1806,299,269
1807,297,267
1784,797,730
1786,980,898
1788,568,520
1793,475,472
1794,505,500
1796,543,497
1797,495,473
1799,549,503
1800,359,328
1803,408,367
1788,360,330
1791,402,389
1792,400,346
1792,464,455
1798,443,406
1799,471,431
1801,245,220
1802,293,263
1805,337,303
1806,,
1804,311,280
1806,310,279
1807,310,279
1785,131,120
1785,,
1806,310,279
1808,209,188
1790,104,81
1784,561,514
1785,488,447
1787,510,500
1797,362,357
1799,380,348
1799,,
1801,258,232
1792,338,319
1792,321,287
1794,394,360
1796,361,353
1797,363,362
1798,379,347
1800,332,304
1801,310,279
1802,250,225
1804,458,412
1804,430,387
1806,432,388
1807,291,262
1784,339,291
1786,284,235
1804,179,156
1805,172,150
1806,,
1801,324,291
1803,310,279
1804,408,367
1805,412,370
1800,388,355
1783,,
1786,359,
1785,526,482
1799,379,347
1800,253,232
1801,310,279
1803,285,256
1804,283,254
1806,261,235
1807,239,215
1804,,
1790,240,242
1791,238,232
1792,239,238
1792,206,191
1793,238,231
1795,270,251
1795,210,195
1807,273,250
1784,546,500
1806,310,279
1793,126,125
1794,147,137
1796,113,105
1796,113,105
1798,,
1784,234,217
1785,395,250
1798,276,253
1795,113,105
1783,450,433
1784,320,280
1796,226,207
1807,439,395
1781,,
1798,,
1797,524,480
1801,310,279
1804,338,315
1800,419,384
1802,423,380
1782,291,270
1783,390,320
1784,362,336
1786,380,348
1788,328,300
1790,180,165
1792,282,233
1793,325,298
1792,61,61
1787,244,185
1789,158,120
1790,163,144
1791,159,145
1792,192,127
1784,121,112
1786,210,195
1786,,
1788,117,106
1788,210,
1799,449,411
1800,487,446
1800,201,184
1792,82,82
1792,359,
1783,359,328
1784,153,140
1786,250,234
1787,250,234
1788,240,235
1789,273,250
1789,313,287
1791,284,270
1792,278,243
1798,274,261
1799,322,295
1799,393,360
1801,230,207
1802,273,245
1803,270,243
1805,199,179
1805,230,207
1795,63,62
1793,163,149
1806,377,311
1797,210,195
1789,466,393
1787,109,100
1797,285,261
1798,291,267
1799,282,258
1798,614,562
1800,644,590
1802,437,393
1784,164,152
1785,188,174
1784,83,65
1788,450,412
1788,277,254
1790,287,263
1791,290,211
1793,325,315
1798,337,331
1799,354,324
1800,359,328
1793,124,115
1798,222,206
1807,331,272
1802,353,317
1796,,
1790,184,154
1790,81,68
1790,203,170
1791,157,157
1792,113,
1786,340,320
1788,325,298
1789,239,238
1791,250,240
1792,233,231
1794,255,234
1795,238,223
1796,359,328
1798,,
1796,147,140
1806,215,187
1798,370,356
1799,382,350
1800,359,329
1803,260,234
1804,310,279
1803,310,279
1805,415,342
1807,382,343
1804,206,185
1805,310,279
1808,204,183
1792,290,266
1806,277,249
1807,269,242
1798,229,210
1800,359,
1793,83,77
1789,25,25
1790,307,285
1792,254,254
1792,297,293
1799,287,263
1800,238,218
1801,,
1796,359,
1799,360,330
1797,421,386
1787,162,150
1789,274,254
1790,264,245
1792,289,261
1795,278,273
1796,280,272
1797,278,277
1799,262,240
1801,212,191
1784,356,326
1786,493,450
1787,575,525
1789,486,444
1789,660,605
1791,699,640
1792,484,443
1784,340,320
1791,323,296
1793,334,330
1786,639,516
1788,547,501
1790,314,288
1799,424,388
1784,448,425
1791,131,130
1792,137,132
1793,139,129
1796,115,110
1803,377,339
1795,,
1803,209,191
1803,273,250
1799,359,328
1798,,
1806,281,253
1807,310,279
1804,310,279
1783,663,607
1784,557,510
1787,500,484
1788,522,477
1790,369,338
1791,335,307
1793,364,263
1794,359,328
1794,,
1808,261,235
1792,275,273
1793,275,268
1794,296,271
1799,283,259
1800,284,260
1801,310,279
1789,410,113
1790,285,261
1791,269,259
1792,267,200
1793,289,272
1794,,
1805,106,90
1784,650,503
1786,731,670
1788,624,583
1791,541,536
1793,492,483
1794,416,415
1794,,
1799,223,204
1800,359,328
1799,154,136
1800,310,
1795,229,227
1797,227,208
1798,244,223
1786,51,40
1796,210,195
1798,181,176
1799,225,209
1799,158,147
1799,158,147
1800,119,111
1802,130,113
1805,126,110
1806,183,160
1807,183,160
1790,100,99
1798,294,273
1798,288,267
1800,284,264
1801,206,189
1802,206,189
1803,219,201
1806,219,201
1801,310,279
1802,373,335
1804,366,329
1806,340,306
1807,274,246
1799,,
1793,251,229
1794,265,243
1796,300,299
1798,300,279
1800,343,318
1800,219,203
1802,247,226
1803,234,210
1804,229,210
1805,249,228
1806,273,250
1797,,
1783,,
1798,217,213
1799,216,198
1801,326,293
1802,,
1782,620,568
1783,713,653
1785,382,350
1787,469,430
1789,377,368
1791,350,313
1793,368,366
1794,,
1783,,
1784,210,195
1794,354,344
1795,374,371
1796,359,328
1798,374,341
1799,359,328
1795,300,300
1791,245,224
1798,209,194
1799,207,192
1800,193,179
1801,183,160
1803,177,154
1788,247,228
1789,217,200
1790,166,153
1791,400,314
1798,191,324
1799,349,320
1800,331,303
1796,523,515
1798,584,535
1799,525,481
1800,369,338
1787,420,390
1789,383,351
1789,331,303
1791,341,308
1792,335,331
1793,338,303
1794,,
1785,484,436
1797,272,252
1798,295,274
1798,210,195
1800,289,268
1802,156,143
1786,65,60
1787,43,40
1793,118,110
1783,543,497
1806,250,225
1798,346,338
1799,377,350
1804,289,260
1805,304,273
1806,306,275
1807,284,255
1806,267,240
1807,310,279
1799,342,313
1797,,
1801,310,279
1802,229,206
1803,207,186
1805,244,219
1781,412,377
1781,,
1792,359,328
1793,395,239
1799,298,273
1802,218,196
1799,75,73
1792,218,169
1792,,
1787,156,143
1793,302,277
1784,374,310
1803,377,339
1804,334,300
1801,310,279
1802,293,263
1804,277,249
1806,267,240
1807,310,279
1799,359,328
1801,412,370
1791,310,318
1794,359,328
1796,359,328
1797,359,328
1802,222,200
1803,208,187
1806,310,279
1807,310,279
1787,20,
1806,217,195
1784,162,150
1785,214,199
1799,,
1801,258,236
1802,266,244
1803,248,227
1805,,
1803,273,250
1787,300,230
1797,181,141
1798,175,136
1784,310,266
1788,400,370
1791,486,445
1792,488,276
1780,,
1792,101,101
1798,39,36
1785,351,321
1786,524,480
1788,491,450
1789,720,360
1790,536,491
1791,567,519
1792,568,520
1793,533,488
1801,247,222
1802,189,170
1804,237,213
1805,259,233
1806,241,217
1808,247,222
1804,310,279
1806,350,315
1807,556,500
1784,360,351
1786,381,390
1805,119,100
1806,119,100
1807,147,125
1795,418,416
1797,418,411
1800,398,365
1802,305,274
1803,310,279
1804,310,279
1805,192,166
1783,359,328
1784,371,340
1786,269,246
1788,234,214
1789,203,202
1797,363,352
1799,359,328
1800,,
1805,310,279
1808,267,240
1803,158,145
1804,156,143
1797,257,252
1780,,
1787,,
1785,78,72
1789,314,288
1791,222,211
1792,115,105
1787,119,93
1802,303,272
1803,300,270
1805,127,114
1806,310,279
1783,210,195
1785,223,204
1786,287,263
1788,359,328
1789,218,200
1784,359,328
1787,360,350
1800,369,337
1784,,
1800,356,326
1800,,
1799,367,336
1800,354,324
1784,113,105
1797,187,146
1798,119,93
1799,216,168
1800,,
1785,408,374
1787,568,520
1788,359,
1799,257,235
1805,347,312
1784,500,448
1788,462,423
1790,438,401
1792,350,345
1793,340,338
1797,419,405
1798,452,414
1800,447,409
1803,398,358
1785,300,299
1789,210,195
1790,309,283
1791,289,265
1793,247,240
1794,263,241
1795,280,264
1806,122,104
1797,,
1792,166,163
1792,170,167
1794,158,157
1798,141,129
1796,119,93
1795,420,406
1796,359,328
1797,417,411
1798,441,404
1799,442,405
1800,285,261
1802,289,260
1802,128,115
1805,298,268
1787,98,91
1789,142,132
1789,209,191
1790,170,156
1792,248,215
1793,330,302
1795,337,311
1797,366,335
1787,51,40
1799,323,296
1800,180,165
1802,214,192
1803,209,188
1780,359,328
1784,317,290
1785,284,260
1786,,
1797,359,
1806,310,279
1807,246,221
1798,185,159
1799,307,263
1805,144,132
1806,273,250
1807,273,250
1800,84,78
1802,171,150
1781,677,620
1783,491,450
1785,590,540
1786,574,526
1788,528,487
1789,362,332
1790,405,371
1791,393,371
1793,385,351
1794,,
1793,265,246
1805,310,
1808,276,248
1798,114,89
1799,297,276
1787,161,150
1788,194,170
1790,138,132
1791,204,187
1792,307,226
1794,259,237
1795,219,200
1788,78,67
1790,99,85
1782,359,328
1783,379,347
1793,284,269
1794,,
1793,350,321
1794,,
1788,45,42
1795,,
1785,118,110
1791,200,197
1792,201,200
1793,225,225
1794,231,215
1796,200,197
1798,427,425
1800,394,361
1759,12,10
1758,352,288
1759,150,128
1760,230,197
1759,70,57
1759,364,297
1759,230,197
1760,64,52
1760,413,337
1760,352,288
1759,,
1759,171,151
1760,230,197
1759,352,288
1761,387,316
1760,,
1760,148,131
1760,102,92
1761,330,268
1761,432,353
1761,210,171
1761,352,287
1762,112,93
1761,230,197
1761,352,288
1765,117,100
1764,171,151
1765,160,170
1764,221,180
1764,242,207
1765,400,370
1764,417,340
1765,200,171
1764,171,151
1765,525,428
1764,243,198
1765,114,93
1765,304,260
1765,421,360
1765,294,240
1765,184,150
1765,105,93
1765,,
1764,,
1741,204,176
1765,157,130
1766,,
1766,276,209
1765,206,168
1765,160,142
1765,230,197
1765,257,220
1766,98,80
1766,245,200
1766,493,402
1765,10,8
1765,70,60
1766,59,53
1765,193,165
1765,80,76
1766,289,236
1766,376,307
1766,176,151
1767,294,240
1766,148,127
1766,125,107
1766,331,283
1766,429,350
1766,64,56
1766,604,493
1747,368,306
1747,632,525
1752,42,35
1760,259,211
1777,210,195
1779,214,198
1779,359,328
1779,214,198
1779,359,328
1780,359,328
1780,359,328
1768,199,170
1767,83,65
1766,467,400
1766,230,
1767,149,132
1766,60,47
1767,410,375
1768,102,92
1766,83,65
1767,175,143
1766,352,287
1766,230,197
1766,230,197
1767,230,197
1768,380,374
1773,117,100
1767,110,90
1767,388,244
1767,230,197
1767,352,288
1766,352,287
1766,83,65
1767,171,151
1768,310,253
1767,171,151
1767,,
1768,398,325
1767,230,197
1767,352,288
1768,490,260
1767,79,70
1769,500,428
1767,171,151
1768,199,170
1768,74,58
1768,90,80
1767,201,200
1767,102,92
1767,352,287
1768,352,287
1768,455,445
1768,230,197
1767,352,288
1768,121,109
1768,68,60
1769,124,106
1768,352,287
1769,142,129
1769,298,243
1769,130,129
1769,171,151
1769,350,340
1769,133,114
1769,352,287
1769,175,150
1769,195,167
1769,457,373
1770,352,287
1768,102,92
1770,352,287
1769,171,151
1769,352,287
1769,83,65
1769,230,197
1769,171,151
1769,171,151
1770,51,40
1770,110,
1770,500,400
1770,199,170
1770,352,287
1770,140,124
1770,352,288
1771,237,203
1770,171,
1771,135,120
1771,83,65
1771,364,312
1770,352,288
1771,120,90
1771,352,287
1771,83,65
1771,140,120
1772,450,367
1771,400,326
1770,352,288
1771,199,170
1771,352,287
1770,83,65
1771,134,104
1771,580,473
1771,83,65
1771,,
1771,171,151
1771,352,287
1771,352,287
1771,352,287
1772,20,17
1771,230,197
1772,230,197
1771,83,65
1772,352,287
1772,239,195
1772,352,287
1771,83,65
1772,171,151
1772,171,151
1772,230,197
1772,161,138
1771,352,288
1773,230,
1772,352,287
1772,255,245
1772,352,287
1772,171,151
1772,352,288
1773,171,151
1772,110,86
1772,230,197
1772,83,65
1772,171,151
1772,352,287
1772,230,197
1772,352,288
1773,352,288
1773,467,400
1774,352,287
1773,270,220
1772,352,288
1773,234,203
1773,236,1
1773,180,160
1773,352,287
1773,352,287
1773,171,151
1773,352,287
1773,352,287
1773,453,370
1773,352,287
1773,169,150
1773,116,115
1774,58,46
1773,171,151
1774,175,150
1774,102,92
1774,300,245
1774,230,197
1773,171,151
1774,352,287
1774,150,117
1774,83,65
1774,83,65
1774,352,287
1774,102,92
1773,171,151
1774,352,287
1774,316,280
1774,85,75
1775,184,157
1774,230,197
1774,158,140
1774,171,151
1775,171,151
1774,91,82
1775,189,147
1774,228,200
1775,83,65
1776,359,328
1774,83,65
1775,244,216
1775,152,133
1775,171,151
1775,345,281
1775,171,151
1775,184,160
1774,,
1775,83,65
1775,352,287
1775,352,287
1775,171,151
1776,214,197
1776,119,93
1775,352,287
1776,90,80
1775,230,197
1776,26,24
1775,,
1765,175,150
1776,214,197
1775,102,92
1776,5,5
1776,,
1776,113,105
1776,214,198
1777,210,195
1776,214,198
1776,214,198
1777,119,93
1777,214,197
1777,215,200
1769,102,92
1769,171,151
1771,103,91
1770,230,197
1770,352,287
1770,120,106
1770,185,151
1771,113,100
1770,230,197
1714,578,500
1714,272,265
1734,526,450
1777,359,328
1770,513,254
1778,359,328
1771,139,118
1730,317,274
1727,614,531
1725,260,230
1726,295,255
1727,,188
1766,214,190
1716,306,270
1716,273,236
1716,226,200
1731,148,131
1755,180,154
1739,116,99
1756,352,288
1717,212,188
1737,240,197
1771,105,100
1772,267,218
1727,50,44
1748,596,510
1750,331,283
1714,192,154
1731,289,255
1766,52,45
1766,65,51
1765,165,199
1766,62,53
1765,83,65
1765,83,65
1773,83,65
1771,226,204
1727,271,217
1722,237,190
1722,113,100
1730,271,217
1772,250,209
1769,352,287
1737,273,236
1770,375,324
1787,140,
1780,400,400
1765,188,163
1771,0,0
1726,374,342
1714,366,350
1774,135,120
1730,320,283
1728,271,217
1716,578,500
1762,169,150
1768,326,269
1768,200,171
1768,164,140
1768,171,151
1768,83,65
1769,171,151
1770,352,287
1770,87,77
1770,230,197
1770,171,151
1771,171,151
1771,352,287
1771,144,128
1771,140,120
1773,230,197
1772,139,123
1772,230,197
1771,171,151
1772,141,125
1772,152,130
1774,164,140
1773,175,150
1773,171,
1773,230,197
1774,90,77
1773,230,197
1774,180,160
1775,319,260
1773,230,197
1775,292,250
1775,135,120
1776,210,195
1775,171,151
1776,162,150
1776,119,93
1776,247,222
1777,359,328
1773,90,80
1796,232,199
1796,305,299
1797,302,278
1798,322,299
1800,190,176
1801,183,168
1801,105,
1791,106,106
1792,225,217
1793,359,328
1800,389,356
1801,310,279
1795,,
1796,195,193
1797,,
1797,357,327
1788,310,266
1807,114,104
1802,273,250
1803,,
1799,465,426
1800,412,377
1802,308,277
1803,310,279
1805,310,279
1802,245,220
1804,214,192
1793,113,105
1802,333,299
1804,310,279
1803,248,238
1802,300,287
1805,337,303
1807,326,293
1798,283,263
1805,234,192
1801,242,218
1805,270,243
1806,246,221
1807,310,279
1799,439,402
1800,321,294
1804,310,279
1803,273,250
1786,302,
1803,156,136
1804,150,131
1805,156,136
1806,183,160
1784,218,200
1799,202,185
1798,359,328
1801,310,279
1800,368,337
1802,398,358
1786,69,54
1781,400,360
1799,299,276
1788,305,279
1790,274,251
1791,296,283
1793,302,295
1795,299,294
1797,289,284
1798,385,353
1799,369,338
1800,297,272
1802,190,171
1803,310,279
1804,259,233
1806,310,279
1784,224,208
1786,89,83
1787,178,165
1788,177,164
1789,300,278
1790,114,106
1792,121,121
1792,183,182
1784,650,603
1786,625,597
1799,361,331
1798,453,415
1800,455,417
1805,452,337
1806,345,310
1788,531,466
1802,310,279
1803,85,76
1805,192,173
1807,310,279
1794,263,255
1795,261,256
1798,357,340
1800,381,349
1803,269,242
1807,182,164
1799,317,290
1801,247,222
1802,259,233
1803,310,279
1803,201,181
1807,190,184
1785,425,380
1788,289,265
1789,368,336
1794,379,341
1795,366,329
1796,359,328
1796,,
1806,386,347
1801,327,294
1800,338,310
1802,358,322
1803,310,279
1804,376,338
1806,374,336
1807,376,338
1802,298,268
1803,300,270
1805,294,264
1807,378,340
1799,563,516
1801,386,347
1805,,
1807,329,296
1804,184,165
1805,199,179
1807,378,340
1805,343,308
1807,416,374
1788,486,445
1790,343,314
1792,338,335
1793,274,272
1802,240,216
1803,249,224
1804,328,295
1804,325,292
1807,405,364
1797,304,56
1800,409,375
1805,306,275
1806,207,186
1784,227,208
1785,525,
1786,459,420
1787,415,380
1788,397,364
1789,291,267
1791,257,235
1788,448,410
1789,308,282
1790,328,300
1792,431,406
1793,237,217
1795,351,335
1797,381,349
1798,377,345
1800,355,325
1801,235,211
1800,426,390
1801,358,323
1803,440,396
1801,324,267
1798,418,383
1806,507,418
1799,,
1799,,
1789,119,93
1790,328,300
1799,441,404
1800,219,201
1801,310,279
1803,303,272
1804,310,279
1806,295,265
1808,299,269
1800,359,328
1801,226,203
1802,230,207
1803,310,279
1804,170,153
1794,210,195
1795,304,298
1797,365,277
1799,302,277
1781,365,320
1783,504,442
1787,428,392
1789,360,330
1789,379,347
1791,376,344
1792,329,313
1793,,
1791,215,212
1793,206,198
1794,215,210
1796,215,213
1797,214,200
1798,191,175
1795,305,252
1798,360,348
1802,232,209
1796,359,328
1796,359,328
1799,392,359
1801,257,231
1802,270,243
1804,255,229
1804,259,233
1806,256,230
1808,271,244
1804,238,214
1804,,
1802,273,245
1803,265,238
1804,310,279
1807,99,
1787,199,172
1788,,
1793,298,273
1794,359,328
1793,252,231
1795,244,225
1796,240,237
1798,232,217
1799,269,246
1789,,
1783,535,490
1784,469,430
1800,62,48
1799,373,342
1800,365,334
1801,310,279
1803,232,209
1804,,
1798,359,328
1800,272,249
1801,220,198
1802,209,188
1799,90,
1789,251,230
1790,262,240
1792,306,193
1794,359,328
1801,310,279
1804,397,357
1805,310,279
1807,409,368
1802,204,176
1784,61,57
1786,129,120
1798,359,328
1784,240,220
1787,310,290
1804,184,169
1805,184,169
1807,273,250
1793,286,254
1805,242,218
1807,240,216
1791,72,72
1793,81,80
1794,82,82
1801,310,279
1803,333,299
1806,,
1808,270,243
1807,329,296
1781,210,195
1784,178,164
1802,175,161
1803,273,250
1803,20,18
1806,182,168
1806,125,110
1791,164,164
1792,115,107
1793,113,105
1794,113,105
1794,,
1799,164,152
1800,151,140
1805,289,260
1799,332,304
1802,220,198
1803,85,70
1785,151,140
1786,177,164
1792,328,326
1795,328,319
1797,356,326
1798,310,268
1800,210,192
1807,334,300
1786,59,55
1787,27,25
1790,40,37
1783,,
1799,359,328
1802,100,92
1803,273,250
1781,454,416
1800,336,308
1802,340,280
1797,357,322
1798,364,333
1799,,
1798,103,96
1801,337,278
1802,308,277
1804,323,290
1805,311,280
1799,374,343
1801,258,232
1807,310,279
1807,269,242
1805,,
1807,316,284
1802,310,279
1804,291,262
1805,244,219
1807,255,229
1800,359,328
1803,311,280
1805,308,277
1806,310,279
1807,310,279
1799,281,257
1801,310,279
1806,347,312
1807,298,268
1793,296,278
1798,331,303
1801,222,200
1802,220,198
1805,170,153
1787,210,188
1788,359,328
1789,179,164
1791,190,170
1792,242,239
1792,356,326
1793,316,300
1794,,
1804,231,212
1806,273,250
1800,270,247
1802,88,79
1783,210,195
1802,185,166
1802,310,279
1785,226,204
1787,226,204
1783,,
1790,155,142
1796,397,390
1797,396,350
1799,415,380
1801,310,279
1802,278,250
1803,310,279
1806,310,279
1807,284,
1803,246,221
1805,249,224
1807,259,233
1781,68,60
1784,183,170
1781,,
1787,105,82
1785,,
1800,55,50
1790,247,243
1791,253,246
1792,245,228
1793,281,257
1795,351,348
1795,215,197
1806,310,279
1782,210,195
1784,210,195
1785,245,227
1789,340,311
1790,356,326
1792,331,328
1793,353,323
1794,,
1799,212,194
1784,328,300
1786,369,338
1788,366,335
1790,209,191
1792,324,312
1793,154,143
1795,113,105
1796,165,160
1798,167,155
1789,206,142
1791,229,210
1793,240,205
1796,237,217
1797,221,216
1799,236,216
1800,233,213
1801,180,162
1802,167,150
1805,277,249
1807,310,279
1789,81,75
1786,310,266
1790,327,303
1791,305,284
1793,162,150
1795,317,315
1796,289,268
1797,317,313
1798,335,311
1798,,
1787,119,100
1789,38,38
1790,166,152
1791,204,203
1802,304,273
1804,310,279
1796,193,179
1796,,
1795,210,195
1799,210,195
1801,233,213
1784,97,90
1784,437,400
1785,488,447
1787,450,445
1799,371,340
1797,419,393
1798,416,409
1799,429,393
1801,286,257
1802,336,277
1803,307,276
1804,310,279
1807,290,261
1799,128,119
1802,199,182
1803,273,250
1783,650,595
1784,437,400
1786,633,580
1788,537,492
1789,359,328
1790,466,427
1791,473,433
1793,591,541
1793,,
1784,349,320
1785,301,276
1787,278,255
1788,269,246
1790,217,199
1791,237,231
1793,237,234
1793,383,351
1794,432,431
1795,432,430
1797,359,328
1798,471,431
1799,406,372
1800,290,266
1801,310,279
1802,295,265
1803,309,271
1806,120,
1797,,
1782,214,197
1799,338,310
1799,298,273
1801,310,279
1806,367,330
1807,377,339
1789,330,311
1791,300,268
1792,330,279
1794,,
1796,210,195
1789,359,329
1791,433,410
1791,,
1794,360,360
1796,360,357
1797,364,346
1798,359,328
1784,450,420
1799,237,220
1801,289,265
1802,291,267
1803,199,182
1795,180,180
1796,292,291
1797,,
1793,361,331
1795,359,328
1798,368,337
1799,,
1801,,
1800,368,337
1802,407,335
1803,378,340
1807,221,199
1782,650,646
1784,619,586
1785,740,635
1787,609,590
1792,432,408
1793,450,390
1797,453,384
1798,487,446
1799,,
1801,360,324
1804,322,320
1785,177,164
1784,197,180
1785,276,253
1786,240,220
1788,251,230
1789,205,188
1791,210,208
1793,214,210
1795,216,208
1788,650,610
1789,418,383
1789,455,392
1790,479,439
1791,371,358
1793,438,401
1797,,
1796,557,510
1802,295,265
1802,248,223
1802,355,319
1783,231,200
1784,189,175
1785,216,185
1786,256,238
1787,200,191
1789,174,159
1790,251,230
1792,264,240
1793,294,269
1794,298,273
1795,281,275
1796,281,266
1799,284,260
1801,190,171
1807,230,207
1802,216,199
1803,205,193
1804,221,204
1806,182,168
1807,182,168
1792,153,140
1794,172,158
1806,310,279
1808,383,344
1797,86,79
1781,580,530
1783,652,590
1798,214,185
1792,290,258
1792,,
1782,571,545
1782,,
1796,210,195
1803,,
1806,183,160
1799,465,426
1800,289,265
1786,359,328
1802,110,101
1800,332,304
1788,216,204
1793,163,161
1797,340,320
1799,367,341
1802,310,279
1796,277,277
1796,276,273
1797,277,274
1799,299,274
1800,359,
1801,273,250
1802,170,156
1783,359,328
1784,359,328
1786,319,292
1798,303,278
1799,263,241
1806,273,250
1802,326,293
1803,344,309
1804,334,300
1806,334,300
1807,324,291
1802,366,329
1804,357,321
1805,310,279
1806,310,279
1807,313,306
1806,310,279
1807,310,
1784,273,250
1785,367,336
1786,346,317
1787,354,324
1788,349,320
1803,310,279
1796,323,323
1797,345,316
1799,309,283
1800,346,317
1804,140,122
1783,326,299
1784,431,395
1786,341,312
1788,340,315
1790,242,222
1792,276,272
1794,,
1781,250,229
1781,359,328
1807,385,346
1784,400,370
1783,655,600
1785,631,578
1782,210,195
1800,432,396
1802,311,280
1806,310,279
1808,352,316
1799,202,185
1807,389,350
1806,273,250
1808,176,161
1804,412,391
1806,389,350
1806,108,99
1782,520,500
1783,359,328
1798,419,384
1784,360,330
1803,179,164
1799,149,116
1805,110,101
1783,616,564
1796,283,278
1797,329,301
1797,,
1803,348,313
1804,310,279
1781,210,195
1788,210,195
1789,61,57
1790,131,129
1790,113,105
1791,,
1805,164,150
1806,273,250
1791,168,40
1796,359,328
1800,,
1805,165,148
1805,,
1794,,
1798,,
1801,339,305
1803,270,243
1782,400,366
1794,232,212
1780,,
1791,350,382
1792,429,429
1795,431,428
1796,359,328
1798,423,411
1798,,
1798,520,510
1799,558,511
1800,344,315
1801,353,317
1802,333,330
1803,364,327
1803,310,279
1804,222,200
1805,259,233
1805,,
1799,322,295
1800,231,212
1801,310,279
1802,247,222
1804,266,219
1805,185,166
1806,310,279
1788,210,195
1790,110,102
1791,122,118
1792,77,69
1793,210,195
1787,126,116
1788,230,211
1789,228,209
1790,221,202
1791,265,260
1792,235,229
1793,,
1800,265,246
1800,489,448
1802,370,333
1805,335,301
1802,255,230
1803,310,279
1786,500,
1784,317,290
1785,306,280
1805,31,31
1795,,
1803,355,319
1807,119,100
1794,359,328
1792,58,57
1803,234,192
1800,304,282
1801,212,194
1785,113,105
1793,367,367
1796,251,247
1796,,
1805,316,284
1806,310,279
1796,423,421
1785,119,
1783,359,328
1781,276,250
1785,340,350
1786,450,430
1789,358,339
1791,457,419
1792,376,335
1794,468,465
1797,359,328
1797,,
1803,310,279
1807,394,354
1788,330,330
1790,350,297
1790,170,
1789,306,280
1792,272,253
1793,270,198
1794,317,290
1795,318,291
1796,359,328
1799,,
1782,680,623
1783,655,600
1784,344,315
1783,359,328
1792,100,93
1794,113,105
1807,273,250
1803,235,215
1804,227,204
1807,196,176
1791,61,60
1782,359,328
1784,386,351
1784,287,263
1796,249,228
1796,359,328
1797,322,299
1799,326,299
1800,359,328
1802,378,340
1794,,
1791,,
1793,566,518
1806,135,118
1807,138,120
1792,,
1802,273,250
1804,,
1780,214,197
1800,230,211
1781,200,186
1798,235,218
1805,150,150
1806,273,250
1797,105,98
1799,61,57
1787,195,179
1798,359,328
1806,215,194
1780,210,195
1784,,
1793,213,198
1794,210,195
1795,119,100
1804,129,112
1805,137,119
1795,,
1795,,
1796,246,225
1799,179,164
1799,425,389
1792,157,130
1793,131,131
1792,119,93
1801,310,279
1802,417,375
1803,331,272
1793,212,194
1785,557,510
1786,440,360
1788,371,302
1788,,
1797,448,423
1796,394,380
1797,475,435
1798,,
1799,,
1781,469,430
1782,602,593
1783,576,528
1784,472,432
1787,360,240
1788,359,328
1807,267,240
1799,145,135
1780,359,328
1783,764,700
1784,344,315
1785,133,122
1803,379,341
1805,310,279
1799,369,338
1801,237,213
1801,310,279
1803,263,236
1804,271,244
1805,277,249
1807,192,173
1784,450,440
1786,450,388
1806,319,287
1808,325,292
1783,210,195
1784,262,243
1785,248,230
1788,237,220
1791,421,398
1792,448,410
1794,479,439
1795,441,390
1797,483,410
1798,478,438
1800,440,403
1802,310,279
1803,311,280
1804,307,276
1806,256,230
1807,310,279
1799,484,443
1801,337,303
1802,337,303
1803,329,296
1804,329,296
1805,295,265
1796,375,344
1803,310,279
1789,186,170
1791,389,356
1781,,
1794,348,318
1793,223,216
1792,313,268
1796,322,313
1802,310,279
1803,310,279
1804,,
1802,289,260
1803,279,251
1804,304,273
1782,359,328
1784,393,360
1787,333,305
1797,350,345
1798,372,341
1805,290,261
1807,206,185
1806,433,389
1785,359,328
1801,314,282
1802,324,291
1782,547,501
1784,532,487
1787,355,325
1793,43,39
1792,239,232
1793,236,216
1794,,
1789,308,282
1791,463,318
1792,435,407
1793,435,410
1794,,
1795,446,410
1796,359,328
1797,343,314
1799,326,299
1792,245,236
1792,359,328
1806,320,288
1807,242,218
1783,470,447
1785,400,350
1787,,
1800,207,190
1801,354,318
1802,,
1783,119,100
1801,266,239
1802,152,137
1805,,
1791,,
1784,86,80
1798,466,427
1800,474,434
1803,334,300
1804,340,306
1806,310,279
1807,260,234
1801,423,380
1802,429,386
1803,440,396
1805,410,369
1807,434,390
1788,310,266
1799,113,105
1800,173,161
1801,180,165
1802,175,160
1802,105,96
1781,426,390
1799,279,256
1792,171,156
1792,210,195
1796,,
1794,,
1798,141,131
1799,210,195
1800,419,384
1788,359,328
1790,503,461
1792,549,536
1792,549,538
1794,584,535
1795,549,545
1805,270,243
1806,347,312
1808,254,228
1798,104,97
1801,310,279
1802,210,189
1804,208,187
1786,380,358
1787,502,460
1789,301,276
1790,359,329
1791,366,290
1800,298,273
1803,338,304
1805,323,290
1806,414,372
1804,273,250
1804,,
1803,109,95
1803,,
1782,170,158
1783,150,139
1784,162,150
1784,232,215
1786,291,270
1786,273,263
1787,300,287
1788,359,328
1789,276,253
1791,276,253
1792,208,182
1793,287,263
1794,,
1784,320,280
1785,300,272
1787,300,296
1788,305,284
1789,261,239
1790,250,233
1791,239,226
1792,236,236
1793,237,217
1794,260,238
1796,230,230
1797,359,328
1798,255,234
1799,,
1805,378,340
1807,359,323
1805,216,194
1807,248,223
1800,378,346
1801,310,279
1803,,
1786,359,
1784,520,519
1788,530,485
1789,359,
1781,573,525
1784,646,592
1784,762,698
1785,622,570
1787,705,646
1788,657,602
1789,485,444
1791,476,436
1792,444,444
1793,508,465
1794,,
1805,590,530
1795,146,136
1786,119,100
1791,126,
1792,226,204
1791,310,
1783,359,328
1801,409,368
1804,214,192
1803,166,149
1806,242,218
1808,232,209
1801,183,160
1784,259,240
1785,249,231
1787,262,240
1788,280,256
1789,165,171
1790,229,210
1791,233,183
1792,243,214
1793,131,125
1797,420,414
1798,459,420
1800,442,405
1801,294,293
1802,327,294
1804,291,262
1806,295,265
1783,310,266
1784,80,62
1800,216,200
1801,273,250
1803,216,198
1804,214,196
1805,2,2
1807,219,201
1781,382,350
1782,319,292
1784,426,390
1785,322,295
1787,328,300
1791,390,354
1792,326,314
1793,400,366
1795,,
1800,546,500
1799,331,303
1805,146,134
1806,273,250
1807,121,111
1805,183,160
1801,419,377
1803,423,380
1789,76,71
1790,62,58
1790,215,200
1791,56,52
1793,,
1801,415,373
1808,310,279
1794,356,326
1800,121,112
1801,126,110
1782,356,326
1797,448,435
1799,459,420
1800,316,289
1802,311,280
1803,321,289
1805,341,307
1806,356,320
1782,256,238
1797,113,105
1786,226,210
1787,210,190
1789,250,118
1790,210,195
1791,197,197
1793,210,195
1794,147,136
1799,,
1797,251,230
1798,17,16
1800,153,140
1796,359,
1800,643,589
1802,385,346
1800,177,138
1801,122,104
1781,440,208
1789,463,397
1797,111,98
1745,185,150
1745,274,222
1746,318,261
1748,240,197
1751,246,214
1747,335,278
1748,488,405
1751,379,309
1744,148,131
1744,240,184
1745,354,294
1744,148,131
1738,234,221
1740,238,225
1744,218,206
1744,102,92
1740,206,167
1744,331,283
1745,171,140
1746,261,214
1747,317,257
1749,217,178
1750,291,239
1745,269,218
1745,474,394
1747,451,375
1736,358,290
1737,331,283
1739,331,283
1742,371,308
1743,398,331
1748,308,250
1746,240,197
1747,340,276
1746,259,215
1747,238,198
1749,409,350
1745,240,197
1747,439,360
1748,240,197
1750,406,329
1751,230,200
1745,,
1745,331,283
1754,105,93
1745,148,131
1747,,
1741,148,131
1742,148,131
1743,148,131
1744,148,131
1748,222,180
1753,251,215
1745,,
1747,61,50
1747,331,283
1749,380,316
1751,352,287
1752,352,287
1754,319,260
1747,240,197
1748,286,232
1748,102,92
1750,112,101
1751,102,92
1752,286,257
1753,266,239
1747,204,165
1747,500,415
1748,331,283
1747,299,245
1749,341,280
1747,237,203
1749,289,240
1775,148,131
1747,240,197
1747,148,131
1749,148,131
1750,148,131
1752,178,158
1753,172,153
1773,148,131
1747,839,697
1752,390,318
1749,240,197
1747,331,283
1747,240,197
1747,266,216
1748,191,163
1748,331,
1747,482,400
1749,331,283
1751,352,287
1752,347,283
1753,375,306
1754,233,190
1737,172,153
1740,172,153
1741,172,153
1742,240,197
1744,240,197
1745,,
1748,240,197
1748,240,197
1775,230,197
1749,126,103
1748,333,270
1749,240,197
1751,345,300
1778,310,266
1738,172,153
1739,172,153
1740,172,153
1741,172,153
1743,179,169
1744,193,182
1745,271,217
1748,296,240
1749,240,197
1752,230,210
1753,184,160
1755,219,190
1757,,
1748,331,283
1749,242,201
1751,352,287
1753,257,210
1755,196,160
1747,331,283
1744,148,131
1748,368,306
1749,331,283
1753,355,290
1754,267,218
1748,557,463
1751,430,370
1748,240,197
1750,220,180
1752,258,210
1753,173,150
1748,240,197
1750,210,170
1752,459,393
1753,429,350
1748,148,131
1751,90,68
1748,241,195
1750,415,340
1752,313,268
1748,380,308
1749,402,330
1751,230,197
1753,230,197
1755,321,275
1748,240,197
1750,327,268
1751,194,166
1752,315,274
1754,239,205
1755,230,197
1749,345,280
1748,300,243
1750,182,161
1752,242,210
1748,397,330
1750,331,283
1752,322,263
1753,424,346
1748,226,183
1750,162,133
1748,224,184
1750,233,191
1751,222,190
1752,120,103
1753,230,197
1739,172,153
1741,172,153
1742,271,217
1744,263,213
1747,317,260
1749,240,197
1751,113,97
1749,275,223
1750,380,312
1752,310,265
1779,359,328
1749,240,197
1750,240,197
1752,230,197
1753,313,268
1749,82,73
1750,100,89
1749,148,131
1749,489,406
1749,296,240
1750,240,197
1752,197,171
1749,194,157
1753,230,200
1755,210,180
1749,273,221
1749,351,300
1749,273,224
1750,198,162
1752,184,160
1754,238,204
1755,230,200
1756,230,197
1749,218,156
1749,331,
1749,271,225
1751,304,248
1749,288,246
1749,331,283
1748,240,
1749,34,31
1749,242,182
1751,230,197
1752,230,197
1749,172,153
1749,68,56
1751,192,167
1752,350,300
1754,254,225
1750,204,167
1749,100,89
1749,331,283
1750,331,283
1751,400,400
1752,478,390
1754,424,346
1755,337,275
1756,488,398
1759,440,359
1760,705,575
1762,352,287
1750,196,174
1752,258,224
1753,207,180
1755,337,256
1756,,
1756,196,160
1750,500,428
1750,172,153
1752,192,170
1754,338,300
1750,78,69
1751,122,108
1752,148,131
1750,138,113
1752,138,120
1750,138,113
1752,346,301
1749,421,350
1751,331,270
1752,249,203
1754,206,168
1749,331,283
1750,60,
1748,386,351
1750,335,275
1751,394,342
1753,266,228
1755,282,241
1750,176,144
1752,299,260
1753,315,270
1754,245,210
1750,136,121
1751,117,100
1751,243,208
1752,280,240
1754,182,156
1751,120,106
1752,110,81
1753,171,151
1751,114,100
1751,183,149
1752,183,149
1750,320,150
1752,200,160
1748,518,430
1755,180,188
1750,144,118
1750,220,148
1751,300,245
1756,352,287
1751,230,197
1751,,
1753,230,197
1754,176,144
1747,746,620
1750,240,
1750,172,153
1750,309,253
1752,292,254
1753,287,246
1755,238,204
1754,203,180
1756,198,173
1757,154,137
1758,214,190
1760,225,200
1761,171,151
1762,212,188
1765,174,154
1751,304,260
1753,84,72
1755,321,275
1756,230,197
1751,230,197
1751,230,197
1753,184,160
1755,222,190
1751,156,146
1751,375,306
1753,331,270
1755,299,260
1756,230,197
1756,270,231
1751,20,17
1751,300,208
1752,63,54
1751,148,131
1753,230,197
1757,268,229
1751,392,320
1752,392,320
1754,324,264
1755,387,316
1752,130,111
1754,96,82
1755,230,197
1752,178,155
1754,222,190
1752,171,149
1753,138,120
1755,210,180
1730,148,131
1734,148,131
1734,172,153
1735,172,153
1740,172,153
1741,172,153
1743,216,210
1744,232,219
1745,157,148
1747,257,208
1748,271,217
1750,171,140
1753,149,130
1754,171,151
1756,135,120
1752,164,140
1754,137,117
1752,184,150
1752,200,114
1751,129,114
1752,77,60
1752,168,144
1753,171,149
1752,319,260
1754,294,240
1752,230,197
1754,261,213
1754,334,286
1752,463,378
1752,397,340
1754,346,296
1755,224,195
1752,150,130
1754,251,215
1755,270,231
1744,169,150
1753,82,74
1753,207,167
1754,87,87
1754,234,200
1753,50,39
1753,36,28
1753,418,394
1753,230,197
1753,80,71
1755,101,90
1749,225,200
1756,176,156
1754,10,9
1752,83,65
1753,306,250
1755,352,287
1757,562,458
1758,398,325
1754,26,20
1753,170,148
1755,234,200
1757,230,204
1753,134,115
1755,257,220
1753,230,197
1755,230,197
1753,104,92
1754,124,110
1756,109,97
1753,352,287
1741,470,349
1743,368,306
1744,271,217
1746,359,298
1748,470,390
1750,386,351
1752,304,231
1754,143,122
1754,350,310
1756,126,110
1754,230,209
1755,372,304
1754,130,167
1754,355,290
1755,473,386
1757,,
1754,218,187
1756,269,234
1758,250,201
1759,117,100
1754,284,243
1756,437,380
1753,83,65
1754,262,214
1756,429,350
1754,303,243
1755,322,280
1756,,
1754,420,340
1754,243,198
1754,156,145
1755,352,287
1755,352,288
1754,230,197
1755,230,197
1755,429,350
1757,429,350
1759,447,365
1761,57,47
1754,306,250
1754,423,345
1755,164,140
1757,230,197
1754,88,69
1754,83,65
1754,237,203
1756,322,280
1758,393,336
1754,229,196
1756,230,197
1755,123,105
1754,100,89
1758,63,56
1755,199,170
1754,210,180
1754,238,204
1754,215,184
1756,247,215
1754,211,181
1755,175,150
1757,,
1753,230,197
1754,205,170
1755,143,133
1755,130,108
1754,319,260
1755,441,360
1757,472,385
1758,500,367
1760,203,166
1761,352,287
1762,504,270
1764,332,328
1754,160,151
1755,140,93
1756,135,120
1757,110,98
1755,215,184
1755,199,170
1754,102,92
1754,230,197
1756,276,240
1755,171,151
1762,250,
1739,474,380
1720,204,180
1725,273,236
1716,317,280
1717,359,300
1726,247,209
1734,335,286
1777,292,292
1731,169,150
1763,130,106
1722,485,379
1725,324,295
1772,289,250
1724,237,190
1776,119,93
1726,313,277
1775,169,150
1775,83,65
1765,200,240
1715,237,190
1726,272,226
1779,103,93
1773,203,180
1763,347,308
1775,253,224
1739,206,167
1763,350,297
1764,91,81
1768,169,150
1775,83,65
1723,250,229
1725,544,425
1717,419,370
1766,250,208
1764,564,470
1719,412,351
1727,211,180
1726,309,273
1719,237,190
1777,204,184
1720,273,236
1725,674,583
1756,193,150
1722,500,398
1724,414,410
1718,,
1724,419,327
1752,90,70
1717,554,463
1718,367,313
1725,286,253
1727,606,550
1762,,
1769,501,500
1723,417,349
1724,556,520
1719,117,94
1771,128,115
1764,200,173
1762,223,183
1759,100,86
1717,246,217
1718,219,189
1721,169,150
1723,69,63
1726,561,475
1769,306,250
1719,,
1718,237,190
1724,296,261
1718,386,351
1718,313,285
1721,240,120
1725,267,240
1721,110,104
1761,230,197
1722,237,190
1716,226,200
1722,253,244
1761,329,250
1725,509,463
1762,512,509
1761,282,250
1763,250,209
1716,650,543
1726,372,315
1762,126,98
1762,276,209
1717,237,190
1718,113,100
1719,190,160
1762,227,185
1762,,
1765,182,180
1775,352,287
1725,160,147
1721,,
1765,150,133
1724,412,375
1726,277,245
1718,366,312
1718,181,160
1722,237,190
1722,154,141
1771,79,70
1774,161,143
1774,,
1763,352,287
1725,250,249
1726,177,150
1738,407,348
1762,96,80
1718,80,61
1722,,273
1761,300,
1714,360,240
1768,196,174
1769,152,130
1771,250,208
1774,273,236
1774,345,281
1723,300,283
1724,285,252
1726,416,360
1765,109,89
1761,,
1763,150,130
1764,169,150
1767,450,360
1769,380,310
1770,486,420
1770,273,236
1772,478,390
1776,360,330
1774,110,98
1775,169,150
1718,291,266
1766,140,140
1726,437,378
1761,42,37
1774,332,269
1761,250,209
1722,118,104
1723,273,236
1716,100,80
1740,,
1728,295,254
1777,180,165
1722,212,198
1721,,
1775,352,287
1761,91,89
1773,250,208
1774,515,420
1777,500,454
1773,117,104
1723,457,356
1721,188,130
1778,510,467
1724,136,
1718,313,166
1716,369,188
1726,274,242
1763,169,
1717,436,306
1766,,
1714,154,123
1742,526,450
1744,566,470
1762,154,126
1718,203,180
1716,294,260
1718,359,267
1717,339,238
1721,,
1761,200,173
1722,237,190
1771,250,209
1777,359,328
1764,443,379
1767,230,197
1770,102,85
1766,232,189
1716,450,320
1726,263,239
1723,612,557
1727,179,143
1720,237,190
1724,469,366
1725,367,335
1723,237,190
1767,140,96
1774,203,180
1775,245,217
1763,366,299
1725,190,175
1726,344,286
1717,237,190
1721,185,160
1727,268,244
1759,,
1720,169,150
1720,273,236
1721,273,236
1726,630,545
1769,394,328
1772,169,150
1726,175,157
1726,310,250
1768,169,150
1771,273,236
1772,273,236
1719,120,104
1720,126,109
1721,125,108
1716,273,236
1773,245,200
1720,642,466
1726,515,446
1769,169,150
1717,215,180
1759,56,50
1775,352,287
1764,515,420
1765,319,260
1726,191,163
1725,237,190
1752,251,205
1767,352,287
1762,300,423
1766,169,150
1767,,
1730,162,133
1722,400,350
1761,169,150
1776,276,209
1772,248,220
1760,365,309
1717,335,280
1724,237,190
1763,364,312
1721,209,193
1716,437,377
1717,237,190
1719,233,201
1774,453,400
1774,100,89
1775,140,120
1763,515,481
1762,332,0
1765,106,88
1757,,
1720,284,251
1717,117,100
1717,380,352
1715,344,307
1717,238,210
1717,263,220
1716,299,250
1726,159,141
1772,182,156
1726,264,233
1764,368,300
1762,,
1726,194,177
1716,275,237
1726,60,55
1763,169,150
1725,164,147
1726,219,196
1715,215,208
1717,284,251
1721,386,351
1724,645,557
1767,200,200
1769,396,360
1719,179,160
1719,139,111
1720,237,190
1721,237,190
1723,185,175
1726,212,193
1767,380,390
1724,369,326
1725,260,230
1773,225,200
1774,225,200
1720,110,98
1726,40,35
1726,169,150
1726,33,29
1716,237,190
1718,273,236
1719,133,
1721,250,233
1722,250,
1722,300,294
1727,461,400
1760,98,80
1724,325,375
1728,450,150
1776,210,195
1777,210,195
1763,169,
1725,443,383
1776,359,328
1776,201,184
1723,282,203
1776,273,236
1766,169,150
1762,250,208
1723,400,366
1723,121,
1770,226,204
1727,412,340
1752,166,124
1750,208,180
1717,323,294
1723,300,299
1723,121,108
1761,386,351
1724,237,190
1762,300,259
1718,85,70
1721,202,153
1723,319,290
1726,180,154
1771,250,209
1724,570,445
1759,89,77
1727,199,176
1763,173,141
1718,365,285
1725,237,190
1760,169,150
1775,226,204
1722,294,257
1763,106,94
1725,,
1771,347,300
1726,357,315
1715,298,247
1722,237,190
1716,291,164
1765,218,178
1767,169,150
1775,270,231
1754,64,50
1724,300,256
1739,172,153
1737,286,260
1736,306,254
1738,273,236
1732,690,590
1736,240,197
1741,240,197
1742,197,160
1741,273,236
1721,231,184
1720,234,200
1721,252,223
1722,201,190
1725,166,152
1719,,
1721,266,222
1722,318,266
1720,200,184
1722,174,154
1720,273,241
1722,650,372
1722,370,320
1719,367,313
1725,304,263
1727,370,320
1722,107,100
1725,263,220
1725,,
1726,532,450
1731,322,273
1725,153,133
1720,113,98
1722,223,193
1723,449,375
1725,358,329
1721,311,260
1723,359,300
1729,169,150
1731,243,197
1720,143,130
1723,215,180
1730,350,303
1720,,
1721,262,221
1723,127,117
1717,226,200
1721,,
1722,,
1723,201,198
1714,438,375
1714,202,173
1714,121,108
1714,350,140
1714,253,188
1714,132,112
1714,204,200
1714,287,273
1715,10,8
1715,379,323
1715,260,220
1715,277,222
1715,176,141
1716,287,245
1715,187,160
1716,406,347
1716,157,134
1716,234,200
1716,367,310
1716,199,170
1717,208,186
1717,148,121
1717,456,390
1717,101,86
1717,415,355
1717,109,93
1717,257,220
1717,65,56
1717,184,220
1717,187,160
1718,133,119
1718,189,158
1718,113,97
1718,491,420
1718,227,196
1718,42,37
1718,256,219
1718,115,103
1718,494,396
1718,152,130
1718,154,132
1718,348,279
1719,274,234
1719,484,412
1719,316,270
1719,674,540
1719,373,319
1719,359,327
1719,499,427
1719,257,206
1719,407,348
1719,254,241
1719,189,162
1719,328,283
1719,110,98
1719,200,162
1719,282,241
1719,100,36
1720,285,244
1720,233,201
1720,371,297
1720,90,80
1720,165,141
1728,424,367
1721,87,70
1721,350,342
1721,500,371
1722,120,107
1722,240,192
1722,20,18
1722,135,108
1722,269,230
1723,200,197
1728,273,219
1723,350,271
1723,32,29
1723,63,63
1723,53,48
1724,368,315
1724,237,218
1724,426,360
1725,266,225
1725,327,262
1725,98,84
1726,62,51
1726,522,418
1726,185,148
1726,393,333
1729,709,678
1729,224,219
1729,61,50
1729,271,217
1729,121,108
1731,372,317
1731,247,200
1731,380,360
1733,171,140
1735,346,296
1735,309,257
1736,89,73
1736,573,490
1736,280,230
1738,178,152
1736,327,280
1737,102,87
1737,341,283
1738,384,328
1738,48,42
1738,202,164
1736,435,353
1736,374,320
1718,315,263
1718,514,430
1718,430,418
1718,239,200
1718,301,261
1718,178,149
1718,226,200
1718,101,87
1718,166,134
1718,256,214
1718,201,168
1718,460,420
1718,285,238
1719,370,320
1719,274,229
1719,311,260
1719,359,300
1719,144,120
1719,334,295
1719,215,180
1719,237,198
1719,150,125
1720,517,500
1720,118,100
1720,260,251
1720,330,282
1721,327,273
1728,488,405
1728,278,231
1728,301,250
1728,241,200
1729,425,360
1729,252,230
1729,602,500
1729,396,329
1729,337,280
1729,454,377
1729,160,130
1729,343,186
1729,195,162
1727,260,220
1727,376,312
1715,262,221
1721,311,296
1722,278,223
1723,271,217
1724,242,220
1724,261,209
1725,250,200
1725,225,180
1726,354,300
1726,227,182
1726,217,174
1726,342,274
1726,246,197
1726,180,144
1722,280,241
1722,265,205
1723,283,242
1723,142,115
1723,124,102
1724,37,30
1724,89,79
1724,50,47
1724,174,154
1724,140,120
1725,318,272
1725,415,355
1725,195,167
1725,225,192
1725,179,147
1725,82,70
1725,51,45
1725,194,166
1726,240,197
1726,220,180
1726,175,150
1726,158,140
1726,174,155
1726,172,141
1726,244,200
1721,125,100
1724,140,112
1724,60,49
1725,49,44
1727,285,228
1727,232,196
1727,218,193
1727,187,150
1728,324,280
1728,333,288
1729,412,330
1729,336,290
1729,225,180
1730,524,450
1730,268,230
1730,408,350
1730,238,206
1729,146,120
1730,162,130
1730,530,440
1717,272,218
1717,19,17
1717,75,60
1718,187,160
1718,86,76
1718,14,12
1717,46,39
1719,125,95
1723,221,192
1724,143,122
1724,205,150
1727,218,215
1727,255,218
1731,116,99
1734,115,102
1734,170,145
1732,230,197
1737,221,181
1737,341,280
1738,323,309
1738,280,230
1738,128,105
1738,273,233
1738,198,176
1739,509,435
1733,200,164
1733,370,316
1733,331,283
1731,331,283
1730,,
1731,330,274
1731,453,394
1731,449,384
1731,,
1731,339,290
1731,264,226
1731,240,197
1731,,
1732,315,252
1731,309,264
1731,357,297
1731,121,108
1731,202,168
1731,167,148
1731,240,195
1731,240,197
1731,224,186
1731,331,283
1731,131,112
1731,357,297
1732,512,452
1731,331,283
1731,,
1731,172,
1731,99,88
1731,331,283
1730,331,283
1731,175,150
1731,357,297
1732,236,196
1731,331,283
1732,97,83
1732,240,210
1732,570,490
1732,,90
1732,279,232
1732,240,197
1732,453,376
1732,327,265
1732,331,283
1732,285,237
1732,331,283
1732,227,184
1732,471,470
1732,331,283
1733,240,197
1732,173,140
1732,250,208
1732,,
1733,349,290
1732,121,108
1733,170,154
1733,306,262
1733,147,119
1733,63,52
1733,181,150
1733,365,303
1732,331,283
1732,331,283
1734,112,92
1732,634,542
1733,331,283
1734,331,283
1734,240,197
1734,419,340
1733,331,283
1733,75,64
1734,248,206
1734,283,235
1734,121,108
1734,240,197
1735,67,55
1734,96,85
1734,456,412
1734,196,
1734,240,197
1735,195,160
1735,290,248
1734,240,197
1735,444,380
1735,365,364
1735,597,496
1736,409,303
1735,181,155
1736,496,412
1736,454,388
1736,386,330
1737,331,283
1737,240,197
1736,211,180
1736,323,262
1737,240,197
1737,331,283
1736,331,283
1736,240,197
1736,158,149
1737,264,239
1737,331,283
1736,,
1737,508,422
1737,240,197
1737,331,283
1737,338,289
1739,319,273
1737,240,197
1738,226,188
1737,121,108
1737,331,283
1714,320,294
1738,550,457
1737,331,283
1739,196,161
1737,331,283
1738,331,283
1739,323,268
1740,385,335
1739,331,283
1740,331,283
1740,331,283
1739,240,197
1739,223,185
1739,331,283
1739,244,198
1740,316,282
1738,321,260
1739,104,85
1740,274,234
1743,142,116
1739,331,283
1740,190,90
1740,240,197
1740,291,280
1735,440,400
1736,550,438
1738,336,306
1722,300,251
1723,140,117
1725,500,465
1726,50,44
1723,237,190
1763,325,278
1758,200,163
1758,210,200
1723,370,320
1723,237,190
1724,237,190
1720,,
1754,169,
1724,237,190
1726,418,354
1725,237,190
1726,271,217
1726,271,217
1727,370,320
1725,487,380
1724,311,260
1727,386,351
1726,271,217
1726,271,217
1728,250,203
1728,271,217
1727,213,180
1727,290,240
1731,271,217
1715,142,126
1716,183,165
1723,20,16
1723,237,190
1730,447,395
1734,510,505
1737,206,169
1730,319,290
1715,410,373
1715,383,243
1730,277,245
1730,647,647
1717,502,347
1717,594,243
1719,266,208
1725,570,445
1731,481,438
1737,446,357
1725,196,174
1727,141,125
1729,273,
1727,160,144
1773,116,90
1765,429,350
1779,25,23
1777,360,330
1775,288,235
1776,277,270
1775,298,243
1777,303,279
1778,556,509
1780,506,463
1764,200,163
1778,359,328
1770,90,80
1780,214,197
1764,367,313
1776,119,93
1775,102,92
1777,113,105
1779,113,105
1775,229,199
1776,114,106
1777,214,197
1776,214,197
1778,359,328
1766,83,65
1777,210,195
1775,230,197
1770,284,232
1779,210,195
1766,140,150
1778,233,215
1767,169,150
1776,214,198
1776,119,93
1777,214,197
1770,162,132
1773,152,130
1764,92,72
1769,480,392
1776,359,328
1777,500,458
1764,273,236
1774,83,65
1769,387,288
1764,169,150
1775,120,95
1779,400,394
1777,279,240
1764,169,150
1763,6,5
1776,,
1767,234,200
1775,352,287
1777,359,328
1775,321,311
1765,75,64
1763,89,73
1766,120,110
1774,292,250
1756,40,35
1756,83,65
1757,180,154
1756,143,
1758,83,65
1755,150,133
1755,169,150
1755,200,177
1756,306,250
1757,80,68
1757,83,65
1757,109,97
1777,330,302
1744,363,294
1750,273,236
1754,250,208
1753,273,236
1755,230,143
1730,331,283
1775,352,287
1742,403,335
1742,240,197
1741,331,283
1741,,
1743,220,196
1741,165,134
1743,330,311
1742,331,283
1741,331,283
1741,200,
1742,173,154
1742,240,197
1742,331,
1742,331,283
1743,331,283
1743,,
1744,339,275
1744,116,103
1744,482,400
1744,121,108
1745,114,101
1745,301,250
1746,626,520
1745,240,197
1747,331,283
1747,349,290
1749,331,283
1750,240,197
1750,130,111
1751,199,173
1751,420,380
1750,,
1753,349,285
1752,409,400
1751,345,281
1752,230,197
1752,368,300
1751,,
1752,196,160
1752,21,17
1752,68,60
1752,94,85
1752,230,197
1753,230,197
1753,89,73
1753,113,92
1753,490,400
1753,352,287
1753,218,178
1753,331,270
1753,352,287
1753,,
1753,352,288
1753,230,197
1754,41,32
1754,187,160
1753,230,
1754,324,287
1754,230,197
1754,352,287
1753,230,197
1754,352,287
1755,30,26
1754,40,36
1754,230,197
1755,54,48
1755,278,227
1754,83,65
1755,230,197
1755,230,197
1756,20,16
1756,80,62
1755,352,288
1755,352,288
1756,417,340
1756,230,197
1757,230,197
1756,171,151
1758,352,288
1757,200,163
1757,409,334
1757,352,288
1756,352,288
1757,230,197
1757,368,300
1757,171,151
1758,120,98
1774,16,14
1758,269,230
1759,700,571
1759,428,350
1758,230,197
1758,171,151
1759,337,288
1788,130,106
1783,250,212
1795,149,126
1796,10,8
1698,244,209
1701,357,319
1711,237,190
1718,244,209
1724,118,105
1724,118,105
1724,212,194
1725,386,351
1725,118,105
1725,260,230
1725,260,230
1725,212,194
1726,386,351
1726,331,283
1727,331,283
1727,357,319
1729,386,351
1730,386,351
1729,118,105
1729,331,283
1731,465,403
1731,406,356
1732,406,356
1733,260,230
1767,40,36
1783,85,80
1783,223,211
1783,40,38
1783,98,93
1789,492,412
1793,386,267
1795,492,412
1799,353,324
1800,386,267
1801,294,266
1801,492,412
1802,492,412
1802,390,353
1802,389,353
1802,310,279
1802,188,170
1802,475,436
1802,475,436
1802,475,436
1802,475,436
1803,514,421
1803,492,412
1803,492,412
1803,448,375
1803,492,412
1803,307,265
1803,492,412
1804,390,353
1804,162,147
1805,259,235
1805,390,353
1805,390,353
1805,492,412
1805,492,412
1805,390,353
1806,390,353
1806,492,412
1807,220,199
1807,530,473
1807,390,353
1807,492,412
1807,239,217
1819,390,353
1819,390,353
1819,183,160
1819,239,217
1819,220,210
1819,239,217
1819,600,540
1819,239,217
1820,239,217
1820,273,250
1820,530,
1820,398,355
1820,390,353
1820,530,473
1820,273,250
1821,239,217
1821,239,217
1821,183,160
1821,390,353
1821,239,217
1821,239,217
1821,183,160
1821,239,217
1821,530,473
1821,299,277
1822,344,307
1822,390,353
1822,273,250
1822,183,160
1822,273,250
1822,273,250
1822,530,473
1823,183,160
1823,530,473
1823,390,353
1824,380,348
1824,390,353
1824,475,436
1825,273,250
1825,273,250
1826,257,242
1826,257,242
1826,257,242
1826,449,421
1826,490,444
1826,490,444
1826,307,277
1827,449,421
1827,449,421
1827,449,421
1827,307,277
1827,449,421
1827,578,533
1827,307,277
1828,600,502
1830,308,
1820,448,420
1830,514,421
1830,372,233
1830,578,533
1831,490,444
1833,307,277
1836,490,444
1836,490,444
1837,257,242
1837,118,105
1837,307,277
1837,449,421
1837,257,242
1837,257,242
1838,490,444
1838,307,277
1838,490,444
1839,490,444
1839,376,335
1839,257,242
1839,514,421
1839,490,444
1839,490,444
1839,514,421
1839,514,421
1840,118,105
1840,307,277
1840,257,242
1840,572,517
1840,490,444
1840,490,444
1840,490,444
1840,490,444
1840,257,242
1840,307,277
1840,257,242
1841,578,533
1841,490,444
1841,257,242
1841,118,105
1841,490,444
1841,490,444
1841,118,105
1841,572,517
1841,600,491
1841,490,444
1841,490,444
1841,490,444
1841,490,444
1842,490,444
1842,664,362
1842,490,444
1842,572,517
1842,118,105
1842,490,444
1842,308,277
1842,490,444
1842,490,444
1842,572,517
1842,490,444
1843,719,651
1843,257,242
1844,118,105
1844,118,105
1844,490,444
1844,490,444
1845,481,430
1845,572,517
1845,490,444
1845,257,242
1846,490,444
1846,490,444
1846,490,444
1846,490,444
1846,490,444
1846,490,444
1847,490,444
1847,307,277
1847,490,444
1847,481,430
1847,490,444
1847,307,277
1847,490,444
1848,490,444
1848,490,444
1848,490,444
1848,490,444
1848,490,444
1848,572,517
1848,572,517
1849,490,444
1850,490,444
1851,401,367
1851,118,105
1851,550,458
1826,34,32
1748,270,244
1748,487,422
1748,386,335
1748,419,363
1748,425,366
1748,350,313
1748,201,182
1748,252,225
1748,346,290
1748,507,424
1748,365,326
1748,419,363
1748,498,432
1748,360,322
1748,129,110
1748,164,145
1748,460,416
1748,249,216
1748,480,416
1748,287,260
1748,680,569
1749,272,193
1749,741,499
1749,448,401
1749,118,107
1749,397,355
1749,495,448
1749,355,266
1749,204,170
1749,399,334
1749,311,278
1749,504,437
1749,449,367
1749,339,312
1749,621,520
1749,369,317
1749,356,309
1749,232,210
1749,316,286
1749,381,319
1749,328,293
1749,445,398
1749,408,354
1749,319,277
1749,423,269
1749,593,537
1750,225,177
1758,463,416
1758,404,361
1758,291,266
1758,350,313
1758,359,336
1758,637,569
1758,562,505
1758,242,226
1758,386,361
1758,490,403
1758,315,295
1758,500,443
1758,333,290
1758,294,275
1758,478,430
1758,545,510
1758,519,485
1758,495,463
1758,629,526
1758,229,214
1758,551,427
1758,371,344
1758,243,215
1758,371,332
1762,447,400
1762,306,289
1764,446,417
1762,180,159
1762,514,382
1762,433,389
1762,239,223
1762,705,545
1762,227,212
1762,314,294
1762,488,409
1762,424,317
1762,414,404
1762,295,261
1762,536,501
1762,504,450
1762,472,441
1762,371,347
1762,370,352
1762,253,224
1762,235,220
1762,406,394
1762,359,318
1763,550,460
1763,380,
1763,346,310
1763,414,387
1763,301,266
1763,270,252
1763,279,247
1763,346,324
1763,432,404
1763,351,328
1763,309,289
1763,240,212
1763,580,518
1763,422,395
1763,376,352
1763,276,258
1763,400,374
1763,371,347
1763,404,378
1763,252,223
1764,345,323
1764,512,479
1764,326,289
1764,526,492
1764,412,365
1764,317,296
1764,84,76
1764,557,414
1764,457,277
1764,351,328
1764,472,441
1764,275,257
1764,554,498
1764,386,361
1764,403,377
1764,519,448
1765,706,671
1765,506,452
1765,376,352
1765,409,382
1765,347,324
1765,521,487
1765,401,355
1765,245,217
1765,344,293
1765,408,381
1765,225,199
1765,323,286
1765,308,288
1765,442,413
1765,362,338
1765,467,413
1765,458,428
1765,564,507
1765,435,407
1765,383,339
1765,448,399
1765,405,360
1765,483,434
1765,371,347
1765,369,332
1765,303,268
1765,340,304
1766,429,382
1766,392,347
1766,441,394
1766,344,322
1766,388,358
1766,403,362
1766,427,381
1766,222,207
1766,352,329
1766,520,454
1766,433,405
1766,365,341
1766,521,490
1766,251,222
1766,302,267
1766,337,298
1766,446,387
1766,346,303
1766,236,209
1766,553,497
1766,385,341
1766,375,332
1766,371,347
1767,224,199
1766,427,399
1767,361,310
1767,386,361
1767,463,416
1767,514,462
1767,426,377
1767,320,302
1767,229,195
1767,403,377
1767,351,328
1767,350,310
1767,301,266
1767,580,518
1767,300,281
1767,248,242
1767,259,241
1767,407,381
1767,403,377
1767,356,333
1767,403,377
1767,388,343
1767,224,206
1767,467,420
1767,295,192
1767,322,285
1768,263,228
1767,367,325
1769,301,241
1769,400,374
1769,290,257
1769,301,269
1769,325,304
1769,377,352
1769,345,305
1769,306,286
1769,405,379
1769,227,201
1769,258,241
1769,353,330
1769,353,330
1769,329,291
1769,336,314
1769,365,323
1769,462,432
1771,253,224
1771,297,277
1771,253,224
1771,253,224
1771,407,381
1771,212,194
1771,354,331
1771,316,284
1771,253,224
1771,211,188
1771,253,224
1771,349,328
1771,452,400
1771,297,277
1771,297,277
1771,466,407
1771,253,224
1771,297,277
1771,344,322
1771,212,194
1772,490,458
1786,354,324
1786,386,351
1756,94,94
1756,348,155
1757,154,135
1757,234,183
1757,508,379
1758,153,137
1758,189,173
1758,165,161
1758,182,144
1761,147,146
1761,171,153
1762,189,182
1762,141,138
1763,177,175
1763,185,145
1764,200,126
1765,176,167
1766,139,126
1767,163,155
1774,233,228
1774,178,176
1759,565,378
1776,488,449
1775,156,149
1775,204,197
1775,209,201
1749,245,236
1749,341,302
1771,286,253
1771,313,277
1771,453,405
1771,333,298
1771,365,323
1771,337,301
1771,288,255
1771,443,392
1771,311,275
1771,566,529
1771,452,404
1771,694,581
1645,404,307
1695,244,209
1695,244,209
1663,224,175
1663,373,150
1663,180,125
1663,229,159
1663,259,197
1663,9,8
1664,209,145
1664,242,168
1664,267,185
1664,280,194
1664,478,363
1664,294,230
1664,302,282
1664,112,90
1664,346,272
1664,256,178
1663,21,17
1663,251,174
1664,400,307
1664,316,247
1664,340,236
1665,259,244
1664,,
1664,,
1664,,
1665,298,233
1665,577,500
1664,,
1664,404,307
1664,278,193
1664,108,92
1662,,
1664,184,130
1664,251,174
1664,330,330
1664,215,149
1663,251,174
1664,321,223
1664,398,276
1663,351,281
1665,238,165
1663,179,158
1664,251,174
1663,316,247
1665,300,243
1665,622,498
1664,179,158
1666,316,247
1665,195,152
1665,275,215
1665,404,307
1664,316,247
1665,191,164
1664,204,155
1666,215,149
1664,404,307
1665,404,307
1665,316,247
1664,245,170
1664,179,158
1664,119,100
1665,278,211
1665,474,329
1665,316,247
1665,286,217
1665,129,98
1665,143,112
1665,268,186
1665,666,462
1665,251,174
1666,225,156
1666,170,118
1666,352,244
1666,293,203
1666,275,191
1666,210,146
1668,213,166
1665,232,161
1667,240,208
1667,272,207
1666,398,319
1666,576,400
1667,404,307
1666,147,102
1670,278,212
1672,149,119
1693,381,331
1689,657,570
1689,330,286
1689,291,202
1689,381,331
1689,226,157
1689,251,174
1688,404,307
1689,323,280
1688,316,247
1689,251,174
1684,282,214
1684,282,221
1684,410,122
1684,179,136
1685,560,502
1684,176,153
1685,376,326
1685,310,242
1685,379,329
1685,115,80
1685,362,325
1685,212,161
1685,260,214
1685,200,180
1688,380,331
1685,249,216
1686,166,115
1685,251,174
1685,254,176
1686,528,458
1687,84,64
1686,369,320
1686,404,307
1676,232,161
1675,91,73
1675,396,317
1675,521,417
1675,462,351
1675,333,231
1675,387,310
1675,563,458
1675,151,105
1675,407,318
1675,157,109
1675,301,209
1674,531,415
1675,104,72
1675,409,328
1694,600,486
1694,600,573
1693,413,314
1693,450,275
1693,111,86
1693,421,401
1692,635,584
1691,598,460
1692,208,184
1692,530,472
1694,400,383
1695,618,596
1694,650,195
1694,700,372
1695,202,178
1695,586,498
1695,133,131
1699,167,127
1699,629,530
1699,573,500
1698,151,151
1698,678,515
1698,360,345
1697,616,430
1697,562,512
1696,605,502
1702,247,211
1699,291,221
1700,224,200
1700,552,492
1700,376,301
1700,606,376
1700,375,285
1700,52,46
1700,169,149
1700,600,466
1700,450,382
1700,191,149
1701,356,303
1701,209,178
1705,141,113
1707,121,115
1706,430,358
1706,330,285
1706,104,101
1708,550,507
1708,531,500
1708,140,123
1708,603,525
1710,138,92
1708,180,145
1708,250,235
1708,300,283
1707,78,75
1707,222,199
1709,307,284
1711,200,161
1710,300,251
1710,306,288
1709,120,104
1708,301,287
1709,65,52
1709,491,435
1708,120,110
1708,64,51
1716,100,80
1723,138,118
1723,150,140
1702,176,117
1689,150,129
1690,555,422
1691,572,435
1691,174,150
1691,160,155
1688,120,95
1688,150,140
1689,300,253
1689,188,143
1689,282,246
1689,500,500
1689,562,436
1689,662,503
1689,415,259
1690,400,359
1687,281,236
1687,140,102
1688,250,238
1687,375,369
1687,524,454
1687,429,326
1687,464,353
1688,575,437
1688,430,420
1687,110,80
1688,467,355
1688,233,206
1685,384,262
1685,258,179
1686,267,111
1686,153,146
1686,651,321
1685,268,204
1686,170,145
1686,121,84
1686,366,317
1686,200,187
1686,319,277
1686,400,246
1686,218,166
1686,267,203
1686,201,153
1686,279,158
1686,535,394
1686,457,347
1686,180,125
1686,278,211
1686,200,187
1686,582,442
1686,624,474
1686,492,374
1686,426,369
1686,35,30
1686,217,192
1686,117,103
1686,77,68
1683,170,147
1683,196,176
1683,260,175
1683,531,231
1683,448,221
1684,330,134
1684,200,139
1684,343,235
1684,320,256
1684,610,580
1684,530,443
1684,230,215
1684,153,136
1684,397,306
1684,90,74
1684,311,216
1684,529,459
1684,651,495
1684,130,110
1684,270,234
1681,549,476
1681,320,175
1681,250,172
1681,66,55
1681,235,59
1681,479,415
1681,408,310
1682,280,163
1682,218,178
1682,230,217
1682,146,119
1681,469,407
1682,164,114
1682,24,19
1682,200,180
1682,315,300
1682,672,511
1682,100,90
1682,467,355
1682,686,521
1682,395,296
1680,551,478
1680,622,473
1680,307,182
1680,214,180
1680,560,400
1680,71,59
1680,410,325
1681,146,101
1681,213,199
1681,70,67
1681,288,219
1681,400,170
1681,550,504
1681,83,77
1681,227,162
1681,212,73
1681,40,20
1681,492,410
1681,500,321
1681,155,118
1681,232,130
1681,228,174
1681,529,470
1678,350,280
1678,497,388
1678,238,186
1678,209,163
1678,376,286
1678,417,329
1678,447,385
1678,465,372
1679,217,197
1679,311,216
1679,230,218
1679,207,184
1679,505,293
1679,51,40
1679,278,193
1679,151,105
1679,191,152
1679,209,177
1679,254,239
1679,356,172
1679,223,176
1679,320,200
1680,277,216
1680,251,174
1680,182,126
1680,565,490
1680,401,278
1680,708,476
1680,330,298
1680,170,141
1680,520,479
1680,207,144
1676,235,163
1676,302,286
1676,251,174
1676,133,92
1676,430,372
1676,250,198
1676,144,100
1676,315,224
1676,256,220
1676,600,574
1676,343,242
1676,400,324
1676,391,313
1677,475,371
1677,410,167
1677,173,120
1677,219,152
1677,512,400
1677,437,375
1677,194,155
1677,340,240
1677,611,477
1677,222,154
1678,219,152
1678,766,582
1678,418,318
1678,348,268
1678,199,138
1678,283,245
1673,275,220
1674,342,322
1674,215,204
1674,377,280
1674,399,277
1674,291,202
1674,327,262
1713,596,485
1715,596,470
1717,704,585
1719,595,554
1721,603,447
1723,455,347
1725,643,611
1727,,
1708,613,463
1710,713,705
1712,611,571
1715,601,373
1717,540,530
1719,719,611
1720,,
1676,524,477
1679,364,331
1689,415,322
1710,195,168
1715,166,151
1717,175,174
1677,467,394
1686,330,300
1706,524,511
1708,680,573
1710,520,430
1719,500,455
1724,427,331
1726,476,288
1728,476,458
1732,400,330
1700,111,71
1686,345,252
1692,497,419
1710,139,83
1722,615,560
1723,722,637
1726,442,258
1729,507,420
1731,753,517
1733,866,608
1736,710,602
1700,571,565
1702,524,477
1735,768,745
1739,809,740
1702,650,568
1705,635,615
1706,705,650
1691,512,487
1709,494,444
1714,467,394
1715,140,127
1717,467,394
1718,345,303
1727,563,409
1730,409,371
1733,563,510
1699,450,325
1696,594,514
1708,425,171
1710,472,458
1676,467,394
1704,171,158
1708,196,183
1700,188,188
1698,601,494
1707,534,507
1709,459,400
1704,513,486
1705,548,421
1685,524,477
1685,500,369
1687,541,417
1694,467,394
1720,132,109
1683,600,417
1707,536,428
1685,500,480
1693,525,453
1714,620,548
1689,539,503
1687,539,454
1676,467,394
1693,474,417
1695,467,394
1696,575,485
1698,570,529
1701,566,495
1693,731,665
1726,286,225
1734,618,494
1736,571,461
1701,500,400
1678,467,394
1722,,
1701,524,477
1703,542,502
1705,473,399
1707,559,471
1721,319,274
1723,340,313
1724,144,121
1726,385,217
1732,362,330
1733,360,350
1735,370,340
1736,375,301
1676,500,494
1685,474,417
1688,550,501
1691,781,766
1723,290,277
1715,546,459
1718,683,449
1720,335,324
1721,208,188
1723,176,158
1725,657,581
1716,153,136
1678,467,394
1682,524,477
1688,471,464
1689,500,474
1694,524,477
1698,536,488
1701,674,642
1726,217,186
1701,505,439
1716,257,242
1702,238,217
1703,,
1722,10,9
1685,373,289
1716,145,141
1685,467,394
1686,586,554
1692,467,394
1682,524,477
1688,482,406
1698,467,394
1700,528,465
1697,248,228
1684,467,394
1688,467,394
1697,529,446
1675,524,477
1725,390,372
1727,626,555
1730,550,531
1732,475,438
1735,556,521
1736,629,612
1699,410,346
1685,906,730
1687,524,477
1700,503,379
1675,604,550
1728,767,672
1699,550,464
1705,452,395
1681,467,394
1683,467,394
1685,467,394
1714,554,439
1716,434,429
1718,500,430
1720,596,450
1723,644,598
1728,250,210
1735,200,180
1682,302,255
1687,539,454
1711,626,584
1680,483,407
1686,485,303
1676,467,394
1699,136,124
1719,429,350
1687,550,501
1711,654,595
1697,952,853
1731,374,306
1734,461,400
1736,469,411
1739,524,416
1688,177,162
1738,596,458
1707,740,601
1708,673,496
1684,524,477
1686,508,465
1720,400,343
1721,465,406
1722,562,471
1724,605,535
1726,747,676
1727,748,682
1729,708,636
1731,629,553
1733,714,673
1735,645,280
1738,700,14
1702,460,395
1701,420,386
1734,166,136
1681,500,452
1694,524,477
1691,499,469
1707,571,311
1710,572,490
1716,532,513
1719,535,191
1683,488,419
1722,525,40
1723,778,746
1726,590,510
1729,778,602
1707,510,495
1692,200,169
1679,398,336
1681,467,394
1683,282,252
1691,210,169
1687,525,443
1689,208,175
1676,343,306
1685,715,629
1688,474,417
1695,505,426
1699,372,314
1703,431,363
1705,348,284
1698,524,477
1701,499,430
1704,624,568
1706,547,394
1709,523,464
1691,460,445
1694,563,475
1698,534,498
1699,620,523
1702,387,331
1689,464,424
1692,606,511
1694,524,477
1709,398,187
1676,450,379
1683,467,394
1686,499,421
1722,661,558
1725,453,431
1727,684,610
1730,664,544
1734,716,374
1675,481,414
1688,500,420
1688,481,414
1688,474,417
1688,173,146
1727,,
1675,467,394
1701,365,315
1703,513,379
1705,771,667
1707,558,439
1715,102,79
1724,587,525
1726,627,557
1716,563,480
1717,477,420
1708,524,477
1710,517,451
1712,585,476
1693,467,394
1681,692,630
1681,467,394
1684,500,491
1687,524,477
1734,162,149
1736,173,144
1714,572,557
1680,524,477
1727,751,675
1729,779,602
1732,394,132
1735,760,411
1737,800,712
1698,106,96
1724,780,692
1726,789,687
1729,645,562
1731,625,572
1737,800,775
1680,483,483
1725,517,501
1676,103,86
1688,150,130
1701,690,671
1719,400,350
1677,474,417
1707,487,420
1716,194,194
1676,524,477
1677,402,281
1681,402,281
1680,433,394
1684,437,427
1704,382,321
1690,467,394
1681,521,439
1683,520,440
1687,467,394
1722,433,400
1724,419,375
1727,378,374
1732,647,543
1734,607,563
1736,670,639
1730,433,343
1732,493,438
1706,190,177
1685,467,394
1688,467,394
1701,664,459
1702,439,386
1705,667,562
1686,508,484
1689,481,414
1683,467,394
1682,200,169
1684,200,170
1699,638,568
1701,762,647
1699,548,531
1701,496,468
1695,350,220
1698,468,403
1749,227,212
1759,360,336
1761,340,317
1763,375,350
1765,342,319
1766,322,300
1754,246,220
1765,310,277
1767,254,220
1742,203,176
1744,259,225
1746,347,300
1768,312,270
1741,232,187
1743,317,268
1788,266,230
1764,247,230
1765,258,241
1767,223,208
1744,147,135
1746,173,150
1765,161,150
1770,301,276
1772,323,302
1773,323,302
1775,247,230
1746,282,244
1747,218,200
1750,169,146
1752,302,261
1764,313,271
1767,332,287
1769,302,282
1762,311,290
1764,322,300
1765,268,250
1767,214,200
1772,318,314
1775,313,310
1777,260,249
1779,325,283
1780,,
1789,272,250
1773,289,250
1787,347,300
1744,293,223
1771,230,36
1792,223,202
1763,333,307
1765,343,316
1767,323,298
1769,341,314
1770,327,300
1772,305,280
1774,347,300
1753,297,257
1743,550,460
1748,460,400
1760,429,400
1762,323,302
1763,399,372
1765,224,200
1767,214,200
1765,354,330
1767,193,180
1764,324,280
1790,168,150
1767,293,270
1769,288,269
1758,536,500
1760,544,508
1762,323,302
1764,323,302
1766,429,400
1768,279,260
1748,328,306
1750,324,280
1751,276,246
1753,323,279
1755,289,250
1756,302,270
1758,317,274
1745,496,463
1749,543,507
1756,228,212
1758,405,402
1764,370,320
1765,428,370
1767,313,271
1742,341,322
1744,370,340
1781,309,277
1766,242,226
1762,319,298
1764,203,193
1767,315,266
1781,309,277
1753,310,277
1754,279,249
1756,300,280
1758,273,236
1773,462,400
1777,578,500
1781,313,271
1765,263,240
1767,247,230
1769,247,230
1791,289,250
1785,200,150
1745,291,267
1747,292,253
1757,318,276
1759,335,290
1761,349,302
1762,350,303
1764,318,275
1766,261,227
1770,296,276
1772,462,400
1754,246,220
1756,283,260
1757,370,320
1759,335,290
1761,347,300
1763,324,280
1758,382,356
1759,386,360
1761,262,244
1762,364,340
1768,260,225
1770,321,300
1772,269,250
1775,335,286
1777,303,298
1785,242,155
1733,303,279
1734,303,279
1736,303,279
1738,303,279
1741,303,279
1742,234,215
1744,265,260
1745,313,287
1746,299,279
1748,312,291
1745,336,300
1748,327,300
1751,272,235
1752,320,286
1754,289,250
1756,283,245
1791,319,276
1793,356,308
1787,465,427
1790,310,
1767,228,28
1742,219,207
1743,298,289
1746,376,322
1749,270,212
1752,289,273
1787,151,135
1742,225,196
1744,338,271
1748,328,294
1741,246,206
1763,370,320
1768,382,330
1770,405,350
1771,460,398
1773,347,300
1775,284,279
1766,289,250
1732,303,279
1739,303,279
1741,270,226
1743,268,246
1744,310,285
1749,272,250
1751,288,250
1753,260,225
1755,351,304
1762,266,230
1764,310,289
1766,268,250
1767,268,250
1769,268,250
1770,279,260
1773,323,302
1775,364,340
1777,268,250
1780,347,300
1765,273,257
1768,304,301
1770,327,326
1771,400,388
1773,326,317
1776,255,249
1778,275,267
1780,365,304
1775,313,271
1777,312,270
1774,120,109
1776,168,145
1770,323,302
1772,347,300
1733,316,294
1735,309,
1763,381,340
1779,224,200
1785,347,300
1767,313,287
1734,223,205
1781,270,225
1764,291,260
1766,231,200
1768,266,230
1770,231,200
1772,231,200
1774,297,257
1776,200,200
1779,224,200
1784,347,300
1793,172,148
1803,72,62
1762,258,237
1764,245,219
1803,310,277
1766,249,215
1767,231,200
1751,279,260
1753,289,250
1755,289,250
1756,416,388
1759,303,279
1761,345,298
1762,269,233
1764,269,240
1765,,
1776,231,200
1778,324,280
1767,290,89
1770,306,265
1772,365,316
1786,288,249
1774,96,90
1754,313,271
1766,289,250
1745,414,380
1747,347,260
1791,231,200
1793,231,200
1756,313,271
1755,289,250
1757,428,405
1758,552,496
1765,229,199
1769,313,271
1772,231,200
1773,236,220
1775,208,180
1778,231,200
1780,291,252
1763,208,180
1765,182,170
1784,170,147
1792,150,130
1777,289,250
1779,347,300
1766,348,325
1768,300,280
1769,300,280
1771,300,280
1773,268,250
1778,429,400
1767,380,356
1734,303,279
1735,303,279
1737,303,279
1741,368,350
1743,282,259
1748,303,279
1739,356,276
1741,308,288
1743,301,260
1743,324,290
1766,310,277
1768,268,250
1769,268,250
1771,268,250
1772,290,270
1774,362,338
1777,231,200
1771,244,228
1773,268,250
1774,268,250
1776,180,156
1778,185,160
1758,620,578
1759,632,590
1770,117,116
1771,189,183
1773,108,107
1775,163,132
1779,202,197
1781,303,279
1757,301,276
1771,295,271
1773,347,300
1776,319,276
1785,309,277
1773,243,210
1775,200,150
1740,293,226
1741,325,297
1743,263,233
1744,268,250
1789,179,160
1788,162,140
1747,628,543
1793,17,15
1771,462,400
1762,303,279
1763,273,236
1765,231,200
1767,228,210
1768,243,210
1770,254,220
1771,225,210
1765,429,400
1744,393,367
1746,484,452
1748,317,278
1754,348,301
1756,390,356
1758,416,360
1760,438,379
1762,405,350
1763,434,375
1765,336,300
1769,271,260
1770,403,370
1771,462,400
1774,277,240
1775,324,280
1746,480,450
1747,310,277
1749,538,480
1751,235,203
1754,414,370
1756,392,350
1767,288,269
1769,228,210
1771,268,250
1772,279,260
1774,279,260
1775,300,280
1778,231,200
1790,235,203
1763,418,390
1765,352,328
1766,353,329
1769,268,250
1771,236,220
1773,279,260
1775,236,220
1793,254,220
1749,310,278
1752,241,215
1754,224,205
1732,324,290
1744,292,268
1746,305,280
1747,249,215
1750,200,173
1751,265,27
1754,220,217
1755,279,266
1757,289,260
1759,428,424
1761,455,353
1763,413,407
1747,244,224
1750,303,279
1754,303,279
1740,262,258
1742,280,260
1743,309,308
1744,307,286
1746,374,343
1747,375,350
1745,594,410
1748,254,171
1773,272,250
1775,279,260
1777,268,250
1779,289,250
1785,150,
1750,383,357
1757,277,98
1760,336,300
1762,379,338
1764,349,312
1765,332,296
1767,301,269
1769,314,280
1770,314,280
1773,211,188
1780,313,271
1784,224,180
1770,280,250
1772,348,200
1763,304,263
1765,351,345
1767,311,289
1769,259,251
1771,254,244
1773,214,177
1776,253,229
1780,290,283
1785,215,202
1790,208,180
1773,157,17
1788,218,189
1795,210,186
1754,327,305
1761,323,302
1763,450,420
1749,401,383
1758,497,430
1745,341,313
1747,229,210
1759,397,364
1790,439,380
1754,310,277
1755,303,279
1757,303,279
1759,303,279
1761,303,279
1762,303,279
1754,223,214
1755,252,244
1757,297,283
1759,329,260
1761,302,288
1763,358,329
1764,326,275
1794,212,183
1771,322,300
1773,268,250
1775,284,265
1779,456,425
1781,378,350
1784,323,302
1751,251,230
1752,310,275
1758,382,330
1752,256,245
1754,231,224
1756,348,344
1758,465,464
1760,479,478
1762,310,299
1763,295,280
1766,228,220
1768,340,336
1770,377,313
1772,315,312
1762,428,370
1764,392,350
1766,347,300
1768,313,271
1741,273,231
1743,251,226
1748,252,231
1750,303,279
1752,269,240
1754,247,214
1755,227,196
1772,250,216
1754,347,300
1755,290,204
1734,816,752
1773,313,271
1777,313,271
1778,325,298
1780,405,350
1774,347,300
1777,347,300
1780,390,348
1745,450,420
1755,322,300
1757,313,271
1759,303,279
1761,323,302
1762,355,315
1764,335,313
1766,227,212
1768,221,206
1792,226,220
1803,272,258
1766,281,153
1743,240,208
1745,305,280
1748,303,279
1751,231,200
1753,340,294
1747,381,350
1749,301,260
1751,260,200
1754,336,300
1756,337,301
1758,368,329
1760,392,350
1761,309,276
1763,300,268
1765,326,291
1767,314,280
1768,328,293
1770,326,291
1773,90,80
1775,320,286
1777,336,300
1749,553,478
1788,162,140
1771,257,222
1744,290,271
1745,291,267
1747,375,350
1741,327,300
1742,294,270
1744,338,310
1746,303,279
1793,69,60
1774,269,233
1776,312,270
1768,308,287
1771,313,271
1772,301,260
1774,301,260
1785,220,190
1787,386,370
1790,242,220
1795,367,349
1772,247,230
1774,323,302
1778,323,302
1791,173,150
1803,95,89
1769,268,250
1771,322,300
1772,322,300
1779,347,300
1782,327,300
1785,313,271
1789,384,331
1791,322,300
1793,161,150
1789,124,107
1779,243,237
1780,309,267
1787,313,271
1791,313,271
1793,340,294
1803,323,302
1765,276,246
1767,273,236
1771,240,208
1775,236,222
1780,310,277
1757,247,195
1771,205,187
1773,156,151
1756,266,230
1758,347,300
1760,300,275
1761,301,260
1763,294,254
1766,246,220
1767,235,203
1769,250,216
1772,220,190
1771,324,280
1793,161,139
1802,303,279
1771,280,250
1774,266,230
1776,289,250
1755,347,300
1733,323,302
1780,536,500
1782,303,279
1773,231,200
1757,268,203
1759,372,368
1761,381,301
1763,263,260
1765,249,209
1768,240,220
1770,222,217
1772,212,148
1771,347,300
1772,322,300
1774,214,200
1774,375,347
1777,325,318
1779,380,333
1781,468,437
1743,399,366
1745,462,400
1747,292,253
1770,194,194
1771,261,255
1774,202,193
1732,173,150
1734,303,279
1735,303,279
1771,328,306
1773,302,282
1776,210,196
1780,475,443
1790,310,277
1772,300,266
1768,157,136
1770,244,218
1766,181,166
1766,325,290
1768,332,294
1769,332,305
1771,347,300
1773,382,330
1774,364,315
1744,323,302
1745,316,290
1747,340,294
1750,332,310
1752,329,326
1754,328,314
1756,387,335
1758,451,430
1746,520,450
1747,600,560
1749,322,300
1753,282,244
1755,337,314
1757,506,438
1758,548,511
1769,300,280
1770,289,270
1772,322,300
1770,46,45
1771,160,153
1775,103,101
1785,230,215
1789,236,102
1793,173,170
1788,381,350
1791,406,379
1793,514,480
1762,303,279
1766,233,215
1768,220,176
1770,265,229
1771,244,211
1774,323,302
1750,303,279
1752,345,308
1754,309,267
1756,272,250
1757,347,300
1759,363,314
1761,305,264
1764,197,170
1766,278,236
1768,260,200
1774,250,210
1792,139,120
1793,159,142
1793,313,271
1778,238,237
1780,,
1783,303,279
1659,461,400
1651,492,385
1651,700,400
1651,1280,1100
1649,313,290
1646,200,173
1646,1000,867
1646,1000,867
1633,347,300
1636,451,390
1636,258,230
1636,283,239
1631,359,287
1630,324,280
1630,200,174
1627,600,521
1627,283,245
1627,323,250
1627,416,360
1626,171,148
1624,220,191
1624,284,245
1649,313,290
1646,340,24
1645,341,278
1645,156,132
1645,290,198
1644,227,137
1644,140,112
1644,326,227
1644,333,277
1644,321,273
1643,310,362
1643,286,262
1643,146,133
1643,245,205
1643,345,237
1643,213,197
1643,322,257
1642,283,148
1642,213,141
1642,70,56
1642,100,83
1642,297,214
1642,211,177
1642,349,236
1642,361,287
1641,367,315
1641,318,238
1641,305,249
1641,316,265
1640,272,244
1640,223,178
1640,369,324
1640,163,149
1640,162,149
1639,179,145
1639,285,216
1639,295,181
1640,321,245
1639,274,242
1639,274,242
1639,274,242
1638,212,162
1638,199,177
1638,312,301
1638,260,229
1638,212,165
1638,228,207
1638,228,207
1637,212,186
1637,188,176
1637,188,179
1637,237,229
1637,237,229
1637,237,230
1532,201,175
1655,455,391
1606,588,470
1526,359,287
1526,359,287
1641,89,76
1697,203,167
1638,72,70
1639,70,71
1639,105,98
1639,21,21
1643,385,334
1643,688,586
1643,342,263
1643,433,325
1643,319,310
1644,160,130
1644,602,527
1645,451,349
1645,404,371
1645,450,406
1645,500,425
1646,283,251
1639,143,136
1641,206,181
1642,139,133
1642,26,25
1642,77,59
1642,77,59
1642,77,60
1642,65,49
1642,78,77
1642,34,32
1642,144,128
1642,253,215
1642,152,114
1642,122,107
1643,179,150
1643,496,406
1643,556,384
1643,350,241
1643,153,98
1643,435,262
1644,351,294
1644,440,373
1644,455,393
1644,412,380
1644,288,228
1644,500,424
1644,550,510
1644,427,399
1644,300,248
1645,502,467
1645,350,330
1645,307,261
1645,300,181
1645,300,181
1645,148,128
1647,240,155
1647,7,6
1596,83,58
1604,334,287
1615,359,287
1652,273,191
1654,378,56
1657,347,281
1658,362,241
1653,340,271
1653,380,352
1657,697,290
1632,359,287
1644,815,650
1635,359,287
1597,334,287
1612,359,287
1615,,
1618,359,287
1618,359,287
1618,359,287
1659,328,285
1658,337,253
1657,267,213
1659,338,291
1660,133,106
1657,325,259
1659,627,500
1659,400,319
1661,259,207
1664,373,320
1665,338,291
1659,325,259
1660,367,316
1664,345,325
1667,338,291
1665,338,291
1668,338,291
1669,520,447
1668,269,231
1667,,
1667,488,420
1802,,
1803,310,277
1798,333,291
1798,303,279
1799,303,279
1663,101,85
1664,421,348
1693,468,403
1673,1110,900
1651,347,281
1771,,
1746,347,310
1761,313,271
1782,442,402
1676,500,422
1677,500,450
1677,500,422
1677,400,337
1679,500,422
1678,500,422
1678,200,169
1679,500,422
1680,385,325
1679,,
1680,433,394
1679,500,422
1679,550,417
1680,350,295
1680,500,422
1680,600,546
1681,483,440
1680,,
1680,467,394
1680,430,391
1681,310,261
1681,500,455
1681,280,196
1679,474,417
1681,500,455
1682,500,422
1682,500,455
1682,474,417
1683,500,455
1684,500,422
1684,500,455
1687,500,455
1687,679,618
1687,500,422
1687,,
1687,500,455
1688,500,455
1688,500,422
1689,,
1691,500,455
1691,500,455
1711,211,188
1693,500,422
1693,500,455
1694,525,460
1695,734,668
1699,,
1698,100,84
1701,450,379
1704,,
1705,,
1716,474,417
1708,,
1704,,
1709,,
1727,,
1729,,
1735,760,657
1672,498,428
1673,455,391
1749,303,279
1750,388,367
1751,351,347
1751,356,312
1728,474,417
1659,,
1674,656,553
1674,130,110
1673,455,391
1669,30,26
1669,338,291
1669,524,450
1669,,
1669,392,320
1666,338,291
1671,455,391
1669,337,253
1670,249,174
1670,412,288
1669,455,391
1674,516,470
1671,455,391
1664,337,253
1701,438,400
1644,300,210
1597,,
1597,334,287
1716,363,311
1630,326,280
1641,334,287
1639,283,77
1645,200,140
1646,283,245
1646,283,245
1646,283,245
1671,54,42
1646,283,245
1670,110,95
1658,338,291
1668,21,16
1664,338,291
1668,455,391
1672,800,687
1641,150,130
1656,325,259
1660,328,285
1659,398,318
1817,404,290
1817,246,223
1817,405,350
1817,381,342
1817,578,516
1817,557,515
1817,234,204
1817,413,374
1817,368,345
1817,481,478
1817,195,180
1817,640,502
1817,544,503
1817,520,471
1817,528,478
1817,434,393
1817,599,545
1817,463,459
1817,519,457
1817,614,598
1817,607,521
1817,594,570
1817,511,388
1817,124,114
1817,444,415
1817,442,428
1817,137,129
1817,597,524
1817,546,487
1817,321,307
1817,401,354
1817,439,429
1817,738,649
1817,427,352
1817,388,368
1817,420,409
1817,500,436
1817,541,481
1817,813,776
1817,466,393
1817,490,417
1817,540,456
1817,282,214
1817,489,441
1817,464,439
1817,476,399
1817,604,574
1817,594,557
1817,496,489
1817,324,302
1817,382,376
1817,239,214
1817,229,215
1817,530,500
1817,606,537
1817,445,435
1817,637,611
1817,807,468
1818,449,417
1818,419,400
1818,421,260
1818,584,500
1818,633,596
1818,400,385
1818,441,433
1818,451,430
1818,428,420
1818,438,414
1818,479,400
1818,430,341
1818,345,326
1818,541,509
1818,522,495
1818,370,344
1818,225,187
1818,464,226
1818,341,317
1818,669,621
1818,487,428
1818,391,329
1818,286,259
1818,409,274
1818,441,368
1818,463,424
1818,444,385
1818,305,281
1818,659,430
1818,392,290
1818,300,293
1818,424,319
1818,816,751
1818,572,540
1818,405,391
1818,367,365
1818,274,239
1818,480,467
1818,288,282
1818,118,100
1818,569,513
1818,440,431
1818,291,290
1818,408,407
1818,335,334
1818,358,324
1818,483,479
1818,492,480
1818,334,328
1818,304,265
1818,544,396
1818,331,316
1818,375,293
1820,182,160
1820,196,177
1816,556,500
1816,564,507
1816,289,265
1819,200,160
1820,538,480
1821,269,246
1821,150,150
1821,93,82
1820,496,454
1821,556,500
1821,634,570
1821,224,205
1821,436,392
1821,434,390
1821,129,113
1821,340,306
1821,273,250
1820,170,152
1821,158,139
1822,808,750
1822,460,417
1822,492,298
1822,428,413
1822,470,460
1822,166,145
1822,465,422
1822,389,265
1822,467,407
1822,431,402
1822,532,401
1822,529,436
1822,470,410
1822,631,418
1822,462,460
1822,504,483
1822,420,384
1822,481,448
1822,520,380
1822,577,475
1822,681,664
1822,536,486
1822,623,455
1822,305,239
1822,465,352
1822,460,406
1822,477,425
1822,479,375
1822,672,455
1822,747,519
1822,448,379
1822,313,291
1822,418,203
1822,390,362
1822,449,400
1822,425,388
1822,459,432
1822,302,268
1822,760,607
1822,545,533
1822,408,390
1822,467,428
1822,733,695
1822,467,466
1822,655,572
1822,595,535
1822,472,376
1822,525,524
1822,300,298
1822,109,100
1822,515,467
1822,438,434
1822,410,407
1822,384,351
1822,519,470
1822,499,495
1822,574,561
1822,431,425
1822,617,541
1822,497,452
1822,338,335
1822,639,590
1822,451,418
1822,467,460
1822,228,216
1822,201,196
1822,170,168
1822,173,165
1822,152,146
1822,408,390
1822,70,57
1822,421,412
1822,307,300
1822,257,233
1822,371,355
1822,43,40
1822,55,48
1822,47,44
1822,304,290
1822,104,94
1822,419,409
1822,395,381
1822,268,256
1822,380,357
1822,198,185
1822,168,160
1822,179,170
1822,246,243
1822,332,315
1822,365,352
1822,186,182
1822,249,226
1822,327,297
1822,389,381
1822,178,173
1822,264,263
1822,214,196
1823,181,126
1822,314,174
1821,416,408
1821,557,549
1821,425,396
1821,554,194
1821,992,632
1821,362,342
1821,522,511
1821,346,241
1821,508,270
1821,476,311
1821,451,385
1821,432,290
1821,433,291
1821,434,267
1821,337,260
1821,500,342
1821,384,367
1821,455,433
1821,581,385
1821,431,395
1821,312,287
1821,450,430
1821,374,281
1821,461,439
1821,528,378
1821,325,225
1821,375,365
1821,202,113
1821,450,429
1821,741,680
1821,415,354
1821,566,514
1821,254,227
1821,481,460
1821,408,339
1821,759,734
1821,304,270
1821,743,683
1821,510,452
1821,495,374
1821,511,496
1821,450,449
1821,579,507
1821,407,390
1821,544,500
1821,573,561
1821,468,388
1821,492,446
1821,394,394
1821,609,523
1821,595,516
1821,450,322
1821,358,310
1822,607,500
1822,221,137
1822,131,38
1822,418,410
1822,247,224
1822,484,441
1822,146,130
1822,383,380
1823,292,279
1823,492,440
1823,416,407
1823,458,444
1823,733,689
1823,517,493
1823,526,461
1823,542,532
1823,465,457
1823,520,441
1823,594,528
1823,481,280
1823,440,395
1823,338,240
1823,502,490
1823,632,630
1823,331,321
1823,692,661
1823,632,567
1823,519,433
1823,440,436
1823,501,455
1823,337,315
1823,179,161
1823,523,260
1823,625,625
1823,508,460
1823,490,487
1823,421,394
1823,573,497
1823,390,353
1823,559,547
1823,458,446
1823,526,510
1823,335,314
1823,758,744
1823,735,607
1823,600,590
1823,302,290
1823,454,434
1823,450,424
1823,344,300
1822,183,160
1822,183,160
1822,183,160
1822,331,288
1822,273,250
1822,183,160
1822,273,250
1822,202,176
1822,167,146
1822,183,160
1823,273,250
1823,167,146
1823,344,300
1823,183,160
1824,273,250
1824,273,250
1824,273,250
1824,183,160
1824,183,160
1824,273,250
1824,183,160
1824,183,160
1824,183,160
1824,183,160
1824,183,160
1824,183,160
1824,183,160
1824,183,160
1824,273,250
1824,220,210
1823,613,597
1823,328,286
1823,336,300
1823,265,264
1823,177,154
1823,326,299
1823,417,378
1823,435,394
1823,291,281
1823,349,297
1823,135,118
1823,330,302
1823,243,212
1824,346,339
1824,596,474
1824,566,553
1824,517,378
1824,596,487
1824,430,393
1824,625,594
1824,467,435
1824,202,199
1824,404,337
1824,600,551
1824,446,338
1824,518,477
1824,536,413
1824,697,663
1824,448,262
1824,455,407
1824,612,545
1824,282,214
1824,396,356
1824,403,356
1824,627,488
1824,496,195
1824,543,534
1824,539,478
1824,300,267
1824,682,608
1824,441,433
1824,556,554
1824,475,404
1824,198,192
1824,423,386
1824,430,337
1824,262,240
1824,535,495
1824,565,521
1824,760,737
1824,337,283
1824,558,556
1824,425,417
1824,562,554
1824,668,666
1824,340,325
1824,449,407
1824,441,435
1824,490,476
1824,448,420
1824,489,487
1824,272,267
1824,407,390
1824,274,270
1824,480,456
1824,574,548
1824,273,250
1824,459,458
1824,742,708
1824,409,398
1824,502,480
1824,320,316
1824,667,656
1824,351,321
1825,459,400
1825,107,93
1825,364,317
1825,560,503
1825,268,255
1825,328,300
1825,289,260
1825,367,350
1825,199,190
1825,344,270
1825,369,352
1825,347,318
1825,484,435
1825,191,182
1825,257,245
1825,399,380
1825,501,450
1825,328,300
1825,437,400
1825,207,180
1825,402,350
1825,524,480
1825,336,300
1825,273,250
1825,262,250
1825,189,180
1825,378,360
1825,241,230
1825,584,525
1825,255,243
1825,279,243
1825,279,243
1825,546,500
1824,196,194
1824,392,341
1824,13,12
1824,246,223
1824,241,219
1824,305,277
1824,364,317
1824,177,160
1824,160,143
1824,380,368
1824,243,231
1824,223,211
1824,446,434
1825,334,303
1825,194,179
1825,255,231
1825,550,504
1825,244,222
1825,404,352
1825,90,83
1825,92,92
1825,622,577
1825,795,726
1825,414,361
1825,522,519
1825,492,487
1825,343,295
1825,471,467
1825,555,513
1825,594,572
1825,568,504
1825,443,431
1825,401,298
1825,343,323
1825,516,469
1825,584,579
1825,633,542
1825,400,375
1825,300,291
1825,545,377
1825,756,674
1825,511,507
1825,563,421
1825,430,394
1825,505,486
1825,518,470
1825,405,307
1825,648,587
1825,250,245
1825,597,586
1825,660,658
1825,425,227
1825,730,722
1825,314,311
1825,360,349
1825,466,452
1825,506,487
1825,314,296
1825,526,522
1825,591,543
1825,477,332
1825,461,459
1825,301,283
1825,436,399
1825,760,740
1825,502,474
1825,529,524
1825,339,295
1825,427,415
1825,340,338
1825,559,543
1825,400,384
1825,572,535
1825,256,236
1825,700,606
1825,560,535
1825,301,262
1825,353,335
1824,483,460
1826,89,85
1826,210,200
1826,285,212
1826,61,58
1826,105,100
1826,210,200
1826,303,263
1826,411,369
1826,166,158
1823,402,345
1825,251,232
1825,349,311
1825,244,226
1825,88,80
1825,265,243
1825,550,504
1825,139,127
1825,228,204
1825,15,14
1826,490,472
1826,625,577
1826,360,358
1826,451,406
1826,217,195
1826,459,416
1826,487,441
1826,227,204
1826,132,124
1826,219,197
1826,483,446
1826,398,358
1826,339,305
1826,576,532
1826,719,708
1826,425,419
1826,299,279
1826,148,133
1826,119,107
1826,177,160
1826,634,570
1826,389,350
1827,284,270
1827,445,400
1827,411,369
1827,307,277
1827,389,350
1827,389,350
1827,284,270
1827,200,180
1827,491,491
1827,376,376
1827,528,493
1827,551,507
1827,471,461
1827,473,456
1827,374,350
1827,999,859
1827,448,446
1827,383,383
1827,440,419
1823,335,287
1827,621,616
1827,266,53
1827,466,426
1827,451,394
1827,431,410
1827,507,489
1827,770,684
1827,427,426
1827,517,485
1827,469,454
1827,672,592
1827,444,399
1827,377,375
1827,288,237
1827,321,318
1827,420,382
1827,586,558
1827,327,309
1827,409,407
1827,273,246
1827,654,520
1827,389,350
1827,257,242
1827,337,303
1827,352,325
1827,112,105
1827,123,111
1827,352,325
1827,316,302
1827,307,277
1827,267,251
1827,484,436
1827,139,128
1827,580,544
1827,535,440
1827,307,277
1827,573,519
1827,389,350
1828,411,369
1828,284,270
1828,307,277
1828,284,270
1828,819,160
1828,307,277
1828,490,444
1828,307,277
1828,429,403
1828,307,277
1828,283,270
1828,411,369
1828,343,168
1828,490,444
1828,442,400
1828,284,270
1828,735,700
1828,284,270
1827,281,276
1827,510,500
1827,498,135
1827,316,269
1827,428,401
1827,478,396
1827,577,573
1827,576,571
1827,616,596
1827,484,453
1827,321,299
1827,338,337
1827,314,306
1827,472,464
1827,253,229
1827,212,212
1827,186,177
1827,225,223
1827,272,270
1827,261,211
1827,545,511
1827,305,302
1827,382,377
1827,480,450
1827,720,687
1827,448,420
1827,440,436
1827,570,562
1827,195,193
1827,201,197
1827,360,354
1827,270,266
1827,375,360
1827,230,230
1827,146,146
1827,454,452
1827,483,414
1827,665,657
1827,391,385
1828,504,490
1828,351,351
1828,371,350
1828,424,420
1828,604,517
1828,254,254
1828,549,509
1828,836,746
1828,320,298
1828,644,612
1828,396,382
1828,375,361
1828,430,413
1828,401,389
1828,722,711
1828,254,246
1828,567,549
1828,160,128
1828,334,327
1828,225,225
1828,411,400
1828,592,550
1828,555,521
1828,588,586
1828,516,488
1828,351,343
1828,636,512
1828,466,425
1828,225,225
1828,931,742
1828,663,604
1828,692,691
1828,587,532
1828,166,149
1827,371,336
1827,334,323
1827,426,414
1827,370,42
1828,490,444
1828,284,270
1828,233,210
1828,307,277
1828,307,277
1828,492,485
1828,284,270
1828,284,270
1828,284,270
1828,284,270
1828,284,270
1829,533,480
1829,307,277
1829,307,277
1829,535,440
1829,87,78
1829,307,277
1829,444,400
1829,490,444
1829,235,206
1829,284,270
1829,307,277
1829,307,277
1829,333,300
1829,284,270
1829,367,335
1829,562,400
1829,307,277
1829,284,270
1829,307,277
1829,307,277
1829,284,270
1829,980,300
1829,284,270
1829,284,270
1829,490,444
1829,307,277
1829,647,586
1829,438,70
1829,490,444
1829,490,444
1829,307,277
1829,411,369
1828,440,437
1828,440,435
1828,367,362
1828,541,511
1828,568,523
1828,321,320
1828,523,515
1828,404,315
1828,200,195
1828,244,243
1828,508,480
1828,351,351
1828,514,506
1828,251,248
1828,398,353
1828,551,490
1828,337,311
1828,362,355
1828,280,270
1828,211,189
1828,270,267
1828,550,525
1828,438,429
1828,329,309
1828,376,323
1828,614,597
1828,377,368
1828,590,545
1827,449,421
1828,406,378
1828,616,558
1828,451,111
1828,508,449
1828,400,400
1828,532,530
1828,479,459
1828,472,426
1828,500,492
1828,619,603
1828,549,549
1828,566,560
1828,307,299
1828,586,544
1828,640,510
1828,467,445
1828,559,539
1828,496,479
1828,649,555
1828,547,528
1828,508,395
1828,323,312
1828,520,435
1828,733,730
1829,160,160
1829,102,99
1829,216,214
1829,222,211
1829,550,524
1829,562,543
1829,716,633
1829,514,398
1829,847,679
1829,600,600
1829,430,404
1829,901,688
1829,473,400
1829,495,493
1829,85,80
1829,905,738
1827,376,335
1829,350,343
1829,286,240
1829,334,330
1829,470,425
1829,448,448
1829,480,296
1829,389,385
1829,505,461
1829,150,150
1829,472,447
1829,526,497
1829,425,369
1829,499,478
1829,106,106
1829,321,306
1828,301,290
1829,378,337
1829,526,507
1829,304,295
1829,248,245
1829,257,254
1829,446,443
1829,507,503
1829,307,305
1829,281,275
1829,410,358
1829,222,210
1829,318,286
1829,387,355
1829,280,258
1829,369,352
1829,560,472
1829,406,400
1829,283,261
1829,252,227
1829,138,127
1829,366,338
1829,19,16
1829,1188,1148
1829,529,510
1829,253,222
1829,156,119
1829,400,380
1829,499,450
1829,362,349
1829,451,423
1829,428,426
1829,367,357
1829,580,538
1829,389,373
1829,182,180
1829,867,679
1829,255,215
1829,625,608
1829,400,376
1829,63,60
1829,578,533
1829,450,441
1829,483,459
1829,179,169
1829,222,210
1829,496,489
1829,264,260
1829,371,344
1829,376,248
1829,519,501
1829,59,47
1828,468,385
1828,608,500
1828,234,212
1828,158,130
1828,243,200
1828,219,180
1829,127,114
1829,307,277
1829,307,277
1829,144,135
1829,449,421
1829,284,270
1830,284,270
1830,284,270
1830,588,560
1830,490,444
1830,307,277
1830,307,277
1830,307,277
1830,307,277
1830,490,444
1830,307,277
1830,307,277
1830,284,270
1830,490,444
1830,307,277
1830,307,277
1830,333,300
1830,144,105
1830,411,369
1830,411,369
1830,210,190
1830,284,270
1830,284,270
1830,307,277
1830,284,270
1830,307,277
1830,490,444
1830,284,270
1830,95,82
1830,307,277
1830,662,600
1830,307,277
1830,307,277
1829,520,471
1829,279,246
1829,277,272
1829,564,498
1829,250,245
1829,371,332
1829,656,589
1829,207,207
1829,208,190
1829,282,237
1829,203,193
1829,324,322
1829,590,586
1829,420,390
1829,321,298
1829,327,297
1829,286,273
1829,544,508
1829,159,159
1829,317,284
1829,468,460
1829,180,172
1829,405,361
1829,297,287
1829,674,671
1829,430,416
1829,645,602
1829,566,536
1829,428,423
1795,486,484
1795,492,414
1795,532,515
1795,387,377
1795,488,390
1795,526,508
1795,535,488
1796,538,530
1796,482,383
1795,353,324
1796,485,429
1796,281,270
1796,367,351
1796,404,380
1796,480,426
1796,444,405
1796,369,352
1796,565,530
1796,418,336
1796,531,377
1796,378,323
1796,536,499
1796,462,431
1796,308,221
1796,531,504
1796,491,351
1796,444,317
1796,486,423
1796,348,281
1796,396,344
1796,598,550
1796,506,458
1797,458,436
1797,544,536
1797,430,411
1797,540,420
1797,359,346
1797,455,388
1797,400,285
1797,428,356
1797,538,466
1797,440,435
1797,325,287
1797,505,495
1797,408,328
1797,387,359
1797,508,412
1797,433,390
1797,544,445
1797,569,486
1797,443,419
1797,428,385
1797,538,507
1797,464,404
1797,193,178
1797,526,515
1798,534,524
1798,477,444
1798,442,404
1798,271,251
1798,408,371
1798,356,322
1798,537,491
1798,371,349
1798,363,336
1798,538,526
1798,469,461
1798,353,324
1798,582,509
1798,448,440
1798,327,294
1798,516,462
1798,398,396
1798,417,415
1799,563,539
1799,460,447
1799,504,494
1799,440,435
1799,544,533
1799,471,462
1799,421,398
1799,481,455
1799,548,502
1799,492,457
1799,510,493
1799,613,571
1799,428,421
1799,537,503
1799,545,506
1799,637,592
1799,550,543
1799,474,465
1799,506,460
1800,538,490
1800,473,453
1800,393,368
1800,525,478
1800,454,416
1800,549,517
1800,594,556
1800,407,371
1800,492,452
1800,475,457
1800,427,410
1800,501,470
1800,657,603
1800,337,313
1800,412,406
1800,617,612
1800,483,482
1800,526,488
1800,547,539
1800,611,589
1800,881,855
1800,431,396
1801,525,520
1801,579,525
1801,539,522
1801,850,829
1801,521,516
1801,637,634
1801,431,408
1801,482,476
1801,721,673
1801,554,547
1801,562,496
1801,436,434
1801,510,499
1801,444,416
1801,523,513
1801,401,394
1801,565,562
1801,732,709
1801,601,589
1802,458,435
1802,544,497
1802,518,475
1802,542,532
1802,468,418
1802,500,340
1802,502,471
1802,360,331
1802,500,424
1802,445,266
1802,436,424
1802,510,481
1802,794,762
1802,523,499
1802,566,543
1802,594,545
1802,189,186
1802,633,629
1802,530,528
1802,698,633
1802,440,409
1802,451,439
1802,486,476
1802,731,718
1803,357,347
1803,823,750
1803,437,427
1803,544,522
1803,384,366
1803,511,471
1803,613,567
1803,407,395
1803,592,542
1803,522,509
1803,522,456
1803,576,553
1803,361,346
1803,874,806
1803,497,466
1803,523,492
1803,529,483
1803,505,479
1803,528,470
1803,450,398
1804,470,447
1804,219,213
1804,366,360
1804,557,546
1804,455,376
1804,520,487
1804,397,379
1804,542,498
1804,440,404
1804,752,728
1804,359,333
1804,810,769
1805,476,438
1804,525,507
1804,581,549
1804,533,494
1804,382,342
1804,400,359
1804,581,556
1804,493,481
1805,593,503
1805,372,333
1805,305,280
1805,358,342
1805,514,483
1805,487,447
1805,523,486
1805,479,450
1805,666,601
1805,461,378
1805,542,514
1805,491,433
1805,744,654
1805,352,326
1805,587,527
1805,485,418
1805,504,435
1805,622,594
1805,371,314
1805,631,576
1805,475,450
1806,511,491
1806,390,353
1806,345,324
1806,422,403
1806,547,454
1806,556,474
1806,574,409
1806,546,438
1806,528,426
1806,237,176
1806,585,529
1806,367,237
1806,305,214
1806,492,418
1806,454,309
1806,165,164
1806,259,199
1806,206,164
1806,587,489
1806,543,503
1806,316,290
1807,436,369
1807,625,508
1807,402,355
1807,358,212
1807,620,577
1807,193,130
1807,608,373
1807,475,389
1807,355,285
1807,499,421
1807,585,453
1807,555,461
1807,473,367
1807,711,682
1807,533,511
1807,451,435
1807,428,378
1807,592,414
1807,570,550
1807,490,412
1807,745,649
1807,574,568
1807,604,461
1808,689,674
1808,423,353
1808,392,330
1808,576,419
1808,525,448
1808,609,540
1808,586,503
1808,562,415
1808,200,151
1808,437,367
1808,430,371
1808,576,358
1808,400,262
1808,526,502
1808,700,560
1808,343,320
1808,51,50
1808,476,374
1808,467,459
1808,597,490
1808,649,628
1808,766,710
1808,520,472
1809,546,520
1809,521,433
1809,524,441
1809,530,525
1809,747,696
1809,466,444
1809,460,441
1809,604,531
1809,404,381
1809,514,443
1809,212,142
1809,539,519
1809,90,82
1809,451,364
1809,452,373
1809,789,735
1809,79,72
1809,521,481
1809,522,404
1809,532,471
1809,575,472
1809,465,434
1809,546,495
1809,509,417
1809,599,466
1809,588,549
1809,787,751
1809,492,456
1809,316,286
1809,574,520
1810,387,351
1810,598,519
1810,688,642
1810,457,419
1810,493,442
1810,506,466
1810,414,395
1810,557,499
1810,405,321
1810,458,365
1810,606,574
1810,401,313
1810,356,324
1810,487,484
1810,500,385
1810,540,454
1810,735,701
1810,422,341
1810,500,465
1810,262,237
1810,280,206
1810,518,465
1810,404,377
1810,630,550
1810,722,644
1810,593,558
1810,569,515
1810,560,532
1810,506,458
1810,577,505
1810,352,319
1810,495,470
1810,426,400
1810,442,400
1810,752,681
1810,448,406
1810,611,571
1810,478,435
1810,454,429
1810,277,257
1810,484,458
1810,588,554
1811,424,421
1811,457,394
1811,695,609
1811,541,517
1811,231,231
1811,549,425
1811,387,351
1811,215,191
1811,220,202
1805,135,120
1808,171,140
1808,489,400
1645,381,331
1775,567,550
1776,508,386
1778,410,406
1759,194,146
1760,219,211
1761,170,169
1762,162,136
1763,151,147
1764,216,208
1765,171,167
1766,163,141
1767,194,125
1767,200,189
1767,167,127
1768,170,159
1768,151,109
1769,192,181
1770,244,225
1770,202,194
1770,198,198
1770,143,127
1771,226,216
1771,181,177
1771,220,198
1771,185,177
1771,152,129
1772,201,191
1772,158,151
1774,2,2
1777,2,2
1761,230,209
1765,77,77
1769,220,208
1776,2,2
1783,31,31
1767,202,182
1768,176,127
1769,227,205
1775,8,8
1763,130,127
1766,137,131
1768,90,80
1770,2,2
1772,180,176
1773,201,198
1774,102,91
1765,140,137
1768,152,136
1771,114,114
1772,103,100
1773,187,182
1760,130,129
1768,116,104
1776,513,485
1778,574,517
1777,216,205
1765,26,26
1772,264,236
1775,3,3
1782,80,72
1783,31,30
1775,3,3
1777,170,165
1782,229,211
1785,226,226
1764,157,151
1765,142,137
1776,207,187
1777,218,218
1778,141,125
1779,187,171
1777,6,6
1778,6,6
1759,188,186
1760,170,169
1767,140,135
1767,130,126
1768,173,173
1770,100,97
1772,152,133
1773,174,169
1774,130,120
1769,173,170
1773,235,219
1774,221,210
1776,210,203
1772,185,177
1773,219,211
1776,207,194
1777,179,164
1778,169,167
1764,150,146
1766,155,138
1767,150,136
1775,176,165
1778,174,162
1779,218,197
1780,211,208
1781,105,146
1783,10,10
1778,5,5
1778,7,6
1781,1,1
1784,22,21
1785,18,18
1788,14,14
1761,227,147
1766,139,128
1767,172,166
1768,180,163
1770,186,177
1776,175,174
1778,184,184
1780,190,181
1781,210,193
1782,201,184
1783,257,255
1763,133,122
1772,30,27
1777,20,11
1779,22,11
1784,4,4
1788,341,312
1778,39,39
1782,11,8
1776,220,194
1777,77,77
1777,10,10
1778,10,10
1777,11,11
1778,13,13
1762,190,158
1774,109,100
1782,78,77
1773,356,333
1774,359,336
1774,359,336
1776,359,329
1777,363,333
1780,360,330
1772,269,252
1773,402,376
1776,501,459
1779,417,382
1783,501,459
1768,402,378
1770,307,287
1777,414,379
1777,282,258
1779,401,367
1782,218,200
1766,287,268
1767,383,358
1769,361,338
1770,364,340
1770,337,315
1776,491,450
1776,404,370
1774,305,285
1778,291,267
1780,263,241
1786,171,156
1763,451,422
1768,527,495
1770,531,496
1774,433,405
1773,508,475
1776,338,310
1761,513,461
1768,505,454
1777,604,542
1768,605,544
1762,550,514
1775,308,273
1778,567,519
1778,464,425
1780,374,297
1785,190,174
1767,302,282
1767,402,376
1763,650,530
1761,280,263
1772,354,345
1784,35,33
1782,403,369
1766,400,374
1770,408,381
1781,404,370
1774,432,404
1753,169,150
1852,401,367
1718,118,105
1719,130,116
1803,523,510
1690,406,356
1715,172,151
1786,354,324
1794,350,323
1797,364,336
1766,448,375
1768,448,375
1799,269,250
1801,448,375
1804,529,472
1805,529,472
1805,162,153
1760,320,286
1804,389,353
1807,389,353
1782,448,375
1798,354,324
1761,349,328
1759,320,286
1760,374,342
1786,354,324
1807,475,436
1791,354,324
1800,448,375
1767,448,375
1787,448,375
1717,374,342
1782,448,375
1760,349,328
1800,107,96
1786,354,324
1775,349,328
1793,354,324
1760,349,328
1786,354,324
1782,269,250
1782,354,324
1788,448,375
1770,448,375
1789,448,375
1779,448,375
1773,349,328
1783,354,324
1789,354,324
1761,448,375
1764,349,328
1766,448,375
1763,320,286
1805,448,375
1781,269,250
1783,296,237
1806,389,353
1767,448,375
1799,374,342
1779,354,324
1782,269,250
1782,269,250
1759,320,286
1806,448,375
1786,448,375
1782,448,375
1807,448,375
1785,448,375
1775,349,328
1772,296,237
1786,354,324
1783,171,153
1771,448,375
1771,448,375
1783,296,237
1773,448,375
1757,305,275
1762,349,328
1782,448,375
1717,374,342
1768,349,328
1784,448,375
1795,354,324
1796,354,324
1798,354,324
1766,448,375
1762,448,375
1788,364,336
1680,513,484
1681,362,250
1681,420,290
1681,376,260
1681,222,180
1683,231,160
1683,289,200
1683,347,240
1683,289,200
1683,378,202
1683,174,121
1683,216,191
1682,579,440
1684,215,190
1683,208,189
1683,230,133
1683,133,124
1684,200,180
1684,146,101
1684,168,116
1684,232,160
1685,217,150
1687,258,228
1687,235,163
1687,336,233
1687,333,253
1687,462,351
1683,289,200
1682,508,386
1683,200,191
1683,550,417
1683,118,100
1691,175,140
1695,111,110
1696,238,186
1696,251,201
1696,121,97
1696,225,180
1697,149,119
1697,122,98
1697,112,90
1697,362,290
1697,687,550
1697,226,181
1697,662,530
1698,200,160
1698,146,111
1698,106,90
1698,267,214
1698,33,28
1698,142,114
1698,141,120
1698,323,288
1698,250,200
1699,375,260
1699,375,300
1699,182,146
1699,108,92
1699,121,108
1699,148,131
1699,243,195
1699,341,304
1699,243,195
1699,247,220
1699,600,250
1699,541,433
1699,250,200
1699,486,389
1699,134,107
1700,182,146
1700,243,195
1700,121,108
1700,169,150
1700,152,122
1700,424,340
1700,187,150
1700,148,131
1700,312,250
1700,462,370
1700,127,99
1700,218,170
1700,174,136
1700,112,100
1700,82,72
1701,313,250
1701,156,138
1701,287,230
1701,417,373
1701,152,135
1701,121,107
1701,50,40
1701,84,71
1701,200,196
1701,71,63
1701,102,82
1701,160,143
1701,131,105
1701,98,87
1701,237,190
1701,237,190
1701,112,90
1701,310,248
1701,286,229
1701,277,222
1701,312,250
1701,162,130
1701,187,150
1701,237,190
1701,91,73
1701,91,73
1701,90,80
1701,310,248
1701,143,127
1701,237,190
1701,231,185
1701,59,47
1701,101,90
1701,323,259
1701,212,170
1702,52,42
1702,121,108
1702,289,191
1702,179,143
1702,175,140
1702,237,190
1702,549,440
1702,64,57
1702,149,132
1702,295,236
1702,332,269
1702,194,155
1702,100,81
1702,237,190
1702,157,126
1702,350,280
1703,121,97
1702,449,360
1702,237,190
1702,386,351
1702,386,351
1702,85,68
1702,154,137
1703,325,281
1703,237,190
1703,273,236
1703,367,313
1703,187,150
1704,160,143
1702,273,236
1704,490,482
1704,187,150
1704,281,235
1704,380,290
1705,164,131
1705,237,190
1705,380,304
1705,112,90
1705,397,318
1706,140,126
1706,237,190
1706,695,640
1706,448,382
1706,154,133
1706,394,336
1707,536,457
1708,153,130
1708,112,106
1708,440,380
1708,156,135
1698,187,150
1698,243,195
1698,130,104
1711,182,157
1711,146,117
1711,189,151
1712,134,107
1712,382,306
1712,139,111
1712,362,290
1712,146,130
1712,119,95
1712,200,192
1712,450,440
1713,200,160
1713,340,291
1713,206,178
1715,115,103
1715,92,79
1715,113,100
1715,216,177
1715,147,118
1715,130,111
1715,187,160
1715,114,91
1715,233,199
1715,104,92
1715,120,107
1715,185,158
1715,63,54
1716,112,100
1716,86,77
1716,162,130
1716,365,302
1716,110,90
1716,179,160
1716,169,150
1716,125,112
1716,273,236
1717,131,116
1717,223,199
1717,153,137
1717,90,80
1717,171,152
1717,101,87
1717,121,97
1717,338,289
1717,135,111
1717,112,90
1717,100,89
1717,151,135
1718,81,69
1718,165,141
1718,237,190
1718,117,104
1718,182,161
1718,122,109
1718,250,214
1718,161,143
1718,116,104
1718,129,110
1718,137,112
1718,118,101
1718,111,96
1718,134,110
1718,108,93
1719,75,67
1719,122,104
1719,182,156
1719,73,51
1720,133,119
1720,179,153
1720,101,90
1720,141,126
1720,35,30
1720,108,96
1720,138,123
1721,123,110
1709,120,100
1709,148,120
1710,150,126
1711,263,220
1711,239,200
1710,181,160
1711,364,304
1711,263,220
1712,237,190
1712,78,65
1713,239,200
1712,291,243
1712,286,239
1712,294,260
1712,359,300
1712,377,315
1712,323,270
1712,144,120
1712,359,300
1712,538,450
1713,192,170
1713,490,450
1713,223,200
1713,245,216
1713,203,170
1713,340,284
1714,491,425
1715,290,240
1713,100,80
1714,298,260
1714,237,198
1714,117,98
1714,187,162
1714,280,261
1714,201,187
1714,201,174
1714,324,296
1714,283,250
1714,428,370
1714,318,300
1714,381,330
1715,431,364
1719,237,190
1719,125,100
1719,132,109
1719,179,150
1719,600,385
1720,256,219
1728,449,360
1728,525,436
1729,375,300
1729,144,120
1729,,286
1742,285,269
1744,178,156
1744,363,294
1744,195,165
1744,361,300
1688,140,102
1687,196,178
1687,175,164
1689,107,81
1687,317,247
1688,679,589
1689,289,220
1692,277,240
1693,88,69
1691,400,195
1691,67,59
1691,74,65
1700,132,92
1707,,
1707,374,330
1709,407,340
1708,283,252
1708,299,264
1708,142,118
1708,352,351
1708,694,556
1708,404,349
1707,,
1707,,
1707,382,290
1708,577,440
1708,250,200
1708,121,97
1708,258,228
1708,480,350
1708,480,400
1707,,
1708,294,260
1708,374,330
1708,208,174
1707,169,140
1708,147,130
1707,299,265
1708,317,274
1708,142,114
1708,124,110
1708,362,290
1708,371,297
1708,83,75
1708,162,130
1708,162,130
1709,241,220
1840,673,558
1840,673,558
1840,307,277
1840,1162,1003
1840,497,450
1840,673,558
1840,413,340
1840,219,180
1840,194,160
1840,673,558
1840,552,500
1840,535,440
1840,560,507
1840,365,300
1839,357,321
1839,465,421
1840,640,580
1840,417,375
1840,411,369
1840,467,420
1840,373,350
1840,411,369
1840,572,517
1840,618,560
1840,307,277
1840,254,230
1840,422,380
1840,286,256
1840,89,80
1840,386,350
1840,307,277
1840,307,277
1840,517,468
1840,298,268
1840,161,145
1840,413,387
1840,307,277
1840,307,277
1840,411,369
1840,307,277
1840,519,427
1840,618,560
1840,,
1840,267,240
1840,256,230
1840,320,286
1840,500,476
1840,278,246
1840,458,377
1841,357,321
1841,346,311
1841,459,413
1841,490,444
1841,791,711
1841,324,292
1841,419,345
1841,213,190
1841,535,440
1841,702,636
1841,508,457
1841,380,344
1841,276,250
1841,442,400
1841,555,503
1841,265,230
1841,490,444
1841,267,240
1841,444,400
1841,264,238
1841,192,158
1841,729,600
1841,547,450
1841,547,450
1840,306,289
1840,56,47
1840,332,332
1841,233,210
1840,497,450
1840,367,327
1840,89,80
1840,416,374
1841,500,375
1841,331,300
1841,552,500
1840,673,558
1840,257,242
1840,411,369
1840,490,444
1840,490,444
1840,673,558
1840,490,444
1840,883,800
1840,740,670
1840,672,630
1840,447,400
1840,547,500
1840,547,500
1840,547,500
1840,547,500
1840,667,600
1840,556,500
1840,556,500
1840,556,500
1840,556,500
1840,447,400
1840,438,400
1840,662,600
1840,773,700
1840,662,600
1840,445,400
1840,556,500
1840,706,640
1840,662,600
1840,552,500
1840,662,600
1840,720,650
1840,291,260
1841,307,277
1841,135,120
1840,307,277
1840,490,444
1840,490,444
1841,490,444
1841,683,500
1841,490,444
1841,764,647
1841,720,670
1840,152,137
1840,367,330
1841,611,550
1841,89,80
1841,68,61
1841,826,680
1841,608,500
1841,556,500
1842,365,300
1842,972,800
1842,280,278
1842,365,300
1842,333,300
1842,486,400
1842,396,350
1842,396,350
1842,490,444
1842,412,385
1842,304,250
1842,222,200
1841,538,480
1842,881,725
1842,471,400
1842,385,349
1842,410,280
1842,377,314
1842,536,482
1842,486,400
1842,167,150
1842,333,300
1842,447,400
1842,391,350
1842,504,450
1842,422,380
1842,552,500
1842,206,185
1841,180,162
1841,307,277
1841,226,172
1842,490,444
1842,307,277
1841,378,340
1841,828,750
1841,42,36
1842,490,444
1842,399,359
1842,177,159
1842,490,444
1841,336,300
1841,412,370
1841,605,500
1841,447,400
1841,445,400
1841,383,350
1841,662,600
1841,662,600
1841,335,300
1841,667,600
1841,497,450
1841,447,400
1841,773,700
1841,662,600
1841,391,350
1841,438,400
1841,391,350
1841,447,400
1842,89,80
1842,533,480
1843,334,300
1843,676,608
1843,256,230
1843,890,800
1843,289,260
1843,338,320
1843,779,700
1842,800,700
1842,400,360
1842,662,600
1842,438,400
1842,662,600
1842,306,280
1842,391,350
1842,197,180
1842,618,560
1842,328,300
1842,389,350
1842,389,350
1842,386,350
1842,302,270
1842,788,714
1842,444,400
1842,910,800
1842,684,620
1842,498,450
1842,497,450
1842,556,500
1842,89,80
1842,533,480
1843,535,440
1843,262,250
1843,102,92
1843,222,200
1843,490,444
1843,460,338
1843,200,180
1843,679,611
1843,113,102
1843,600,480
1843,451,406
1843,309,280
1843,913,816
1843,97,91
1843,389,350
1843,110,100
1843,729,600
1843,563,510
1843,490,444
1843,360,340
1843,618,560
1843,101,89
1843,300,270
1843,113,102
1843,347,320
1843,600,540
1843,257,230
1843,717,650
1843,552,500
1843,607,550
1843,415,380
1843,662,600
1843,778,700
1843,561,500
1843,596,540
1843,761,680
1843,358,320
1843,312,285
1843,491,445
1843,662,600
1843,722,654
1843,389,350
1843,383,350
1843,425,380
1843,650,580
1843,197,180
1843,197,180
1843,640,580
1843,602,572
1843,120,107
1843,235,210
1843,222,200
1843,278,250
1843,508,460
1843,66,60
1843,629,570
1843,335,300
1843,358,320
1843,609,545
1843,556,500
1843,250,205
1843,640,580
1819,1,1
1819,13,13
1819,40,40
1819,9,9
1819,122,121
1820,69,79
1820,81,81
1820,85,84
1821,491,401
1821,140,106
1821,153,136
1818,216,183
1820,1,1
1821,83,78
1822,209,188
1822,325,217
1822,380,12
1825,270,416
1824,220,210
1825,319,263
1825,250,267
1825,318,265
1824,352,335
1825,183,160
1825,23,20
1824,399,328
1824,149,126
1824,389,350
1826,352,335
1825,292,276
1825,36,36
1825,106,71
1822,278,246
1822,60,60
1822,216,184
1822,142,125
1823,221,220
1823,55,45
1823,172,170
1824,437,400
1824,162,151
1825,561,514
1825,253,220
1825,183,160
1825,230,189
1824,273,250
1824,273,250
1824,170,140
1825,50,49
1825,231,228
1826,422,417
1826,174,173
1825,698,650
1825,209,169
1825,220,210
1826,284,270
1826,422,379
1825,248,40
1825,273,225
1825,234,192
1826,310,235
1826,427,387
1827,221,191
1827,100,95
1827,282,177
1826,24,23
1827,179,159
1828,155,155
1828,126,124
1828,2,2
1828,407,378
1828,381,363
1828,3,3
1829,261,201
1829,292,259
1829,466,416
1828,283,266
1828,535,440
1829,411,369
1829,303,279
1829,535,440
1829,278,246
1829,284,270
1829,348,232
1829,366,341
1830,79,79
1830,354,349
1831,249,217
1830,186,183
1830,165,156
1830,278,246
1830,293,233
1830,,
1830,141,140
1830,535,440
1829,250,227
1829,280,231
1831,505,501
1830,319,263
1831,313,310
1831,496,427
1831,192,185
1830,556,534
1831,411,369
1830,35,35
1830,278,245
1830,167,167
1830,420,346
1831,207,168
1831,2,2
1832,460,447
1832,535,440
1833,600,529
1833,307,307
1833,112,108
1833,450,408
1833,343,335
1834,408,377
1834,350,323
1834,317,275
1834,146,135
1833,350,317
1834,444,436
1832,290,240
1832,312,277
1832,426,378
1832,278,245
1833,220,212
1833,290,268
1833,117,109
1833,280,200
1833,278,245
1834,278,245
1835,350,309
1834,200,176
1834,350,309
1834,369,309
1834,386,362
1834,420,403
1834,179,153
1835,335,228
1834,728,418
1835,676,490
1835,313,305
1835,387,375
1835,430,367
1835,160,143
1835,487,440
1835,477,431
1835,429,366
1835,282,269
1835,236,224
1834,184,162
1834,535,440
1835,365,300
1836,264,244
1836,374,332
1836,198,194
1836,377,347
1836,190,174
1836,227,223
1835,,
1835,,
1835,,
1835,,
1836,,
1836,,
1836,,
1836,,
1836,425,359
1836,,
1836,,
1836,,
1836,,
1836,,
1836,,
1836,,
1836,,
1836,,
1836,325,307
1836,421,388
1836,,
1836,,
1836,,
1836,,
1836,,
1836,,
1836,,
1836,121,93
1836,,
1836,535,440
1836,,
1836,284,259
1836,591,490
1836,352,325
1836,438,403
1836,278,245
1836,380,319
1836,321,231
1836,481,463
1836,300,265
1836,278,246
1836,200,164
1836,401,367
1836,,
1837,49,49
1836,,
1837,111,103
1837,,
1837,,
1837,315,293
1837,,
1837,576,466
1837,108,88
1837,352,254
1837,350,346
1837,325,321
1837,164,110
1837,465,417
1837,189,143
1837,269,223
1837,439,433
1837,296,280
1836,352,335
1837,335,286
1837,324,280
1837,313,290
1836,213,175
1836,207,170
1836,571,470
1836,698,593
1838,575,570
1838,235,137
1838,,
1838,,
1838,,
1838,,
1838,,
1838,200,187
1838,361,324
1836,381,345
1838,478,430
1838,144,130
1838,222,222
1837,473,332
1837,186,159
1837,85,79
1838,559,425
1837,277,234
1838,306,245
1838,225,205
1838,520,475
1838,,
1838,,
1839,,
1839,,
1839,,
1839,,
1837,592,503
1839,191,191
1839,168,168
1838,332,295
1838,253,250
1838,591,583
1838,467,465
1839,320,308
1838,305,223
1839,251,199
1839,401,367
1838,,
1838,,
1838,328,279
1839,220,200
1839,,
1839,,
1839,,
1838,,
1838,,
1838,,
1838,,
1838,,
1838,,
1839,1,1
1839,,
1839,,
1839,344,338
1839,,
1839,,
1839,,
1839,352,335
1839,,
1839,,
1840,,
1839,,
1839,,
1839,424,427
1839,,
1839,,
1838,278,245
1839,,
1838,324,303
1840,,
1839,,
1840,,
1840,,
1840,,
1840,,
1840,,
1839,88,88
1837,278,245
1838,278,245
1840,380,370
1840,,
1840,,
1840,50,50
1840,413,340
1840,,
1840,,
1840,,
1840,,
1840,,
1840,,
1840,,
1839,,
1839,,
1839,,
1839,360,358
1839,,
1839,,
1839,,
1839,,
1839,,
1839,,
1840,2,2
1839,,
1839,,
1839,,
1839,,
1840,,
1840,359,350
1839,,
1840,,
1840,,
1840,,
1840,278,246
1840,278,246
1841,,
1841,,
1841,,
1841,291,290
1841,,
1841,,
1840,,
1839,648,533
1840,307,277
1840,315,279
1841,535,440
1842,,
1840,,
1840,,
1840,,
1840,,
1840,179,159
1839,535,440
1839,535,440
1841,,
1841,,
1841,,
1842,,
1841,,
1842,,
1842,,
1841,535,440
1840,535,440
1840,535,440
1842,411,369
1841,,
1841,,
1842,151,126
1826,284,270
1819,1,1
1820,12,12
1822,278,246
1822,319,263
1822,247,222
1822,345,300
1822,258,230
1822,319,263
1822,102,89
1822,278,246
1823,273,250
1822,273,250
1824,234,192
1823,273,250
1823,179,159
1823,319,263
1824,183,160
1823,234,192
1824,278,246
1842,352,325
1822,234,192
1822,234,192
1822,180,178
1822,511,421
1822,278,246
1822,164,156
1824,278,246
1824,278,246
1824,275,200
1824,238,207
1825,511,418
1824,,
1824,319,263
1825,183,160
1824,150,124
1824,273,250
1824,319,263
1825,14,12
1826,307,277
1825,183,160
1825,273,250
1825,273,250
1825,273,250
1825,300,275
1825,319,263
1825,273,250
1825,273,250
1825,183,160
1825,273,250
1825,183,160
1825,164,156
1825,278,246
1825,269,234
1825,288,259
1826,278,246
1826,319,263
1826,164,156
1825,376,335
1826,307,277
1826,376,335
1823,273,250
1823,255,230
1822,319,263
1823,234,192
1826,490,444
1825,183,160
1824,209,188
1824,278,246
1825,278,246
1825,183,160
1825,132,132
1824,278,246
1825,150,134
1826,,
1826,479,243
1825,,
1825,,
1826,,
1825,376,335
1826,490,444
1825,499,475
1826,255,198
1827,270,251
1826,200,165
1826,367,302
1826,115,95
1826,106,94
1826,99,88
1826,15,14
1826,200,165
1826,203,167
1826,427,352
1829,53,46
1829,,
1829,113,89
1828,426,366
1828,319,263
1828,214,194
1830,490,444
1829,226,205
1829,307,277
1829,374,372
1829,400,362
1830,148,131
1830,295,260
1830,285,251
1830,567,467
1830,320,300
1831,200,181
1830,135,111
1829,521,429
1827,307,277
1827,319,263
1827,319,263
1827,376,335
1827,123,112
1827,376,335
1827,319,263
1829,220,185
1829,220,207
1827,281,233
1827,366,302
1827,248,204
1827,308,254
1827,427,387
1827,278,246
1826,180,160
1819,228,203
1819,48,43
1819,141,125
1819,223,204
1819,183,162
1821,239,231
1822,192,171
1821,179,159
1820,183,162
1821,345,301
1843,491,444
1843,,
1839,,
1840,,
1840,,
1840,,
1821,182,154
1821,255,230
1821,232,207
1824,119,100
1825,119,100
1822,207,178
1822,3,2
1822,296,292
1822,100,80
1822,187,85
1822,149,147
1822,10,10
1822,112,99
1822,299,277
1822,324,300
1842,451,446
1822,181,168
1822,239,217
1822,299,277
1822,260,236
1822,336,291
1822,239,217
1823,152,120
1822,122,122
1824,,
1824,,
1824,,
1824,334,327
1824,319,263
1824,155,116
1824,260,255
1824,467,431
1824,381,369
1825,149,148
1824,500,476
1826,352,335
1825,280,267
1825,364,249
1825,386,385
1826,260,188
1826,4,4
1826,158,92
1826,183,163
1826,424,366
1825,273,250
1826,490,444
1826,490,444
1826,170,151
1826,,
1826,608,579
1826,,
1827,,
1827,191,188
1827,444,250
1827,317,308
1827,,
1827,,
1827,,
1827,,
1827,,
1827,,
1827,232,198
1827,3,3
1827,,
1827,308,289
1827,266,209
1827,,
1827,569,546
1827,,
1843,,
1827,179,159
1826,179,159
1826,559,524
1827,577,523
1843,,
1827,87,83
1827,,
1827,,
1828,,
1828,234,232
1828,,
1828,79,77
1828,354,320
1828,271,164
1828,,
1829,352,352
1827,381,352
1827,,
1827,381,352
1828,,
1828,218,217
1828,218,153
1828,184,169
1828,448,269
1828,,
1828,105,82
1828,646,624
1829,227,225
1829,182,166
1828,127,122
1829,232,215
1829,405,366
1829,,
1829,357,351
1829,420,399
1829,353,244
1829,279,128
1829,486,435
1829,209,155
1829,157,153
1829,432,359
1830,187,171
1830,184,172
1830,310,252
1830,282,251
1830,377,183
1830,43,42
1831,179,159
1829,352,325
1830,225,200
1830,535,440
1830,535,440
1829,,
1843,,
1833,293,270
1833,352,325
1835,500,483
1835,214,202
1835,190,186
1841,,
1841,,
1842,,
1842,352,325
1842,,
1842,,
1841,,
1842,352,325
1842,352,325
1835,437,400
1835,352,325
1835,352,325
1834,247,228
1835,352,325
1836,,
1836,477,430
1836,268,258
1836,526,469
1837,449,441
1837,197,192
1837,356,346
1837,785,596
1837,210,186
1838,453,380
1837,138,116
1837,,
1839,,
1843,,
1836,352,325
1837,352,325
1840,352,325
1839,,
1839,,
1839,,
1839,,
1839,,
1838,388,362
1839,203,197
1839,,
1839,,
1839,,
1839,,
1839,,
1840,1,1
1840,,
1839,,
1839,,
1839,,
1721,311,269
1734,169,150
1734,169,150
1731,240,197
1693,365,290
1693,251,174
1736,237,203
1714,169,150
1714,169,150
1714,169,150
1714,190,162
1714,148,131
1715,169,150
1712,112,90
1715,124,
1715,136,
1715,273,236
1715,497,430
1716,,
1716,60,53
1717,260,250
1717,273,236
1718,273,236
1718,396,343
1719,276,209
1721,273,236
1721,340,300
1721,273,236
1720,121,108
1720,273,236
1721,273,236
1720,,
1721,200,173
1723,169,150
1724,273,236
1724,377,326
1725,50,43
1725,273,236
1726,169,150
1726,273,236
1728,169,150
1727,169,150
1727,149,126
1728,148,131
1728,169,150
1728,169,150
1728,169,150
1728,149,126
1728,273,236
1728,169,150
1729,148,131
1729,169,150
1729,169,150
1729,169,150
1729,149,126
1730,169,150
1729,169,150
1729,169,150
1730,169,150
1730,220,190
1730,149,
1732,273,236
1733,190,179
1713,212,170
1765,123,101
1769,83,69
1794,149,
1807,89,78
1715,273,236
1719,273,236
1751,57,48
1759,25,21
1726,372,326
1730,350,306
1730,418,380
1751,250,208
1766,148,123
1797,94,77
1685,,
1715,307,293
1770,180,156
1772,196,
1713,237,190
1713,237,190
1730,271,217
1730,118,100
1731,121,108
1730,273,236
1731,271,217
1731,331,283
1731,150,123
1730,273,236
1773,412,350
1731,271,217
1731,240,197
1731,180,155
1731,276,209
1731,271,217
1731,276,209
1732,273,236
1732,125,106
1732,150,115
1732,271,217
1732,169,150
1732,271,217
1732,271,217
1733,271,217
1732,271,217
1733,271,217
1733,271,217
1731,271,217
1734,9,8
1733,308,249
1733,271,217
1732,123,116
1733,271,217
1732,169,
1733,271,217
1733,263,223
1734,123,107
1734,149,126
1734,271,217
1733,271,217
1734,271,217
1734,271,217
1735,,
1735,271,217
1735,121,108
1730,386,351
1734,,
1734,271,217
1729,271,217
1729,271,217
1729,271,217
1730,174,150
1730,429,390
1730,349,316
1729,271,217
1730,271,217
1730,363,294
1730,271,217
1730,110,89
1730,147,124
1730,271,217
1730,212,194
1730,271,217
1730,271,217
1730,271,217
1730,217,184
1730,271,217
1730,271,217
1728,226,204
1728,273,236
1728,20,
1728,271,217
1730,271,217
1730,331,283
1729,271,217
1729,271,217
1729,273,236
1729,273,236
1737,322,273
1729,276,209
1729,271,217
1729,247,200
1730,271,217
1730,271,217
1729,273,236
1729,271,217
1729,271,217
1731,162,130
1729,271,217
1730,276,209
1726,271,217
1727,271,217
1737,381,331
1733,271,217
1735,271,217
1736,271,217
1729,148,131
1727,226,204
1727,121,109
1728,274,232
1729,271,217
1726,90,72
1726,130,124
1726,253,203
1726,190,152
1725,568,484
1724,250,200
1724,145,116
1718,118,100
1732,271,217
1734,273,236
1738,386,351
1751,65,59
1754,169,150
1759,257,220
1760,84,70
1760,187,160
1760,210,180
1761,250,208
1761,352,300
1761,226,204
1761,386,351
1764,250,208
1765,440,400
1765,110,100
1765,165,150
1769,104,94
1771,122,105
1772,111,98
1772,225,200
1772,139,120
1774,146,129
1774,311,275
1773,353,318
1773,165,140
1773,95,86
1774,40,36
1797,145,128
1797,149,126
1797,149,126
1802,149,126
1802,149,126
1804,234,192
1807,234,192
1783,183,150
1782,106,90
1727,316,247
1727,273,236
1727,,
1727,271,217
1728,121,108
1728,148,
1729,234,200
1730,271,217
1729,240,197
1729,271,217
1728,271,217
1728,273,236
1728,273,236
1720,134,102
1759,250,208
1764,250,208
1765,250,209
1766,110,98
1766,250,209
1719,10,9
1753,141,125
1728,271,217
1727,234,190
1727,240,
1727,226,204
1736,367,
1727,271,217
1728,376,312
1728,271,217
1736,271,217
1732,160,133
1736,271,217
1728,271,217
1728,271,217
1728,271,217
1727,271,217
1727,271,217
1728,271,217
1730,271,217
1727,271,217
1727,271,217
1657,251,174
1654,314,242
1654,314,242
1738,271,217
1739,271,217
1644,90,77
1738,271,217
1739,321,272
1737,271,217
1737,271,217
1740,271,217
1737,271,217
1736,271,217
1737,271,217
1737,362,306
1737,254,214
1662,317,247
1670,330,264
1674,330,264
1656,330,264
1656,239,192
1661,330,264
1662,330,264
1668,280,219
1668,259,207
1668,316,247
1668,251,174
1668,251,174
1679,243,195
1728,271,217
1728,271,217
1728,271,217
1728,271,217
1728,271,217
1730,271,217
1668,330,264
1669,330,264
1737,271,217
1727,271,217
1728,271,217
1729,271,217
1730,271,217
1731,271,217
1732,271,217
1733,271,217
1734,271,217
1735,271,217
1737,271,217
1739,271,217
1733,271,217
1648,100,80
1648,251,174
1647,251,174
1646,,
1642,244,209
1642,32,26
1644,179,158
1644,179,158
1644,179,158
1644,179,158
1645,70,62
1649,325,259
1739,331,283
1739,308,272
1740,383,350
1739,271,217
1738,322,273
1739,271,217
1739,240,197
1739,252,213
1739,271,217
1760,216,153
1758,15,13
1657,330,264
1690,243,195
1655,330,264
1658,330,264
1658,145,109
1657,330,264
1658,330,264
1672,330,264
1677,243,195
1672,330,264
1725,83,69
1733,149,126
1740,195,165
1695,243,195
1698,243,195
1693,243,195
1698,243,195
1773,,
1768,186,117
1768,100,70
1786,107,96
1730,480,384
1743,138,98
1703,237,190
1783,173,170
1787,30,25
1755,252,210
1754,264,220
1764,169,150
1777,204,180
1778,335,300
1716,237,190
1758,94,74
1758,80,70
1763,110,108
1773,352,287
1652,347,281
1655,347,281
1716,257,187
1732,150,115
1736,150,130
1668,276,211
1648,239,192
1646,347,269
1654,145,109
1655,145,109
1655,145,109
1655,145,109
1755,267,223
1655,145,109
1655,145,109
1655,145,109
1655,145,109
1655,145,109
1655,145,109
1655,145,109
1655,145,109
1654,145,109
1654,145,109
1654,145,109
1654,170,146
1655,145,109
1654,145,109
1654,145,109
1652,145,109
1652,145,109
1654,150,129
1660,145,109
1660,,
1660,145,109
1659,145,109
1660,190,163
1660,145,109
1660,145,109
1673,285,218
1654,212,182
1659,145,109
1672,285,218
1659,145,109
1658,145,109
1658,145,109
1659,145,109
1700,,
1700,145,109
1662,347,281
1802,139,127
1774,94,74
1802,139,127
1739,276,209
1807,149,126
1755,250,209
1755,250,
1755,250,208
1755,169,150
1755,169,150
1755,169,150
1755,153,131
1755,93,79
1755,250,208
1755,166,138
1755,250,209
1755,250,208
1755,250,208
1755,83,69
1757,250,208
1756,223,191
1757,61,58
1756,250,208
1757,169,150
1756,,
1757,250,208
1757,250,
1756,250,209
1756,46,39
1757,75,64
1757,250,208
1756,,
1757,250,208
1757,,
1757,250,208
1758,,
1758,250,208
1758,250,209
1758,250,208
1758,250,208
1759,230,197
1753,58,50
1754,91,81
1754,42,37
1754,88,78
1754,90,80
1754,210,180
1754,69,54
1755,82,68
1756,54,46
1756,157,134
1756,138,122
1756,92,82
1756,81,63
1756,72,64
1756,51,46
1757,74,62
1757,100,78
1757,76,59
1758,26,22
1759,170,139
1760,42,35
1752,133,114
1750,271,217
1750,271,217
1740,271,217
1740,271,217
1738,271,217
1741,271,217
1741,234,198
1741,273,236
1741,271,217
1741,271,217
1741,271,217
1744,205,170
1743,232,207
1743,121,108
1744,274,228
1744,335,278
1745,372,309
1745,232,193
1745,203,192
1745,289,240
1745,181,150
1745,160,130
1746,426,354
1746,317,257
1746,291,240
1746,409,340
1746,230,191
1747,542,450
1747,277,230
1747,226,188
1747,303,252
1746,414,354
1746,262,215
1747,207,195
1748,457,380
1748,276,229
1748,100,82
1748,331,275
1748,273,221
1748,151,134
1748,173,140
1748,277,230
1748,273,227
1749,403,335
1747,38,33
1747,159,136
1748,101,90
1747,81,72
1748,61,49
1749,152,130
1749,109,89
1749,158,140
1749,28,25
1744,271,217
1745,235,222
1744,271,217
1744,66,59
1744,271,217
1744,315,255
1744,,
1746,271,217
1747,253,219
1747,370,3
1747,322,273
1747,271,217
1747,271,217
1747,271,217
1747,,
1747,271,217
1775,196,
1747,271,217
1748,,
1749,271,217
1747,240,197
1748,271,217
1748,149,126
1748,386,351
1747,271,217
1748,271,217
1748,271,217
1748,,
1748,271,217
1749,294,260
1750,159,140
1749,271,217
1750,149,126
1749,271,217
1749,271,217
1749,,
1750,149,126
1750,271,217
1750,136,120
1750,271,217
1750,271,217
1750,172,150
1751,83,69
1753,83,65
1754,26,20
1750,11,10
1752,15,12
1751,36,32
1753,17,13
1755,27,21
1755,26,23
1765,255,212
1765,117,100
1767,113,100
1768,81,71
1769,56,50
1716,125,111
1774,149,126
1776,273,236
1776,273,236
1758,32,25
1762,32,27
1762,112,91
1763,143,119
1763,194,172
1762,178,158
1763,50,44
1763,64,52
1763,136,113
1764,61,54
1764,80,71
1764,80,63
1764,133,118
1764,74,63
1765,121,107
1765,36,32
1765,58,45
1766,80,62
1768,42,33
1756,81,70
1792,340,316
1795,340,316
1645,350,304
1723,144,127
1722,194,185
1658,288,216
1717,744,540
1731,26,8
1732,32,32
1736,14,12
1734,8,7
1762,78,61
1725,600,524
1727,195,160
1727,178,152
1727,86,77
1727,122,100
1725,94,78
1726,198,176
1793,116,105
1791,192,169
1795,130,106
1792,33,26
1791,130,106
1791,94,77
1795,130,106
1794,113,105
1794,210,195
1794,94,77
1796,149,126
1796,77,71
1795,83,69
1796,216,190
1796,149,126
1797,94,77
1796,134,110
1801,310,279
1802,101,88
1802,267,201
1802,101,88
1802,83,69
1802,352,335
1803,81,61
1804,374,334
1803,162,153
1804,101,88
1804,101,88
1804,267,201
1804,101,88
1805,83,69
1805,267,201
1805,101,88
1805,153,128
1805,267,201
1807,267,201
1727,273,236
1727,271,217
1679,149,126
1750,250,248
1763,116,90
1762,149,126
1764,194,165
1760,95,74
1759,59,50
1667,312,250
1731,271,217
1570,395,316
1572,359,287
1575,388,289
1585,359,287
1585,359,287
1565,400,298
1585,359,287
1585,359,287
1586,359,287
1586,359,287
1587,359,287
1587,359,287
1587,699,520
1587,359,287
1587,250,235
1587,472,395
1588,194,162
1588,93,85
1586,92,84
1588,300,279
1588,289,242
1588,92,84
1588,170,168
1588,60,50
1589,73,54
1589,104,77
1589,253,188
1610,371,297
1589,146,122
1589,275,230
1589,156,131
1589,140,104
1589,484,405
1589,372,311
1590,115,96
1590,99,83
1590,248,208
1590,117,98
1590,141,118
1590,130,109
1590,220,184
1591,69,51
1591,164,122
1591,359,287
1593,124,92
1593,242,180
1593,96,80
1593,134,100
1593,105,78
1593,344,256
1593,52,39
1594,5,4
1594,98,73
1594,389,326
1594,190,159
1594,56,42
1594,129,96
1594,54,40
1594,49,41
1595,32,24
1595,397,317
1595,180,134
1610,214,159
1609,128,107
1609,143,120
1609,181,135
1610,380,304
1610,143,120
1610,355,284
1611,167,124
1612,359,287
1613,359,287
1613,359,287
1617,397,317
1617,413,331
1618,481,220
1620,359,287
1620,481,385
1620,621,462
1612,371,297
1612,346,277
1612,147,123
1612,413,331
1613,330,264
1615,204,152
1614,359,287
1614,359,287
1614,359,287
1614,359,287
1615,282,210
1615,191,142
1615,142,106
1616,413,331
1616,34,25
1617,222,165
1617,156,116
1617,238,177
1617,220,164
1617,142,106
1617,254,189
1617,236,176
1617,169,126
1617,215,160
1617,212,158
1617,50,40
1618,481,385
1618,629,468
1619,659,468
1618,338,271
1618,413,331
1618,329,263
1618,335,268
1618,329,263
1619,447,358
1619,381,305
1619,346,277
1620,376,300
1620,208,174
1620,246,183
1620,640,512
1620,397,317
1620,196,157
1620,584,467
1621,420,386
1620,360,268
1620,413,330
1620,413,331
1621,363,290
1621,204,152
1621,443,330
1621,323,258
1621,430,320
1621,436,349
1621,256,205
1621,235,175
1621,481,385
1621,326,261
1621,374,299
1622,256,205
1622,452,286
1622,413,331
1622,200,160
1622,194,155
1622,413,331
1622,256,205
1622,265,212
1799,130,128
1795,51,45
1759,8,
1724,53,
1783,116,103
1621,420,336
1533,224,166
1586,359,287
1585,397,287
1583,185,287
1585,359,287
1794,512,300
1783,400,366
1737,352,255
1532,25,20
1586,359,287
1587,291,246
1590,242,180
1595,386,309
1595,229,192
1595,140,117
1595,312,250
1595,159,133
1595,279,223
1595,287,230
1595,196,146
1595,594,497
1595,275,205
1596,338,270
1596,152,127
1596,361,269
1596,296,236
1596,167,124
1596,510,408
1596,371,297
1596,456,364
1596,417,333
1596,498,398
1596,419,336
1596,338,270
1597,318,237
1597,289,248
1597,259,235
1597,289,242
1597,171,143
1597,207,173
1597,192,161
1597,202,150
1597,197,147
1597,267,199
1597,36,27
1597,157,117
1597,208,157
1597,434,323
1597,211,157
1597,339,284
1597,184,137
1597,201,168
1597,130,109
1597,215,180
1598,413,331
1598,233,195
1598,144,107
1598,113,95
1598,156,116
1598,420,352
1598,240,201
1598,203,170
1598,204,152
1598,206,153
1598,281,241
1598,344,288
1598,173,145
1598,241,202
1598,227,190
1598,381,319
1598,137,115
1598,182,152
1598,168,141
1599,199,167
1599,370,317
1599,225,188
1599,207,154
1599,167,140
1599,214,179
1599,244,204
1599,199,167
1599,372,311
1599,272,228
1599,228,191
1599,299,250
1599,116,97
1599,222,186
1599,240,201
1599,189,158
1599,190,159
1599,180,151
1599,259,193
1599,389,326
1599,304,226
1599,327,274
1599,188,140
1600,247,184
1600,201,168
1600,212,158
1600,248,208
1600,223,187
1600,330,276
1600,207,173
1600,191,142
1600,232,194
1600,361,302
1600,105,88
1600,151,126
1600,330,276
1600,247,207
1600,324,271
1600,203,170
1600,237,198
1600,176,147
1600,263,220
1600,302,253
1600,247,207
1601,346,290
1601,125,105
1601,239,178
1601,167,140
1601,291,233
1601,269,200
1601,227,190
1601,242,180
1601,220,164
1601,304,226
1601,371,297
1601,356,285
1601,430,344
1601,329,263
1601,356,285
1601,347,278
1601,338,270
1601,338,270
1601,346,277
1596,447,358
1597,371,297
1598,413,331
1598,338,270
1598,371,297
1598,384,307
1598,371,297
1599,430,344
1599,375,300
1599,392,314
1599,338,270
1599,384,307
1599,206,287
1599,384,307
1600,375,300
1600,319,255
1600,343,274
1600,363,290
1600,384,307
1601,357,286
1601,382,305
1601,386,309
1661,338,291
1671,338,291
1672,429,369
1671,338,291
1670,338,291
1742,294,270
1748,297,273
1700,43,37
1701,60,52
1715,349,300
1715,321,275
1724,455,400
1725,465,400
1762,323,302
1767,313,271
1769,303,279
1769,250,216
1784,150,130
1784,313,271
1784,313,271
1784,323,302
1784,313,271
1792,376,325
1792,373,323
1792,35,32
1808,303,279
1668,215,187
1667,338,291
1668,216,186
1668,250,215
1668,217,187
1668,143,123
1668,244,210
1668,177,152
1668,338,291
1669,455,391
1669,147,126
1764,74,64
1784,313,271
1785,313,271
1786,1,1
1669,230,200
1674,455,384
1671,150,129
1660,478,411
1660,338,291
1660,328,285
1658,259,207
1701,7,6
1705,474,417
1705,474,417
1749,303,279
1755,313,271
1733,185,160
1756,303,279
1741,303,279
1785,303,279
1770,323,302
1761,323,302
1741,303,279
1784,303,279
1783,313,271
1615,283,245
1772,303,279
1598,280,241
1664,382,331
1753,231,199
1646,330,264
1758,263,240
1679,468,403
1684,600,516
1686,388,300
1688,150,129
1687,363,311
1691,555,477
1692,468,403
1694,468,403
1695,468,403
1694,468,403
1697,446,383
1696,468,403
1697,468,403
1697,468,403
1697,363,311
1699,468,403
1699,363,311
1699,468,403
1699,363,311
1699,450,386
1700,468,403
1699,468,403
1700,525,450
1700,363,311
1700,468,403
1700,468,403
1700,171,153
1700,189,162
1700,363,311
1700,363,311
1699,468,403
1701,127,117
1700,363,311
1699,400,343
1699,363,311
1700,363,311
1700,468,403
1701,500,429
1700,468,403
1699,363,311
1701,211,192
1701,468,403
1702,468,403
1701,153,132
1702,363,311
1702,363,311
1702,363,311
1702,468,403
1705,468,403
1709,468,403
1709,384,330
1711,363,311
1710,468,403
1711,363,311
1711,468,403
1711,363,311
1712,468,403
1711,468,403
1711,468,403
1713,363,311
1712,468,403
1713,468,403
1715,19,16
1714,468,403
1713,468,403
1715,68,58
1714,468,403
1713,363,311
1713,363,311
1714,363,311
1715,363,311
1715,468,403
1715,468,403
1715,363,311
1715,363,311
1715,468,403
1714,468,403
1715,363,311
1715,147,126
1716,192,165
1714,468,403
1716,468,403
1716,468,403
1717,363,311
1716,468,403
1715,468,403
1715,468,403
1716,468,403
1717,127,117
1715,468,403
1716,468,403
1716,468,403
1715,363,311
1717,468,403
1718,363,311
1717,468,403
1717,363,311
1717,468,403
1717,363,311
1719,429,368
1717,127,117
1718,468,403
1717,468,403
1719,468,403
1719,468,403
1719,200,172
1720,468,403
1719,468,403
1719,363,311
1718,468,403
1718,468,403
1719,468,403
1720,468,403
1721,363,311
1719,127,117
1720,468,403
1720,468,403
1720,363,311
1720,468,403
1722,468,403
1720,468,403
1721,468,403
1721,468,403
1722,468,403
1721,468,403
1724,468,403
1725,174,160
1726,468,403
1731,310,277
1729,468,403
1772,,
1790,530,447
1790,177,159
1790,189,170
1790,264,226
1791,202,165
1792,246,208
1792,188,154
1792,270,221
1792,248,233
1795,196,187
1795,191,169
1795,370,312
1795,448,427
1795,339,301
1796,211,174
1797,206,170
1797,210,186
1797,264,223
1797,262,221
1798,206,185
1799,222,187
1799,197,163
1799,244,206
1802,169,152
1802,179,148
1802,289,250
1802,197,170
1802,178,170
1802,223,193
1802,227,196
1802,200,180
1802,171,148
1803,216,187
1803,189,163
1803,444,384
1803,213,174
1803,289,260
1803,512,442
1803,300,236
1804,237,205
1804,198,171
1788,230,158
1805,255,220
1805,172,149
1819,239,217
1819,274,248
1819,396,359
1819,164,149
1819,241,215
1819,210,190
1819,219,209
1818,172,167
1819,259,224
1819,82,73
1806,182,149
1806,183,150
1810,180,162
1810,264,237
1810,71,62
1810,243,204
1810,136,113
1810,206,186
1810,219,209
1810,162,154
1810,331,298
1810,196,163
1810,202,177
1810,209,199
1809,121,106
1809,303,262
1809,140,133
1810,72,69
1810,435,376
1810,201,169
1810,290,261
1810,330,270
1810,224,188
1810,163,145
1810,78,68
1810,313,281
1810,170,140
1810,108,103
1810,163,137
1810,461,411
1809,372,321
1809,76,68
1810,407,333
1810,127,114
1810,418,361
1810,80,72
1810,371,312
1810,230,207
1811,126,120
1810,205,170
1811,159,152
1811,184,175
1811,84,80
1811,125,105
1811,119,106
1811,271,258
1811,75,66
1811,263,238
1811,387,334
1811,279,274
1811,158,151
1811,269,232
1811,183,154
1811,196,165
1811,164,144
1811,107,96
1811,145,127
1811,949,820
1811,446,401
1811,249,224
1812,323,271
1812,109,96
1812,73,63
1812,250,219
1812,80,76
1812,168,151
1812,131,116
1812,233,204
1812,80,70
1812,272,235
1812,364,319
1812,158,139
1812,535,481
1812,284,255
1812,146,128
1812,118,112
1812,187,164
1812,145,131
1813,238,209
1812,245,215
1813,323,271
1813,220,185
1813,240,214
1813,201,176
1813,262,255
1813,72,70
1813,388,326
1813,311,280
1813,75,71
1813,227,199
1814,187,182
1814,92,81
1814,198,189
1814,268,241
1814,227,191
1814,84,80
1814,58,55
1814,186,163
1814,85,75
1814,300,263
1814,247,220
1815,640,572
1815,115,101
1815,399,335
1815,141,137
1815,381,320
1815,197,173
1815,271,222
1815,162,142
1815,137,120
1815,131,115
1815,293,246
1815,201,181
1815,293,246
1815,58,52
1815,220,193
1815,227,199
1815,238,209
1815,291,255
1815,122,107
1815,511,429
1815,257,216
1815,318,279
1815,386,324
1815,210,204
1815,362,328
1815,326,286
1815,136,119
1815,329,320
1815,176,154
1815,164,144
1816,401,390
1815,263,256
1815,511,457
1816,584,535
1816,366,321
1816,152,136
1816,256,244
1816,248,218
1816,115,112
1816,299,269
1816,300,286
1816,101,89
1816,395,355
1816,170,162
1816,350,302
1816,130,124
1816,211,185
1815,195,171
1816,456,400
1816,435,382
1816,98,93
1816,306,257
1816,421,354
1816,259,227
1816,233,204
1816,135,118
1816,283,275
1816,268,260
1816,383,336
1816,232,195
1816,380,319
1816,75,71
1816,274,240
1816,299,251
1816,337,283
1816,233,210
1816,253,222
1816,234,205
1816,393,345
1816,304,295
1816,199,175
1816,377,317
1816,358,319
1816,378,314
1816,315,265
1816,222,216
1816,148,130
1816,361,331
1816,320,281
1816,559,464
1816,353,320
1816,321,282
1816,193,169
1816,302,265
1816,357,300
1816,393,382
1816,222,216
1816,323,283
1816,247,217
1816,418,351
1816,313,275
1816,219,213
1816,218,212
1816,344,289
1816,145,127
1816,139,122
1816,423,371
1816,201,195
1816,184,161
1816,104,91
1816,281,240
1816,239,210
1817,275,267
1817,409,368
1817,269,236
1817,98,95
1817,146,128
1817,457,401
1816,373,336
1817,241,230
1817,345,295
1817,430,377
1817,417,350
1817,385,347
1817,558,469
1817,490,407
1817,563,486
1817,344,302
1817,446,391
1817,246,207
1817,341,299
1817,263,231
1817,463,406
1817,226,198
1817,266,258
1817,156,137
1817,222,195
1816,168,147
1817,245,215
1817,397,330
1817,179,150
1817,160,155
1817,380,319
1817,154,147
1817,145,130
1817,125,110
1817,421,409
1817,423,355
1817,369,310
1817,336,282
1817,90,81
1817,131,110
1817,291,255
1817,177,172
1817,80,70
1817,703,584
1817,439,369
1817,150,132
1817,424,412
1817,86,72
1817,515,472
1817,71,68
1817,203,178
1817,265,238
1817,375,335
1817,180,163
1817,217,190
1817,230,202
1817,221,211
1817,303,262
1817,239,210
1817,328,288
1817,487,409
1817,505,424
1817,397,386
1817,172,164
1817,295,245
1817,376,316
1817,376,316
1817,384,352
1817,365,320
1817,188,169
1817,270,243
1817,734,610
1817,469,430
1817,401,337
1817,569,478
1817,491,431
1817,483,460
1817,150,132
1817,533,448
1817,320,281
1817,286,234
1817,245,215
1817,327,312
1817,266,233
1817,275,267
1818,497,436
1817,334,281
1818,242,212
1818,364,354
1818,361,262
1818,207,182
1818,62,54
1818,350,294
1818,291,255
1818,161,156
1818,364,327
1818,486,426
1818,144,121
1818,180,175
1818,400,351
1818,82,80
1818,412,346
1818,316,290
1818,273,250
1818,461,448
1818,362,304
1818,445,432
1818,154,150
1818,469,394
1818,186,177
1818,870,723
1818,290,254
1818,334,306
1818,368,309
1818,713,616
1818,289,275
1818,210,204
1818,260,248
1818,305,268
1818,415,345
1818,449,404
1818,296,260
1818,383,344
1818,357,313
1818,95,92
1818,316,307
1818,163,158
1818,69,62
1818,227,221
1818,583,490
1818,721,606
1818,342,332
1818,590,490
1819,149,134
1819,349,314
1819,311,296
1819,353,336
1819,178,161
1819,121,115
1820,179,164
1820,94,90
1820,316,290
1689,240,187
1690,381,331
1691,120,93
1690,216,150
1691,600,520
1690,251,174
1691,635,580
1691,496,430
1689,,
1694,542,470
1694,330,265
1694,321,305
1695,598,541
1696,,
1699,179,158
1702,451,390
1702,193,165
1702,144,136
1702,386,351
1702,,
1704,170,130
1703,114,92
1703,,226
1703,,
1703,273,236
1704,316,241
1704,,
1704,366,224
1704,265,219
1704,,
1705,,
1705,590,539
1705,550,400
1705,248,214
1723,400,316
1683,315,208
1706,364,315
1688,251,174
1682,438,380
1684,245,197
1684,342,260
1683,220,188
1686,150,106
1686,195,158
1689,270,205
1704,300,273
1704,332,286
1704,400,378
1703,261,223
1704,510,466
1704,150,208
1704,181,140
1701,224,204
1701,414,353
1701,221,191
1702,292,222
1684,212,161
1702,473,409
1702,254,216
1702,549,468
1706,563,510
1706,210,180
1704,401,174
1704,100,81
1705,180,176
1705,600,536
1705,304,238
1705,550,290
1705,615,556
1705,188,166
1703,571,458
1699,91,80
1695,360,304
1695,200,196
1696,120,113
1696,336,327
1696,129,125
1696,413,314
1697,316,247
1696,381,331
1697,,
1698,346,131
1698,330,313
1703,301,253
1703,273,236
1706,629,536
1702,273,236
1702,273,236
1701,350,183
1701,64,58
1701,296,269
1701,386,351
1701,130,117
1685,360,272
1687,489,424
1679,326,226
1675,12,10
1720,270,218
1722,200,185
1678,134,107
1676,,
1674,691,544
1675,192,150
1676,346,300
1677,150,120
1679,293,180
1678,222,180
1678,200,160
1678,250,200
1679,270,244
1679,179,160
1681,254,250
1680,600,220
1681,137,110
1681,112,90
1700,132,103
1689,268,232
1683,258,226
1683,507,474
1682,317,247
1683,171,169
1683,317,254
1692,855,650
1692,400,305
1698,212,147
1704,199,172
1706,198,176
1707,213,171
1698,22,18
1699,265,212
1700,243,195
1700,243,195
1700,205,164
1700,243,195
1700,243,195
1700,243,195
1700,250,200
1701,109,87
1701,190,152
1701,237,190
1701,152,122
1701,100,80
1701,108,92
1701,79,63
1701,187,150
1701,91,73
1701,94,83
1701,166,133
1701,327,262
1701,84,75
1701,57,46
1702,400,320
1702,345,276
1702,11,9
1702,189,151
1702,250,200
1702,97,82
1702,75,60
1702,28,25
1702,125,100
1703,143,140
1703,199,181
1704,370,320
1704,300,250
1705,311,269
1700,275,220
1701,225,180
1701,212,193
1701,125,100
1702,148,112
1702,97,78
1702,237,190
1700,226,181
1702,203,180
1698,317,220
1698,155,124
1700,492,394
1700,248,199
1702,350,280
1702,440,400
1702,330,300
1700,151,135
1701,153,137
1701,169,135
1702,137,118
1702,196,157
1702,208,174
1702,245,196
1702,230,184
1703,186,161
1704,325,260
1709,166,133
1707,116,93
1701,57,46
1703,185,148
1704,305,260
1704,252,218
1705,110,88
1705,102,82
1705,112,90
1705,292,234
1706,155,134
1706,115,92
1707,262,226
1707,151,121
1698,171,130
1701,74,63
1701,177,150
1703,368,295
1700,132,106
1700,430,234
1701,177,142
1701,400,320
1701,300,240
1702,20,16
1702,531,425
1704,157,126
1672,180,125
1683,130,90
1709,333,253
1709,169,150
1709,255,213
1709,404,350
1710,390,370
1709,362,290
1709,259,230
1709,268,224
1710,340,300
1710,328,320
1709,161,130
1710,365,292
1711,105,90
1710,419,363
1710,333,294
1710,306,270
1710,295,225
1710,190,168
1710,337,270
1710,300,290
1710,263,201
1710,255,204
1709,,
1710,223,186
1715,148,131
1710,202,180
1710,410,311
1710,250,200
1709,237,190
1710,165,125
1710,237,190
1709,272,228
1711,396,350
1710,237,190
1711,378,316
1711,401,335
1711,405,358
1712,510,487
1712,300,292
1717,82,17
1720,277,245
1711,382,319
1711,368,325
1711,602,550
1711,301,266
1711,346,296
1711,282,249
1711,404,350
1711,215,180
1711,154,133
1711,190,152
1711,135,108
1682,355,308
1683,279,242
1683,396,301
1683,197,137
1685,110,88
1687,324,281
1687,388,295
1687,368,280
1687,154,107
1687,473,410
1687,525,399
1687,197,137
1688,293,203
1688,358,287
1688,252,202
1688,587,470
1684,181,163
1694,446,357
1687,110,100
1687,360,293
1687,360,345
1687,281,240
1687,40,35
1693,598,288
1682,475,371
1682,250,232
1682,160,70
1682,253,120
1682,35,24
1683,164,104
1683,67,
1698,166,133
1698,121,97
1700,140,112
1699,381,331
1700,243,195
1701,200,160
1700,251,
1702,157,139
1701,325,260
1701,237,190
1702,258,196
1703,72,64
1703,155,128
1703,163,144
1706,245,196
1706,203,154
1707,237,190
1707,226,200
1706,237,190
1707,181,160
1707,136,120
1708,258,216
1707,121,108
1708,509,450
1708,224,187
1708,339,299
1708,200,162
1707,112,90
1707,208,158
1708,351,310
1708,237,190
1708,200,166
1709,306,280
1709,176,156
1709,315,240
1708,,
1709,236,180
1710,396,350
1710,233,218
1709,,
1709,215,190
1710,164,145
1710,120,95
1710,223,186
1710,200,170
1710,265,201
1710,178,158
1710,126,113
1710,,
1711,234,194
1711,141,126
1710,419,370
1711,237,190
1710,293,245
1710,237,190
1710,237,190
1710,,
1710,,
1710,121,108
1711,226,200
1711,281,248
1711,287,240
1710,237,190
1710,237,190
1710,237,190
1712,280,248
1711,147,130
1711,237,190
1712,303,268
1711,128,113
1711,350,278
1711,382,330
1712,272,240
1712,191,169
1712,513,429
1711,303,251
1711,196,173
1713,238,210
1713,237,190
1712,148,131
1713,208,180
1712,412,330
1713,273,236
1713,282,240
1713,311,260
1713,121,108
1712,237,190
1713,443,391
1713,262,219
1712,400,320
1713,287,240
1713,204,180
1713,299,250
1713,,
1714,237,190
1714,250,200
1714,252,218
1714,232,216
1718,237,190
1719,225,190
1719,225,190
1719,225,190
1719,,
1719,159,131
1719,225,190
1719,225,190
1719,225,190
1698,40,32
1698,174,160
1719,118,
1760,400,360
1760,250,209
1760,169,150
1760,200,166
1760,250,209
1760,250,208
1759,250,209
1760,196,174
1760,250,208
1760,276,209
1760,250,208
1760,250,208
1760,230,197
1760,250,208
1760,250,208
1760,171,151
1760,250,208
1760,169,150
1762,264,220
1762,250,209
1761,169,
1761,250,208
1761,672,560
1761,169,150
1761,250,208
1762,250,208
1761,169,150
1762,36,32
1761,,
1762,257,220
1762,169,150
1762,62,52
1762,169,150
1761,226,204
1762,226,204
1762,250,208
1762,250,208
1762,87,72
1762,194,158
1762,288,240
1762,,
1762,250,208
1762,250,208
1762,386,267
1762,169,
1761,250,208
1762,230,197
1763,185,158
1765,196,174
1763,250,208
1764,169,150
1763,,
1763,,
1763,250,209
1763,148,131
1763,,
1763,169,150
1764,96,80
1763,60,50
1763,,
1763,169,150
1764,133,118
1764,244,220
1765,331,270
1764,383,340
1764,250,208
1763,216,185
1764,169,150
1764,319,260
1764,154,120
1763,,
1764,149,126
1764,169,150
1764,250,208
1764,196,174
1764,204,170
1764,355,296
1764,270,220
1764,226,204
1764,169,150
1764,169,150
1765,101,90
1764,236,202
1764,,
1765,210,180
1765,250,208
1765,196,174
1766,42,38
1765,172,140
1766,301,260
1765,171,151
1765,250,208
1765,,
1766,250,208
1765,250,208
1765,,
1765,248,220
1766,250,209
1765,250,208
1765,338,276
1766,250,208
1766,222,190
1765,230,204
1766,111,97
1766,250,209
1765,169,150
1765,148,131
1767,310,268
1766,276,209
1766,196,174
1767,,
1766,226,204
1766,,
1767,169,150
1767,169,150
1767,367,
1768,152,130
1767,149,126
1767,,
1767,120,100
1767,59,52
1767,250,208
1767,414,345
1768,143,127
1768,152,130
1767,300,259
1767,226,204
1763,31,24
1768,196,174
1770,,
1768,250,209
1768,386,351
1767,290,266
1768,276,209
1768,149,126
1768,386,351
1768,250,208
1769,250,208
1769,250,208
1769,,
1769,,
1769,107,96
1769,240,213
1770,203,176
1770,250,
1770,250,208
1770,250,208
1770,250,208
1770,149,126
1770,149,126
1770,250,208
1770,276,209
1771,250,208
1771,138,113
1771,122,95
1771,250,208
1771,149,126
1771,171,151
1772,178,154
1771,250,208
1771,276,209
1771,250,208
1771,147,126
1772,352,288
1771,169,150
1772,250,208
1772,196,174
1772,149,126
1772,356,270
1773,169,
1772,250,209
1772,224,190
1772,196,174
1772,169,150
1772,196,174
1772,250,208
1772,276,209
1773,250,208
1773,83,65
1773,149,126
1773,134,110
1773,102,92
1773,149,126
1773,388,350
1773,134,114
1773,250,209
1774,169,150
1773,,
1773,100,20
1774,226,204
1774,226,204
1774,226,204
1774,149,126
1774,169,150
1773,149,126
1774,273,236
1774,250,208
1774,169,150
1774,149,126
1774,250,208
1775,149,126
1774,250,208
1774,85,77
1774,83,65
1775,527,430
1774,143,121
1774,250,209
1774,250,208
1774,305,260
1775,116,100
1775,149,126
1776,310,266
1775,250,208
1775,250,208
1775,250,
1775,386,351
1775,250,208
1775,169,150
1775,169,150
1775,169,150
1776,210,195
1775,250,208
1775,250,209
1776,169,150
1775,171,153
1776,169,150
1775,169,150
1775,169,150
1776,149,126
1775,113,92
1776,149,126
1776,359,328
1776,359,328
1776,386,351
1776,20,18
1776,349,314
1776,310,266
1776,100,
1776,310,266
1776,56,60
1776,169,150
1777,273,236
1777,226,204
1777,169,150
1801,100,86
1777,119,93
1778,149,126
1778,,
1779,451,413
1777,40,37
1776,310,266
1773,144,136
1777,201,184
1769,120,100
1770,126,112
1771,59,46
1771,59,52
1771,3,2
1772,87,72
1773,34,30
1773,24,22
1774,23,20
1774,45,35
1775,75,61
1776,25,23
1776,30,23
1761,169,150
1762,237,210
1764,343,280
1763,270,220
1764,267,218
1764,94,83
1764,53,47
1764,179,159
1764,350,286
1764,169,145
1764,120,108
1764,169,150
1765,178,160
1766,282,230
1765,169,150
1766,100,76
1766,304,253
1766,221,180
1767,280,248
1768,117,104
1767,250,209
1762,90,80
1764,130,109
1764,100,90
1765,74,66
1765,203,180
1765,149,126
1767,50,44
1766,86,67
1767,,
1766,78,61
1768,63,54
1750,117,100
1750,174,154
1752,242,207
1752,187,160
1751,180,154
1751,48,40
1751,133,114
1751,51,46
1751,250,208
1752,442,384
1752,300,245
1752,208,170
1753,294,240
1753,134,111
1753,116,101
1753,124,108
1754,133,114
1754,164,140
1754,370,317
1755,230,200
1755,57,47
1755,83,69
1755,154,132
1754,215,184
1756,166,144
1756,181,150
1756,158,135
1754,83,74
1751,276,209
1753,234,208
1754,152,130
1752,130,115
1750,196,174
1750,350,283
1751,250,208
1750,255,216
1751,149,126
1751,83,69
1751,229,199
1751,276,209
1749,386,351
1749,120,84
1751,250,209
1751,250,208
1751,,
1751,273,
1751,149,126
1751,94,83
1751,250,209
1752,169,150
1752,250,209
1752,250,208
1752,284,251
1752,170,109
1753,63,54
1752,70,63
1752,226,
1753,174,154
1752,36,32
1752,386,351
1753,56,47
1753,65,51
1753,91,71
1752,149,126
1753,250,208
1753,250,208
1753,276,209
1754,276,209
1755,73,65
1753,250,208
1754,142,126
1755,124,110
1755,250,208
1755,174,149
1752,250,208
1755,250,209
1755,250,208
1755,57,48
1756,100,89
1756,230,197
1756,118,103
1756,83,65
1756,83,65
1757,83,65
1756,83,65
1758,100,78
1758,83,69
1758,80,62
1758,18,15
1759,50,44
1759,549,450
1777,118,110
1777,72,5
1777,,
1777,25,19
1777,85,79
1754,35,26
1754,87,72
1754,36,23
1754,160,142
1755,48,40
1757,60,50
1755,100,89
1756,51,42
1756,130,109
1756,70,55
1755,83,65
1757,169,151
1757,171,151
1775,500,400
1775,60,47
1775,70,61
1775,171,151
1776,230,211
1776,110,95
1776,32,28
1785,18,15
1792,63,53
1796,130,106
1719,,
1720,,
1729,149,126
1733,149,126
1732,95,
1645,149,126
1758,120,104
1758,170,144
1759,169,146
1761,130,108
1762,242,220
1763,200,170
1763,120,102
1763,200,170
1763,136,80
1764,150,127
1764,100,85
1766,250,209
1764,65,55
1764,70,59
1766,70,38
1766,200,162
1766,111,94
1767,80,69
1767,60,35
1768,50,65
1767,80,71
1768,140,147
1768,,
1768,140,119
1769,100,69
1769,64,63
1769,148,126
1775,103,90
1753,43,35
1714,66,59
1714,101,90
1714,241,206
1714,11,10
1714,167,148
1714,170,141
1715,156,139
1715,118,105
1715,27,24
1717,90,80
1718,118,105
1718,132,118
1718,113,97
1719,124,111
1719,126,112
1719,120,107
1719,78,70
1719,60,51
1722,120,116
1723,142,127
1723,143,127
1724,138,123
1724,99,88
1724,131,117
1725,180,161
1725,132,118
1725,180,160
1725,172,154
1726,62,50
1726,189,151
1726,173,151
1729,298,239
1729,161,129
1730,166,142
1731,233,201
1731,150,115
1736,68,60
1736,152,122
1736,48,43
1737,134,110
1727,207,177
1715,121,108
1718,83,69
1721,142,131
1645,149,126
1651,181,155
1650,181,155
1678,53,45
1680,149,126
1681,,
1700,31,25
1729,93,77
1729,95,74
1730,95,82
1733,67,56
1732,164,140
1733,113,102
1737,149,126
1726,83,69
1721,131,117
1724,158,135
1718,48,42
1727,149,126
1728,149,126
1729,271,217
1731,162,153
1732,149,126
1732,,
1735,271,217
1736,149,126
1737,,
1736,149,126
1736,200,179
1740,123,101
1739,50,40
1740,82,70
1740,149,126
1741,149,126
1741,149,126
1743,20,20
1743,149,126
1743,149,126
1742,141,121
1744,95,74
1744,149,126
1749,271,217
1752,149,126
1746,149,126
1747,149,126
1748,149,126
1748,149,126
1750,149,126
1749,149,126
1749,149,126
1751,43,35
1750,149,126
1750,149,126
1750,149,126
1752,149,126
1753,149,126
1753,149,126
1757,135,105
1750,170,136
1752,260,197
1760,92,76
1760,236,202
1760,95,74
1760,149,126
1760,94,74
1761,76,75
1762,95,74
1761,149,126
1761,83,69
1762,149,126
1763,96,80
1759,155,129
1763,149,126
1763,149,126
1763,149,126
1764,149,126
1763,149,126
1765,82,80
1764,118,103
1764,149,126
1765,100,78
1764,43,35
1765,200,170
1766,149,126
1766,149,126
1767,133,114
1768,140,98
1768,220,192
1767,149,126
1770,253,216
1769,149,126
1770,265,224
1769,149,126
1771,147,128
1771,226,197
1770,149,126
1770,149,126
1770,149,126
1770,149,126
1771,149,126
1771,149,126
1772,149,
1773,247,210
1772,149,126
1774,216,185
1772,149,126
1774,273,241
1772,149,126
1773,149,126
1773,149,126
1773,149,126
1774,149,126
1773,149,126
1773,149,126
1774,149,126
1774,149,126
1774,149,126
1774,149,126
1774,149,126
1773,29,25
1774,149,126
1785,130,106
1787,152,126
1786,41,34
1789,35,29
1791,149,126
1791,115,98
1794,130,106
1795,149,126
1796,35,32
1795,149,126
1790,149,126
1791,93,68
1790,38,32
1786,245,200
1793,130,106
1793,110,88
1794,94,77
1793,94,77
1793,50,41
1793,40,
1763,94,80
1763,71,60
1763,93,81
1765,,71
1765,142,120
1766,,
1766,120,100
1807,101,75
1804,267,201
1715,46,38
1716,52,43
1722,149,126
1723,83,70
1733,257,238
1733,71,60
1717,130,106
1750,149,126
1761,,
1761,95,74
1761,118,103
1761,95,74
1761,80,70
1761,149,126
1760,134,110
1760,83,69
1760,83,69
1761,83,69
1762,162,133
1761,95,
1761,83,69
1760,95,74
1760,95,74
1761,128,100
1751,75,73
1751,123,101
1751,181,155
1760,83,69
1762,149,126
1764,99,81
1763,118,103
1764,105,87
1764,134,110
1764,185,151
1765,83,69
1765,83,69
1765,70,55
1765,59,49
1796,138,122
1792,130,106
1792,149,126
1792,94,77
1799,149,126
1717,72,60
1718,150,128
1718,131,109
1725,71,59
1754,10,9
1754,11,9
1762,112,92
1717,57,48
1719,156,128
1720,123,101
1755,45,37
1772,118,100
1766,83,65
1755,72,60
1767,80,77
1767,83,65
1765,55,50
1766,70,
1765,83,65
1805,,
1805,,
1807,92,88
1807,38,32
1783,94,77
1783,149,126
1784,192,169
1784,110,90
1784,368,300
1785,166,142
1782,149,126
1786,150,80
1795,500,500
1791,,
1797,120,109
1800,80,68
1803,,
1800,94,77
1804,114,100
1804,286,215
1804,239,200
1804,177,148
1804,127,106
1804,543,243
1804,70,61
1804,158,138
1804,267,201
1804,99,87
1804,118,100
1804,118,100
1804,150,125
1805,53,45
1805,59,50
1805,113,99
1806,97,85
1806,100,88
1805,149,126
1805,159,133
1805,59,50
1805,215,180
1805,174,131
1805,12,10
1805,40,34
1805,108,92
1805,71,59
1805,48,40
1805,139,116
1805,227,171
1805,70,58
1805,153,128
1805,153,128
1805,126,110
1805,300,157
1805,75,66
1805,,
1805,298,224
1805,55,48
1806,110,96
1806,103,90
1806,153,128
1806,295,222
1806,149,126
1806,77,67
1806,125,109
1806,332,250
1806,101,84
1806,137,120
1806,123,108
1806,81,67
1806,66,58
1806,49,43
1806,87,74
1806,126,120
1806,267,201
1806,240,200
1807,240,
1806,83,69
1806,263,198
1806,149,126
1806,149,126
1806,273,205
1807,91,80
1807,102,89
1806,72,68
1807,153,128
1807,59,44
1807,80,68
1807,250,237
1761,96,75
1807,114,100
1807,509,383
1807,153,128
1807,245,125
1807,612,460
1807,320,284
1807,465,350
1807,239,200
1807,114,100
1807,343,258
1807,86,75
1807,499,475
1807,109,95
1807,118,89
1807,152,133
1807,106,80
1808,165,140
1807,143,125
1807,187,156
1785,133,117
1793,108,
1806,267,201
1806,59,56
1807,328,247
1807,185,162
1807,299,250
1807,332,250
1807,290,218
1807,,
1808,149,126
1807,101,88
1807,368,277
1808,153,128
1808,238,179
1807,153,128
1807,268,
1807,114,100
1807,149,126
1807,106,93
1807,68,62
1807,149,126
1807,111,97
1807,106,80
1806,160,140
1806,83,69
1806,126,105
1806,267,201
1806,101,88
1806,121,91
1806,300,196
1806,146,124
1806,208,167
1807,87,76
1807,153,128
1807,149,126
1807,242,202
1807,220,214
1807,300,300
1807,439,330
1807,167,140
1807,163,136
1807,56,49
1807,267,201
1807,149,126
1805,65,57
1807,209,175
1806,293,253
1786,107,99
1794,94,77
1795,149,126
1794,119,101
1795,149,126
1796,289,236
1797,45,37
1796,149,126
1797,149,126
1807,130,130
1803,400,344
1807,149,126
1807,112,98
1807,267,201
1807,149,126
1807,120,100
1807,149,126
1807,101,88
1807,153,128
1808,159,130
1807,83,69
1807,267,201
1807,149,126
1807,101,88
1807,267,201
1807,299,250
1807,101,88
1807,224,187
1807,153,128
1807,267,201
1807,83,69
1807,101,88
1807,101,88
1807,267,201
1807,300,300
1792,250,220
1807,101,88
1803,320,190
1798,95,91
1802,149,126
1803,,
1802,149,126
1803,153,128
1804,267,201
1804,149,126
1796,78,64
1787,149,126
1804,149,126
1804,149,126
1804,153,128
1804,98,86
1805,149,126
1806,153,128
1787,149,126
1787,149,126
1787,94,77
1789,149,126
1790,149,126
1790,,
1790,151,126
1790,130,106
1791,144,126
1791,149,126
1792,149,126
1792,149,126
1792,149,126
1792,149,126
1793,149,126
1793,149,126
1797,269,237
1794,75,62
1796,74,61
1796,375,330
1797,96,85
1797,149,126
1800,149,126
1797,149,126
1753,150,135
1732,149,126
1734,110,101
1735,52,46
1730,245,212
1733,149,
1738,100,88
1738,200,166
1737,172,153
1739,569,520
1713,395,300
1718,367,313
1737,200,166
1718,169,150
1758,149,126
1736,250,
1753,250,
1768,169,150
1768,276,209
1703,386,351
1698,149,126
1698,149,126
1679,337,233
1679,337,233
1733,169,150
1686,304,210
1699,303,210
1679,149,126
1671,304,210
1783,174,150
1791,118,100
1792,69,59
1793,281,86
1794,145,123
1794,45,38
1791,45,38
1792,149,126
1791,114,97
1792,47,40
1793,167,142
1793,200,100
1790,75,64
1715,156,135
1715,169,150
1720,170,150
1721,273,236
1721,273,236
1709,526,440
1708,312,250
1708,187,150
1709,315,240
1709,213,200
1707,,
1708,,
1707,,
1708,237,190
1708,237,190
1708,237,190
1708,237,190
1708,295,236
1695,400,305
1692,50,
1661,35,27
1678,399,376
1679,122,93
1679,202,140
1679,75,60
1679,100,80
1680,237,185
1709,157,136
1709,163,159
1710,129,115
1710,151,121
1712,231,200
1713,85,68
1713,145,137
1713,121,107
1713,147,122
1713,392,348
1713,87,77
1713,622,530
1713,333,270
1713,339,293
1713,262,210
1680,94,75
1680,243,195
1680,100,80
1680,243,195
1680,243,195
1680,55,44
1681,237,190
1681,288,200
1681,282,220
1681,62,50
1681,139,111
1708,,
1709,,
1710,127,113
1713,110,95
1713,157,130
1714,179,160
1714,200,184
1714,181,164
1713,289,250
1713,150,124
1706,160,158
1705,106,
1706,93,82
1706,277,245
1706,,
1706,172,152
1706,,
1706,221,200
1706,294,260
1707,568,480
1707,231,204
1707,310,274
1707,94,92
1707,202,165
1674,251,174
1675,408,319
1674,316,247
1674,316,247
1697,179,158
1708,237,
1674,330,264
1674,316,247
1674,179,158
1675,251,174
1675,316,247
1675,316,247
1676,299,239
1676,256,178
1707,,
1707,,
1709,163,145
1709,,
1709,,
1710,273,236
1711,220,190
1713,355,300
1713,367,
1706,273,236
1706,317,280
1706,532,460
1706,489,423
1706,294,260
1706,297,262
1706,339,310
1706,,
1706,335,280
1706,160,141
1706,273,236
1706,184,140
1707,328,299
1707,193,160
1707,300,240
1707,189,173
1707,215,190
1707,275,209
1708,602,550
1708,121,108
1711,144,109
1710,121,92
1713,172,149
1713,112,100
1713,281,240
1678,179,158
1679,70,55
1680,243,195
1680,251,174
1680,251,174
1681,243,195
1681,243,195
1682,243,195
1682,243,195
1682,404,307
1682,179,158
1682,243,195
1682,243,195
1682,243,195
1682,243,195
1683,243,195
1683,243,195
1683,118,116
1683,154,120
1683,304,210
1683,304,210
1683,243,195
1683,243,195
1683,381,331
1683,243,195
1683,243,195
1683,243,195
1683,243,195
1679,75,60
1680,243,195
1681,237,190
1681,243,195
1681,243,195
1681,243,195
1681,243,195
1682,437,350
1683,362,275
1683,187,150
1679,87,70
1679,375,300
1681,243,195
1681,243,195
1681,243,195
1681,243,195
1682,243,195
1682,243,195
1682,243,195
1682,243,195
1682,243,195
1682,243,195
1682,243,195
1684,316,247
1685,190,132
1685,,
1686,270,
1686,120,43
1685,100,
1688,80,62
1706,184,163
1687,200,175
1662,217,195
1663,251,174
1688,,
1690,404,307
1685,190,
1686,179,158
1686,150,97
1685,179,
1687,250,221
1695,100,78
1695,317,247
1697,317,247
1697,317,247
1697,317,247
1683,317,247
1683,243,195
1684,275,216
1684,243,195
1684,243,195
1685,243,195
1685,243,195
1685,316,247
1685,304,210
1685,317,247
1685,146,114
1685,,
1685,,
1686,243,195
1686,243,195
1687,243,195
1687,265,184
1687,102,90
1687,251,174
1687,76,
1691,118,104
1691,243,195
1692,300,250
1692,,
1692,237,190
1694,92,80
1693,374,200
1694,154,120
1693,168,131
1683,243,195
1683,75,60
1683,243,195
1683,243,195
1684,424,340
1684,243,195
1685,243,195
1685,243,195
1685,243,195
1685,255,200
1685,243,195
1686,35,30
1686,30,21
1687,524,477
1691,91,80
1692,243,195
1692,243,195
1692,346,240
1692,461,400
1692,499,400
1693,243,195
1694,243,195
1694,243,195
1695,700,700
1686,191,153
1686,100,80
1688,243,195
1688,303,210
1688,243,195
1699,430,130
1683,243,195
1683,243,195
1685,243,195
1685,243,195
1685,243,195
1688,243,195
1688,243,195
1690,304,210
1694,243,195
1696,108,92
1697,243,195
1697,250,200
1698,243,195
1695,427,296
1696,243,195
1695,316,241
1696,251,174
1696,102,90
1696,263,200
1697,317,247
1697,317,247
1697,251,174
1697,179,158
1687,149,126
1686,149,126
1696,599,480
1696,243,195
1696,243,195
1703,127,105
1703,301,260
1703,159,140
1703,352,311
1703,316,241
1703,161,161
1703,247,200
1704,236,180
1704,,560
1704,200,173
1704,200,173
1704,300,288
1704,126,109
1680,243,195
1680,404,307
1680,150,120
1704,,
1704,,
1704,200,162
1704,450,370
1705,300,259
1704,262,231
1704,305,280
1704,300,256
1704,264,200
1704,303,230
1704,100,81
1704,124,110
1704,,
1705,163,144
1705,197,174
1705,97,87
1705,140,80
1705,136,120
1705,300,240
1705,524,420
1705,185,148
1705,80,53
1705,239,214
1705,273,236
1705,272,220
1705,222,180
1706,,
1678,243,195
1678,243,195
1679,137,110
1682,,
1682,243,195
1682,160,111
1683,243,195
1683,62,48
1683,87,70
1684,179,158
1692,400,305
1661,209,180
1662,145,109
1662,330,264
1662,330,264
1663,164,128
1668,564,452
1676,350,301
1675,115,80
1675,112,90
1677,317,247
1677,317,247
1677,243,195
1677,243,195
1665,251,174
1666,235,188
1666,235,188
1666,235,188
1667,212,170
1698,243,195
1700,286,229
1701,71,60
1701,192,154
1701,75,57
1704,302,229
1701,230,184
1701,327,262
1702,179,143
1704,327,262
1705,361,292
1705,136,109
1705,112,90
1706,150,120
1706,370,315
1706,375,300
1708,370,296
1713,200,113
1696,243,195
1664,,
1665,131,91
1665,,
1665,300,208
1681,253,178
1664,223,155
1678,125,87
1679,147,102
1681,251,174
1683,251,174
1682,404,307
1686,251,174
1687,251,174
1690,251,174
1700,404,
1700,,
1702,67,60
1703,109,97
1687,173,130
1702,238,181
1710,316,241
1691,243,195
1691,243,195
1701,250,200
1698,294,250
1698,437,350
1698,250,200
1699,119,106
1699,499,400
1699,164,131
1699,181,145
1699,125,100
1699,237,190
1699,499,400
1699,402,322
1699,346,277
1699,499,400
1699,107,95
1699,500,180
1699,412,330
1699,196,174
1700,160,128
1700,160,128
1700,237,190
1700,431,299
1700,274,190
1700,141,113
1700,175,140
1700,562,450
1700,132,118
1700,65,52
1700,474,380
1700,162,130
1700,318,270
1700,122,108
1700,208,167
1700,294,230
1700,162,130
1700,458,252
1700,91,73
1700,79,63
1701,85,72
1701,562,450
1701,176,141
1701,167,134
1701,115,105
1701,157,126
1701,146,117
1701,337,270
1701,211,169
1701,64,57
1701,499,400
1701,274,250
1701,154,123
1701,96,77
1701,395,316
1701,416,333
1701,499,400
1701,255,204
1701,287,230
1701,109,87
1701,86,69
1701,49,39
1701,275,220
1701,74,59
1701,300,240
1701,467,374
1701,122,98
1701,142,114
1702,275,230
1702,145,116
1702,175,140
1702,115,92
1702,139,120
1702,106,85
1702,125,100
1702,600,486
1702,112,90
1702,156,125
1703,202,169
1702,244,204
1702,83,69
1702,227,190
1702,383,320
1703,322,269
1703,299,250
1703,179,150
1704,239,200
1704,199,166
1704,220,184
1704,538,450
1705,167,140
1705,275,230
1705,249,220
1705,156,130
1705,234,196
1705,239,200
1705,215,180
1705,362,290
1707,159,133
1707,348,291
1703,172,152
1703,136,114
1712,301,257
1713,237,190
1707,237,190
1705,160,142
1678,246,197
1678,300,234
1678,243,195
1680,150,120
1665,341,237
1666,605,485
1664,245,170
1701,196,174
1699,50,39
1708,187,150
1685,240,166
1687,260,180
1681,427,295
1683,154,123
1709,120,96
1697,388,357
1711,,
1711,110,95
1695,188,160
1696,218,175
1698,494,396
1699,482,102
1699,237,190
1700,400,320
1701,80,64
1702,61,49
1702,200,152
1702,164,136
1705,148,131
1705,187,150
1705,112,90
1708,89,79
1708,149,119
1693,243,195
1700,251,174
1708,,
1701,200,180
1699,243,195
1697,145,102
1664,287,230
1674,100,85
1674,330,264
1699,49,49
1702,237,190
1703,273,236
1696,55,47
1711,281,240
1738,97,78
1711,92,74
1662,179,158
1712,487,416
1662,125,100
1697,587,470
1697,155,124
1697,167,134
1664,200,138
1664,135,93
1676,61,42
1676,304,210
1681,122,
1677,122,98
1676,346,300
1658,145,109
1658,145,109
1659,145,109
1682,135,
1683,27,22
1682,326,261
1670,563,443
1670,434,334
1672,459,350
1672,275,210
1652,,
1652,,
1659,385,331
1659,195,85
1659,557,300
1661,225,180
1661,82,71
1658,1601,1200
1662,,
1661,145,109
1661,316,247
1661,,
1661,,
1661,100,
1665,174,150
1668,330,264
1644,313,251
1645,32,26
1671,386,295
1679,380,366
1679,290,245
1703,,
1669,251,174
1670,251,174
1667,375,300
1667,291,233
1667,291,233
1667,291,233
1695,394,307
1737,260,237
1741,304,257
1701,103,91
1701,103,91
1713,606,490
1713,113,100
1713,117,103
1714,131,120
1714,274,250
1684,319,249
1721,272,228
1727,322,273
1701,124,105
1675,151,126
1675,151,126
1701,272,228
1694,108,86
1736,250,230
1696,,
1723,153,134
1690,319,249
1643,77,62
1731,230,191
1724,449,375
1717,419,350
1714,167,140
1715,227,190
1715,179,150
1715,323,270
1740,322,273
1715,269,225
1715,159,133
1716,407,340
1716,111,93
1716,95,79
1716,358,299
1717,562,470
1717,150,125
1740,154,136
1717,239,200
1717,116,97
1718,562,470
1718,44,37
1721,316,264
1722,285,238
1722,341,285
1722,179,150
1722,96,80
1723,340,284
1723,317,265
1723,187,156
1724,315,263
1724,233,195
1724,168,139
1724,407,340
1724,240,201
1724,260,217
1725,292,244
1725,242,202
1725,281,235
1725,217,181
1725,272,228
1725,144,120
1726,236,200
1726,284,240
1726,261,221
1726,246,208
1727,228,193
1727,235,199
1730,145,123
1730,224,190
1730,363,307
1730,236,200
1730,201,170
1730,145,123
1731,54,46
1731,139,118
1733,52,44
1733,240,203
1734,189,160
1743,27,23
1738,135,114
1715,169,150
1716,10,9
1716,159,140
1719,132,106
1722,62,50
1717,190,190
1716,169,
1682,404,307
1683,404,307
1698,452,344
1698,220,167
1698,350,267
1682,316,241
1682,316,241
1682,316,241
1697,350,
1660,330,264
1641,299,239
1647,100,86
1655,320,244
1648,350,300
1695,244,209
1699,243,195
1699,149,126
1718,141,117
1729,250,200
1756,109,90
1692,133,121
1721,192,133
1762,138,118
1686,250,200
1687,400,320
1687,100,80
1688,375,300
1688,243,195
1690,596,477
1691,261,209
1691,339,299
1691,373,299
1692,568,455
1692,373,299
1692,624,500
1692,687,550
1692,624,500
1693,687,550
1693,208,167
1693,386,309
1693,562,450
1693,391,335
1693,734,588
1693,747,598
1693,233,200
1693,250,200
1694,562,450
1694,152,122
1694,225,180
1695,648,520
1696,613,491
1699,773,619
1699,576,461
1699,414,350
1701,526,421
1702,251,212
1702,200,169
1703,258,207
1715,247,212
1693,738,729
1694,729,705
1694,484,452
1699,494,400
1683,334,254
1688,105,80
1644,284,245
1645,100,80
1647,392,320
1646,251,174
1645,251,174
1645,244,209
1645,72,
1645,211,188
1645,211,188
1645,244,
1645,211,188
1645,392,320
1646,211,188
1646,251,174
1646,251,174
1646,244,209
1646,251,174
1647,211,188
1646,211,188
1646,244,209
1644,244,209
1646,211,188
1646,260,212
1646,251,174
1646,244,209
1646,211,188
1647,251,174
1647,244,209
1647,251,174
1644,330,264
1656,54,47
1656,163,140
1656,251,174
1702,185,141
1702,197,150
1702,393,300
1647,191,164
1647,251,174
1716,272,228
1723,121,118
1748,56,45
1718,492,412
1792,43,37
1700,381,331
1700,381,331
1762,95,75
1750,320,284
1756,230,197
1756,230,197
1757,82,70
1757,90,86
1757,75,68
1757,140,128
1759,230,200
1759,72,56
1759,200,190
1777,200,184
1755,135,112
1754,156,138
1754,98,77
1755,75,66
1755,299,260
1762,260,182
1753,180,160
1754,110,98
1752,117,100
1756,230,197
1755,135,120
1753,192,170
1754,125,114
1756,54,49
1759,248,212
1760,266,228
1760,229,196
1761,225,200
1761,,
1763,225,200
1764,225,200
1765,222,200
1765,221,180
1765,282,250
1767,63,54
1766,116,90
1767,65,51
1728,196,174
1754,250,208
1755,124,110
1755,211,180
1756,250,210
1756,140,110
1711,237,190
1710,237,190
1709,237,190
1710,104,93
1710,237,190
1711,476,398
1710,237,190
1711,237,190
1711,237,190
1711,169,150
1711,237,190
1711,237,190
1712,237,190
1712,237,190
1712,237,190
1712,237,190
1708,237,190
1708,237,190
1706,237,190
1707,148,131
1709,237,190
1709,237,190
1710,276,209
1711,272,
1704,148,131
1704,,
1703,148,131
1704,148,131
1704,237,190
1705,237,190
1706,237,190
1705,237,190
1705,237,190
1705,237,190
1706,237,190
1706,237,190
1706,237,190
1706,237,190
1706,237,190
1708,237,190
1706,,
1703,185,155
1702,237,190
1702,237,190
1702,237,190
1703,237,190
1700,243,195
1702,237,190
1701,237,190
1701,237,190
1701,237,190
1702,237,190
1703,237,190
1703,237,190
1702,237,190
1703,148,131
1702,121,108
1702,237,190
1704,237,190
1704,187,150
1704,175,140
1704,237,190
1704,237,190
1704,517,404
1701,237,190
1701,237,190
1700,148,131
1701,121,108
1701,237,190
1702,237,190
1701,237,190
1701,121,108
1700,243,195
1701,237,190
1702,237,190
1702,237,190
1702,237,190
1702,237,190
1701,237,190
1701,237,190
1703,228,208
1701,237,190
1702,237,190
1701,237,190
1701,148,131
1702,272,228
1700,243,195
1701,237,190
1700,243,195
1701,169,135
1700,243,195
1701,237,190
1700,243,195
1700,243,195
1700,243,195
1700,243,195
1700,243,195
1700,243,195
1700,243,195
1700,243,195
1700,243,195
1700,243,195
1700,243,195
1700,148,131
1700,243,195
1700,243,195
1700,243,195
1700,243,195
1700,243,195
1700,243,195
1699,243,195
1699,246,197
1699,243,195
1699,121,108
1700,243,195
1699,243,195
1699,243,195
1700,243,195
1699,243,195
1699,243,195
1698,260,207
1698,286,229
1733,271,217
1699,256,200
1679,337,233
1700,243,195
1687,29,22
1687,185,128
1754,250,208
1754,250,209
1754,250,209
1729,146,120
1759,400,360
1717,90,
1770,169,150
1704,237,190
1704,293,235
1705,167,138
1740,275,209
1750,250,208
1750,271,217
1749,271,217
1711,610,557
1719,121,108
1730,121,108
1722,30,24
1736,240,197
1741,271,217
1742,271,217
1757,160,133
1743,271,217
1717,252,211
1717,225,190
1719,,
1717,237,190
1718,237,190
1819,304,303
1819,328,320
1819,380,375
1819,200,193
1819,261,250
1819,392,387
1819,598,560
1819,392,387
1819,407,394
1819,563,543
1819,396,376
1819,308,305
1819,450,442
1819,532,487
1819,583,535
1819,570,543
1819,428,372
1819,345,338
1815,449,407
1815,444,407
1815,455,406
1815,448,406
1815,448,406
1815,448,406
1815,448,406
1815,457,454
1815,551,505
1815,552,505
1815,566,505
1815,557,505
1815,551,505
1815,556,504
1815,550,504
1815,565,504
1815,556,504
1815,556,504
1815,550,504
1815,514,504
1815,556,504
1815,688,649
1815,541,495
1815,427,294
1815,551,495
1815,555,495
1815,540,495
1815,476,431
1815,333,302
1815,687,613
1815,492,439
1815,483,438
1811,520,503
1811,162,152
1811,192,178
1811,426,412
1811,242,228
1811,209,204
1811,437,410
1811,365,363
1811,197,158
1811,265,204
1811,164,160
1811,357,347
1811,439,428
1811,341,340
1811,347,345
1811,169,168
1812,143,143
1812,419,383
1812,605,113
1812,252,252
1812,245,243
1812,290,275
1812,432,319
1812,377,342
1812,538,517
1812,276,265
1812,241,235
1812,239,237
1812,317,300
1812,321,317
1812,387,387
1813,105,103
1812,377,367
1812,504,490
1812,240,229
1812,435,427
1812,319,308
1812,216,214
1812,399,387
1812,331,306
1812,418,409
1812,239,239
1813,148,148
1813,90,90
1813,350,350
1813,307,307
1813,170,164
1813,461,451
1813,514,506
1813,394,390
1813,210,200
1813,188,182
1813,526,508
1813,371,366
1813,200,197
1813,83,83
1813,274,268
1813,666,666
1813,315,305
1813,128,128
1813,194,172
1813,558,419
1813,428,425
1813,512,490
1814,558,503
1814,502,497
1814,373,364
1814,244,244
1814,330,312
1814,453,359
1814,220,214
1814,252,248
1814,229,225
1814,136,133
1814,212,208
1814,347,347
1815,403,395
1815,164,164
1815,345,345
1815,285,251
1815,534,529
1815,191,184
1815,261,248
1815,437,437
1815,173,167
1815,200,169
1815,302,302
1815,244,237
1815,545,498
1815,461,449
1815,418,418
1815,569,569
1815,240,234
1815,312,311
1815,330,330
1815,393,393
1815,340,308
1816,354,308
1816,304,275
1816,208,181
1816,409,385
1816,512,464
1816,400,397
1816,315,246
1816,242,220
1816,423,414
1816,441,413
1816,579,574
1821,400,387
1821,276,253
1821,342,284
1821,87,84
1816,298,270
1808,168,160
1812,25,23
1812,112,112
1812,25,23
1812,11,10
1812,166,151
1812,562,35
1812,270,270
1812,19,17
1814,600,482
1814,277,251
1815,,
1815,137,120
1815,252,245
1815,,
1815,48,42
1815,1,1
1813,158,154
1815,74,65
1813,,
1809,130,114
1816,46,39
1814,64,56
1814,39,35
1814,164,144
1815,,
1815,20,18
1815,,
1815,,
1815,,
1814,72,66
1814,69,60
1814,,
1814,,
1814,,
1814,73,64
1814,434,433
1811,,
1808,68,60
1808,8,7
1808,8,7
1809,5,4
1809,3,3
1810,,
1811,140,127
1811,,
1810,87,84
1810,,
1811,351,295
1810,131,118
1810,,
1810,65,57
1810,67,59
1810,186,186
1809,18,18
1813,1,1
1813,,
1816,,
1816,316,277
1816,,
1816,,
1816,35,33
1816,56,49
1816,13,12
1816,,
1816,,
1812,64,56
1812,83,73
1811,23,21
1811,107,98
1811,14,13
1812,20,17
1812,400,363
1813,106,96
1813,,
1812,81,81
1811,,
1811,72,59
1811,43,38
1810,113,101
1810,84,82
1810,129,129
1810,,
1816,93,84
1816,466,409
1816,276,249
1816,600,505
1816,,
1816,,
1816,19,17
1816,118,108
1816,11,10
1816,,
1816,282,247
1816,,
1816,,
1816,549,401
1816,,
1817,32,32
1817,182,160
1817,,
1817,274,52
1817,74,65
1817,20,18
1816,,
1817,280,269
1818,6,5
1824,99,91
1810,95,95
1815,,
1815,33,29
1811,,
1811,,
1812,61,53
1812,136,132
1810,203,184
1810,,
1810,,
1808,326,307
1810,30,30
1810,54,47
1810,319,265
1815,,
1815,68,61
1815,308,3
1815,,
1815,,
1815,,
1815,130,130
1815,1,1
1815,263,238
1815,364,327
1815,,
1813,58,48
1813,57,47
1813,55,48
1820,,
1812,550,453
1811,,
1810,31,28
1811,11,10
1810,167,146
1810,87,78
1811,275,85
1807,108,103
1812,114,100
1812,47,39
1812,49,40
1812,67,67
1812,220,204
1811,106,87
1812,273,250
1811,170,140
1817,32,28
1819,388,364
1817,400,351
1817,457,408
1818,237,133
1812,642,502
1814,530,410
1819,150,132
1810,,
1811,,
1811,,
1811,219,204
1809,,
1812,506,451
1811,127,111
1814,512,402
1816,,
1816,,
1840,,
1811,241,211
1813,146,128
1804,162,149
1798,714,660
1805,652,582
1803,475,436
1804,816,728
1804,370,335
1770,386,351
1795,386,351
1796,22,20
1795,540,495
1795,536,495
1794,353,324
1794,258,230
1794,353,324
1795,382,380
1795,535,494
1793,353,324
1793,353,324
1793,364,336
1792,353,324
1791,353,324
1791,354,324
1736,301,272
1736,301,272
1736,301,272
1737,465,403
1737,682,571
1739,465,403
1739,301,272
1742,465,403
1742,301,272
1742,465,403
1743,679,589
1743,465,403
1743,301,272
1743,301,272
1743,316,282
1743,492,412
1743,386,351
1743,301,272
1743,301,272
1744,465,403
1744,301,272
1744,465,403
1745,211,188
1745,492,412
1745,465,403
1745,211,188
1745,301,272
1745,465,403
1745,465,403
1745,121,118
1745,465,403
1745,301,272
1745,301,272
1745,301,272
1746,211,188
1746,301,272
1746,465,403
1746,492,412
1747,492,412
1747,301,272
1748,465,403
1748,301,272
1749,465,403
1750,465,403
1750,301,272
1750,301,272
1750,260,230
1750,316,282
1751,316,282
1751,316,284
1751,211,188
1751,211,188
1751,253,224
1752,316,284
1752,253,224
1753,244,228
1753,253,224
1754,297,277
1754,316,284
1755,211,188
1755,297,277
1755,316,284
1756,297,277
1756,297,277
1756,316,282
1756,297,277
1756,316,284
1756,297,277
1757,297,277
1757,316,284
1757,297,277
1757,253,224
1758,316,284
1758,297,277
1758,297,277
1759,297,277
1759,253,224
1760,316,284
1760,253,224
1760,316,284
1760,505,419
1760,212,194
1761,297,277
1761,297,277
1762,253,224
1764,297,277
1766,297,277
1767,316,284
1768,253,224
1769,297,277
1770,297,277
1770,211,188
1774,211,188
1774,253,224
1774,297,277
1774,20,19
1774,297,277
1774,297,277
1774,297,277
1774,297,277
1781,353,324
1781,353,324
1781,353,324
1781,353,324
1781,353,324
1781,353,324
1782,353,324
1781,353,324
1781,353,324
1782,353,324
1782,353,324
1782,353,324
1782,353,324
1782,353,324
1782,353,324
1782,353,324
1782,353,324
1782,353,324
1782,353,324
1783,353,324
1783,353,324
1783,353,324
1783,353,324
1783,353,324
1783,353,324
1783,258,230
1783,353,324
1784,353,324
1784,353,324
1784,353,324
1784,353,324
1784,353,324
1784,353,324
1784,353,324
1784,353,324
1784,353,324
1784,353,324
1784,353,324
1785,353,324
1785,353,324
1785,353,324
1785,353,324
1785,353,324
1785,353,324
1785,353,324
1785,353,324
1785,353,324
1786,353,324
1786,353,324
1786,353,324
1786,353,324
1786,353,324
1786,353,324
1786,354,324
1786,353,324
1787,353,324
1787,353,324
1787,353,324
1787,258,230
1787,271,251
1787,353,324
1787,353,324
1787,353,324
1787,353,324
1788,353,324
1788,353,324
1788,353,324
1788,353,324
1788,353,324
1788,353,324
1789,127,116
1788,353,324
1788,353,324
1789,353,324
1789,353,324
1789,353,324
1789,353,324
1789,353,324
1789,353,324
1789,353,324
1789,353,324
1789,353,324
1789,353,324
1789,353,324
1789,353,324
1790,353,324
1790,258,230
1790,353,324
1791,240,220
1790,271,251
1790,353,324
1791,353,324
1791,353,324
1791,353,324
1791,435,402
1791,353,324
1791,353,324
1791,353,324
1792,353,324
1792,353,324
1792,381,
1792,353,324
1792,271,251
1792,353,324
1792,363,336
1792,353,324
1792,353,324
1792,353,324
1793,353,324
1792,271,251
1793,353,324
1793,353,324
1793,353,324
1793,353,324
1793,353,324
1793,492,412
1793,271,251
1793,363,336
1793,353,324
1794,353,324
1794,353,324
1794,353,324
1794,353,324
1794,353,324
1794,353,324
1794,353,324
1794,353,324
1794,363,336
1794,353,324
1794,353,324
1794,353,324
1794,353,324
1795,353,324
1795,363,336
1795,353,324
1795,353,324
1795,363,336
1796,508,460
1796,353,324
1796,424,416
1796,353,324
1796,353,324
1796,353,324
1797,353,324
1797,271,251
1796,353,324
1797,353,324
1797,353,324
1797,363,336
1797,353,324
1797,353,324
1797,353,324
1797,353,324
1797,363,336
1798,539,451
1799,310,262
1799,575,524
1799,401,372
1800,271,251
1800,580,531
1801,603,553
1801,431,390
1801,562,509
1801,596,547
1801,494,453
1801,530,473
1801,582,534
1801,392,355
1801,540,489
1802,544,493
1803,390,353
1804,545,494
1803,513,465
1804,456,413
1804,475,436
1804,587,532
1804,530,473
1805,874,780
1804,592,543
1805,487,441
1805,469,425
1805,592,536
1806,388,346
1806,617,558
1806,691,616
1806,390,353
1807,553,507
1807,617,559
1807,530,473
1807,239,217
1808,390,353
1808,390,353
1750,406,352
1794,408,374
1794,420,388
1794,433,410
1794,376,356
1794,400,366
1794,524,495
1794,419,384
1794,419,396
1794,502,460
1794,526,482
1794,520,476
1794,513,470
1794,175,145
1794,381,360
1794,437,400
1794,415,380
1794,433,410
1794,553,511
1794,400,366
1794,500,458
1794,384,363
1794,355,338
1749,330,299
1747,218,195
1747,423,385
1747,322,291
1741,258,233
1741,442,383
1742,344,311
1742,554,480
1744,208,188
1744,308,279
1744,275,249
1744,508,440
1738,301,272
1655,86,69
1656,20,16
1656,705,563
1656,17,14
1656,23,18
1734,503,453
1738,342,297
1738,169,141
1738,514,465
1738,391,354
1738,292,261
1723,260,230
1723,465,403
1723,118,105
1723,118,105
1723,492,412
1723,118,105
1723,465,403
1723,357,319
1723,465,403
1723,118,105
1723,492,412
1723,118,105
1723,357,319
1723,212,194
1723,492,412
1723,465,403
1723,212,194
1723,292,260
1724,118,105
1724,212,194
1724,465,403
1724,118,105
1724,386,351
1724,118,105
1724,118,105
1724,129,129
1724,118,105
1724,260,230
1724,492,412
1724,507,433
1724,492,412
1724,118,105
1724,465,403
1724,492,412
1724,492,412
1725,492,412
1725,492,412
1725,260,230
1725,121,118
1725,465,403
1725,301,272
1725,260,230
1725,465,403
1725,260,230
1725,492,412
1725,118,105
1725,118,105
1725,357,319
1725,118,105
1725,212,194
1725,118,105
1725,118,105
1725,465,403
1725,465,403
1725,260,230
1725,465,403
1725,386,351
1726,300,275
1726,294,246
1726,606,507
1726,168,152
1726,407,341
1726,175,170
1726,358,300
1726,248,226
1726,434,376
1726,296,268
1726,380,329
1726,305,255
1726,236,211
1726,314,281
1726,840,728
1726,305,273
1726,318,285
1726,297,269
1726,542,475
1726,552,479
1726,522,453
1727,320,268
1727,221,198
1727,524,439
1727,420,352
1727,330,302
1727,251,227
1727,516,447
1727,700,607
1727,462,401
1727,314,281
1727,460,419
1727,330,276
1727,300,275
1727,318,285
1727,400,335
1727,472,424
1727,300,272
1727,232,211
1727,402,349
1728,448,375
1728,420,364
1728,445,386
1728,220,195
1728,480,416
1728,552,479
1728,330,302
1728,700,816
1728,462,401
1728,400,335
1728,221,198
1728,342,286
1728,477,399
1728,307,281
1728,340,285
1728,396,331
1728,516,447
1728,336,304
1728,500,522
1728,304,264
1728,385,322
1729,399,418
1731,318,276
1731,253,213
1731,887,828
1731,500,419
1731,197,178
1731,300,275
1731,264,270
1731,380,138
1731,442,441
1731,360,301
1731,258,236
1731,460,399
1731,275,275
1731,231,207
1731,290,251
1731,393,341
1734,321,287
1734,375,361
1734,201,186
1734,269,243
1734,385,347
1734,379,355
1734,342,316
1734,662,554
1734,387,346
1734,468,421
1734,338,306
1734,526,440
1734,333,270
1734,381,340
1734,493,427
1734,694,581
1734,348,291
1734,351,318
1734,540,468
1734,326,286
1734,302,253
1734,514,434
1734,378,316
1734,456,382
1734,340,308
1738,397,371
1738,456,395
1738,368,347
1738,503,436
1738,574,498
1738,332,300
1738,552,479
1738,778,716
1738,530,450
1738,416,372
1738,439,381
1738,383,347
1738,491,411
1738,411,344
1738,466,451
1738,389,352
1738,281,251
1739,425,398
1738,619,537
1740,239,214
1740,511,443
1740,427,357
1740,336,313
1740,333,301
1740,367,318
1740,472,431
1740,377,341
1740,363,329
1740,341,327
1740,343,307
1740,314,304
1740,346,313
1740,481,417
1740,448,401
1740,450,390
1740,451,420
1740,552,462
1740,321,291
1740,283,253
1740,373,338
1740,356,309
1741,267,242
1741,416,348
1741,356,332
1741,313,280
1741,390,324
1741,559,485
1741,276,250
1741,469,393
1741,366,331
1741,328,315
1741,402,349
1741,430,384
1741,352,319
1741,529,459
1741,387,387
1741,434,363
1741,517,448
1741,449,389
1741,437,379
1741,387,350
1741,366,328
1742,408,416
1741,320,290
1742,529,443
1742,336,304
1742,458,436
1742,570,494
1742,518,449
1742,426,369
1742,325,286
1742,466,404
1742,436,378
1742,303,274
1742,644,539
1742,561,548
1742,515,447
1742,439,367
1742,385,344
1742,431,422
1742,342,310
1742,527,457
1742,339,307
1742,426,357
1742,450,390
1743,433,414
1743,283,276
1742,449,389
1744,396,358
1744,462,401
1744,441,382
1744,637,533
1744,325,297
1744,500,434
1744,419,375
1744,508,425
1744,297,269
1744,340,304
1744,526,456
1744,475,412
1744,379,329
1744,484,438
1744,398,360
1744,427,370
1744,449,389
1744,367,332
1744,653,547
1744,365,330
1747,224,198
1747,602,504
1747,167,158
1747,418,374
1747,367,332
1747,426,373
1747,388,347
1747,466,417
1747,412,345
1747,25,22
1747,369,336
1747,435,394
1747,333,301
1747,371,336
1747,273,244
1747,238,228
1747,523,453
1747,397,356
1747,484,433
1747,352,315
1747,261,231
1747,406,377
1747,541,490
1748,406,355
1748,500,372
1747,510,456
1748,218,171
1748,693,580
1748,458,417
1748,409,370
1748,508,269
1748,515,447
1748,687,596
1748,386,335
1829,558,538
1829,385,305
1829,390,356
1829,551,521
1829,554,507
1829,473,463
1829,308,302
1829,441,357
1829,455,398
1829,430,396
1829,550,474
1829,600,567
1829,800,783
1829,306,296
1829,526,522
1829,638,541
1829,375,371
1829,602,567
1829,245,241
1829,297,210
1829,658,587
1829,528,500
1829,443,441
1829,336,281
1829,494,483
1829,430,428
1830,254,232
1830,399,398
1829,349,347
1830,505,486
1830,634,620
1830,670,643
1830,480,463
1830,880,815
1830,519,457
1830,244,237
1830,517,380
1830,65,65
1830,594,571
1830,162,141
1830,203,193
1830,555,550
1830,636,625
1830,623,586
1830,1166,1043
1830,386,379
1830,559,460
1830,165,165
1830,426,274
1830,362,339
1830,935,753
1830,537,487
1830,558,521
1830,423,402
1830,524,505
1830,418,402
1830,360,336
1830,304,288
1830,345,213
1830,418,393
1830,434,414
1830,147,146
1830,279,273
1830,256,221
1830,166,163
1830,447,417
1830,99,79
1830,337,326
1830,486,476
1830,236,233
1830,252,252
1830,180,180
1830,288,262
1830,512,512
1830,339,296
1830,517,448
1830,572,441
1830,416,410
1830,562,530
1830,514,497
1830,564,530
1830,236,222
1830,147,146
1830,445,436
1830,425,362
1830,417,399
1830,440,394
1830,305,272
1830,864,605
1830,471,408
1830,303,284
1830,298,269
1830,346,315
1830,741,679
1830,352,324
1830,159,138
1830,508,434
1830,599,591
1830,540,465
1830,238,209
1830,678,600
1830,288,283
1830,867,677
1830,289,188
1829,336,336
1829,360,358
1829,294,294
1829,86,86
1829,335,324
1829,131,128
1829,406,398
1829,413,405
1829,271,270
1829,440,405
1829,288,266
1829,411,408
1829,585,568
1829,459,455
1829,377,368
1829,570,537
1829,233,225
1829,376,376
1829,295,262
1829,687,667
1829,410,406
1829,194,187
1829,772,768
1829,255,251
1829,330,299
1829,160,160
1830,183,163
1830,119,107
1830,128,126
1830,287,278
1830,632,557
1830,397,392
1830,480,438
1830,346,340
1830,277,253
1830,189,185
1830,466,422
1830,335,315
1830,257,256
1830,259,258
1830,330,309
1830,305,268
1830,343,320
1830,499,490
1830,267,240
1830,143,129
1830,285,279
1830,122,110
1830,490,444
1830,194,180
1830,206,185
1829,461,426
1829,167,160
1829,262,231
1829,506,495
1829,255,251
1829,393,378
1829,293,285
1829,307,304
1829,527,507
1829,359,281
1829,430,420
1830,534,523
1830,252,248
1830,355,342
1830,193,176
1830,208,196
1829,492,454
1830,389,342
1828,270,266
1830,303,281
1830,284,270
1830,490,444
1830,490,444
1830,284,270
1830,449,421
1831,284,270
1831,284,270
1831,284,270
1831,411,369
1831,490,444
1831,640,575
1831,411,369
1831,307,277
1831,284,270
1831,284,270
1831,284,270
1831,284,270
1831,284,270
1831,490,444
1831,411,369
1831,175,157
1831,307,277
1831,307,277
1831,284,270
1831,284,270
1831,284,270
1831,750,600
1831,411,369
1831,284,270
1831,284,270
1831,411,369
1831,284,270
1831,411,369
1830,61,55
1830,377,261
1830,519,428
1830,386,376
1831,290,188
1831,481,436
1831,307,277
1831,307,277
1831,307,277
1831,307,277
1831,284,270
1832,307,277
1832,490,444
1832,490,444
1832,307,277
1832,411,369
1832,411,369
1832,307,277
1832,490,444
1832,241,238
1832,307,277
1832,307,277
1832,490,444
1832,659,604
1832,138,134
1832,307,277
1832,478,430
1832,432,385
1832,307,277
1832,490,444
1832,490,444
1832,411,369
1832,307,277
1832,307,277
1832,307,277
1832,9,8
1832,120,108
1832,284,270
1832,490,444
1832,490,444
1832,534,488
1832,284,270
1832,284,270
1832,411,369
1832,411,369
1832,490,444
1832,662,600
1833,284,270
1833,490,444
1833,284,270
1833,411,369
1833,411,369
1833,307,277
1833,201,196
1833,201,195
1833,450,408
1833,284,270
1833,307,277
1833,490,444
1833,490,444
1833,307,277
1833,411,369
1833,490,444
1833,845,760
1833,307,277
1833,490,444
1833,455,400
1833,411,369
1833,411,369
1833,348,323
1833,307,277
1833,535,440
1833,523,487
1833,535,440
1833,284,270
1833,535,440
1833,307,277
1834,411,369
1834,284,270
1834,284,270
1834,490,444
1834,293,291
1834,490,444
1834,490,444
1834,490,444
1834,490,444
1834,481,430
1834,490,444
1834,284,270
1834,239,215
1834,490,444
1834,490,444
1834,411,369
1834,411,369
1834,284,270
1834,284,270
1834,490,444
1834,500,400
1834,252,240
1834,490,444
1833,490,444
1833,432,224
1834,306,275
1834,118,105
1834,160,91
1833,455,407
1834,255,228
1833,266,239
1834,497,450
1834,336,300
1834,307,277
1834,307,277
1834,360,271
1834,617,542
1834,490,444
1834,490,444
1834,490,444
1834,307,277
1834,490,444
1834,307,277
1834,490,444
1834,490,444
1834,490,444
1834,307,277
1834,490,444
1834,490,444
1834,490,444
1834,307,277
1834,307,277
1835,368,341
1835,307,277
1835,307,277
1835,284,270
1835,411,369
1835,411,369
1835,353,340
1835,411,369
1835,490,444
1835,490,444
1835,490,444
1835,411,369
1835,262,255
1835,275,253
1835,411,369
1835,490,444
1835,490,444
1835,600,403
1835,808,660
1835,411,369
1835,307,277
1835,284,270
1835,411,369
1835,490,444
1835,307,277
1835,690,563
1835,490,444
1835,284,270
1835,402,393
1835,307,277
1835,284,270
1835,490,444
1835,284,270
1835,284,270
1835,307,277
1835,307,277
1835,735,700
1835,284,270
1835,284,270
1835,307,277
1835,284,270
1835,207,200
1835,284,270
1835,307,277
1835,411,369
1835,284,270
1835,307,277
1835,490,444
1835,210,120
1835,284,270
1835,481,430
1835,284,270
1835,284,270
1835,284,270
1835,284,270
1835,307,277
1835,307,277
1835,535,440
1835,490,444
1835,307,277
1835,490,444
1835,307,277
1835,490,444
1835,535,440
1835,307,277
1834,550,521
1835,372,340
1835,352,317
1835,69,62
1835,66,60
1835,281,257
1835,261,245
1835,365,300
1834,401,367
1834,401,367
1834,401,367
1834,401,367
1834,401,367
1834,401,367
1834,401,367
1835,307,277
1835,490,444
1835,307,277
1834,307,277
1835,392,350
1835,401,367
1835,490,444
1835,490,444
1835,359,320
1835,490,444
1835,269,221
1836,518,433
1836,490,444
1836,490,444
1836,800,605
1836,490,444
1836,307,277
1836,617,542
1836,617,542
1836,490,444
1836,490,444
1836,307,277
1836,307,277
1836,490,444
1836,490,444
1836,490,444
1836,307,277
1836,381,369
1836,490,444
1836,307,277
1836,307,277
1836,376,335
1836,381,300
1836,284,270
1836,450,412
1836,307,277
1836,307,277
1836,307,277
1836,307,277
1836,490,444
1836,278,245
1836,307,277
1836,490,444
1836,307,277
1836,295,287
1836,607,550
1836,307,277
1836,450,434
1836,515,484
1836,340,336
1836,307,277
1836,523,471
1836,307,277
1836,307,277
1836,298,270
1836,490,444
1836,307,277
1836,490,444
1836,800,700
1836,334,300
1836,257,241
1836,617,542
1836,490,444
1836,490,444
1837,351,316
1836,250,206
1836,411,369
1836,307,277
1836,411,369
1836,401,367
1836,307,277
1836,411,369
1836,118,105
1836,307,277
1836,490,444
1836,281,257
1836,411,369
1836,411,369
1836,307,277
1836,359,325
1836,400,325
1836,311,284
1836,352,317
1836,450,408
1836,472,428
1836,438,397
1836,314,283
1836,482,437
1836,352,314
1836,317,285
1836,375,340
1836,461,418
1836,800,500
1836,350,150
1836,442,400
1836,411,369
1836,333,300
1836,411,369
1837,307,277
1837,411,369
1837,490,444
1837,617,542
1837,535,440
1837,490,444
1837,617,542
1837,307,277
1837,490,444
1837,307,277
1837,490,444
1837,307,277
1836,208,203
1837,490,444
1837,490,444
1837,307,277
1837,307,277
1837,411,369
1837,307,277
1837,307,277
1837,490,444
1837,490,444
1837,307,277
1837,489,423
1837,307,277
1837,307,277
1837,307,277
1837,490,444
1837,490,444
1837,490,444
1837,490,444
1837,490,444
1837,467,420
1837,307,277
1837,206,185
1837,91,82
1837,284,270
1837,307,277
1837,472,450
1837,442,400
1837,600,527
1837,374,335
1837,349,312
1837,330,297
1837,321,287
1837,332,297
1837,800,496
1837,377,337
1837,678,614
1837,358,319
1837,524,475
1837,855,572
1837,860,697
1837,565,512
1837,288,263
1837,574,520
1837,450,408
1837,766,694
1837,434,393
1837,574,520
1837,460,417
1837,1077,976
1837,359,321
1837,349,319
1837,566,513
1837,457,411
1837,784,710
1837,358,322
1837,341,304
1837,507,459
1837,372,337
1837,378,340
1837,372,337
1837,344,312
1837,812,664
1837,538,487
1837,522,473
1837,508,460
1837,678,614
1837,471,427
1837,277,253
1837,704,638
1837,340,304
1837,467,420
1837,394,357
1837,462,419
1837,416,377
1837,307,277
1837,307,277
1837,29,26
1837,307,277
1837,307,277
1837,307,277
1837,307,277
1837,307,277
1837,307,277
1837,272,259
1837,307,277
1837,700,509
1837,650,589
1837,307,277
1837,307,277
1837,500,453
1837,20,18
1838,307,277
1838,307,277
1838,307,277
1838,307,277
1837,333,300
1837,347,317
1837,365,334
1837,365,327
1837,351,314
1837,349,314
1837,482,437
1837,525,476
1837,373,334
1837,338,304
1837,529,479
1837,571,517
1837,747,677
1837,947,852
1837,535,477
1837,373,336
1837,594,538
1837,349,319
1837,1050,950
1837,677,613
1837,383,350
1837,389,348
1837,883,800
1837,424,382
1837,316,283
1837,786,712
1837,333,300
1837,898,814
1837,336,304
1837,632,573
1837,753,682
1838,307,277
1838,490,444
1838,167,150
1838,319,263
1838,658,607
1838,307,277
1838,289,250
1838,340,306
1838,490,444
1838,307,277
1838,490,444
1838,307,277
1838,583,480
1838,416,382
1838,598,569
1838,307,277
1838,307,277
1838,307,277
1838,311,279
1838,560,200
1838,650,619
1838,490,444
1838,307,277
1838,490,444
1838,490,444
1838,303,271
1838,447,250
1838,307,277
1838,490,444
1838,330,272
1838,307,277
1838,552,500
1838,410,340
1838,222,200
1838,327,253
1838,222,200
1838,490,444
1838,237,213
1838,328,240
1838,237,213
1838,397,360
1838,222,200
1838,237,213
1838,297,269
1838,321,289
1838,260,207
1838,250,250
1838,786,712
1838,418,373
1838,883,800
1838,358,322
1838,470,419
1838,759,712
1838,464,420
1838,565,504
1838,662,600
1838,528,473
1838,915,829
1838,773,700
1838,1159,1050
1838,607,550
1838,482,445
1838,773,700
1838,311,280
1838,659,597
1838,372,337
1838,478,433
1838,107,97
1838,745,675
1838,362,328
1838,352,314
1838,827,756
1838,330,297
1838,340,304
1838,354,321
1838,382,342
1838,355,322
1838,345,309
1838,442,400
1838,483,432
1838,419,380
1838,371,334
1838,449,407
1838,472,422
1838,425,385
1838,99,90
1838,358,324
1838,524,475
1838,345,313
1838,442,400
1838,481,436
1838,416,374
1838,533,477
1838,561,500
1838,166,150
1838,383,345
1838,578,516
1838,355,317
1838,240,216
1838,156,140
1838,307,277
1838,212,212
1838,587,528
1839,710,510
1839,244,220
1839,1120,870
1839,252,227
1839,259,233
1839,191,172
1839,596,540
1839,262,250
1839,567,467
1839,493,447
1839,327,296
1839,254,229
1839,129,116
1839,820,570
1839,290,263
1839,307,277
1839,237,213
1839,261,235
1839,284,257
1839,312,280
1838,302,302
1838,242,235
1838,323,291
1838,243,219
1838,467,420
1838,506,455
1838,384,345
1838,304,273
1838,478,430
1838,144,130
1838,267,240
1838,466,417
1838,442,394
1838,787,713
1838,556,504
1838,524,475
1838,501,454
1838,662,600
1838,796,721
1838,351,321
1838,85,77
1838,467,417
1838,399,357
1838,423,377
1838,673,600
1838,303,285
1838,800,725
1838,326,298
1838,338,304
1838,326,293
1838,463,413
1838,632,573
1838,340,304
1838,573,519
1838,664,602
1838,795,720
1838,883,800
1838,234,209
1838,497,450
1838,662,600
1838,307,277
1838,442,400
1838,386,350
1838,497,450
1838,423,380
1838,434,390
1838,475,430
1838,478,433
1839,478,433
1839,478,433
1839,373,335
1839,259,233
1839,400,360
1839,315,283
1839,490,444
1839,255,198
1839,459,413
1839,267,240
1839,489,440
1839,175,174
1839,204,184
1839,386,350
1839,490,444
1839,489,423
1839,307,277
1839,307,277
1839,307,277
1839,490,444
1839,132,119
1839,304,278
1839,463,419
1839,238,214
1839,402,364
1839,540,489
1839,353,318
1839,367,330
1839,128,115
1839,299,273
1839,284,250
1839,462,419
1839,482,437
1839,391,352
1839,806,730
1839,675,612
1839,754,683
1839,717,650
1839,471,427
1839,788,714
1839,886,779
1839,831,753
1839,463,413
1839,215,195
1839,457,414
1839,338,304
1839,640,580
1839,584,521
1839,331,298
1839,452,403
1839,744,698
1839,335,300
1839,556,504
1839,89,80
1839,442,400
1839,469,425
1839,429,389
1839,717,650
1839,351,314
1839,574,520
1839,313,294
1839,367,327
1839,681,617
1839,378,340
1839,673,610
1839,397,357
1839,634,574
1839,320,290
1839,773,700
1839,368,328
1839,415,370
1839,662,600
1839,524,475
1839,379,339
1839,309,280
1839,363,324
1839,376,335
1839,307,277
1839,376,335
1839,307,277
1839,307,277
1839,490,444
1839,307,277
1839,307,277
1839,307,277
1839,490,444
1839,150,135
1839,210,189
1839,1040,840
1839,307,277
1839,561,465
1839,307,277
1839,660,580
1839,673,558
1840,795,720
1840,307,277
1840,307,277
1840,372,335
1840,200,180
1839,497,450
1839,662,600
1839,424,384
1839,411,369
1839,118,105
1839,408,370
1839,307,277
1839,353,320
1839,273,244
1839,607,550
1839,354,317
1839,474,429
1839,307,277
1839,140,127
1839,290,263
1839,490,444
1839,257,242
1839,313,280
1839,651,590
1839,307,277
1839,307,277
1839,481,430
1839,490,444
1839,719,651
1839,376,335
1839,307,277
1839,307,277
1839,490,444
1839,307,277
1839,291,264
1839,490,444
1839,440,420
1839,667,600
1839,473,425
1839,473,425
1839,473,425
1839,473,425
1839,828,750
1839,334,300
1839,706,640
1839,590,530
1839,530,480
1839,478,433
1839,478,433
1839,478,433
1839,335,300
1839,773,700
1839,445,400
1839,662,600
1839,552,500
1839,497,450
1839,667,600
1839,389,350
1839,334,300
1839,662,600
1839,442,400
1839,447,400
1839,662,600
1839,333,300
1839,442,400
1839,438,400
1839,333,300
1839,397,360
1839,289,260
1840,505,454
1840,530,480
1840,307,277
1840,307,277
1840,307,277
1840,333,300
1840,460,417
1840,249,224
1840,501,450
1840,690,620
1840,307,277
1840,307,277
1820,498,449
1820,172,151
1820,339,297
1816,,
1817,121,106
1817,167,146
1820,249,224
1819,350,307
1820,481,434
1820,225,197
1820,342,308
1820,464,407
1820,167,146
1820,209,188
1820,287,252
1820,145,127
1819,93,82
1819,127,111
1819,283,248
1819,197,173
1819,293,257
1819,359,324
1818,133,117
1818,231,203
1818,172,151
1818,329,297
1818,347,304
1818,255,224
1818,279,245
1811,176,159
1814,361,325
1816,295,248
1817,475,436
1819,377,340
1819,206,189
1819,486,426
1819,48,42
1819,218,191
1820,296,265
1819,217,190
1818,140,123
1822,351,289
1796,,
1797,52,45
1798,151,123
1797,,
1818,95,83
1820,433,390
1820,323,268
1820,361,300
1820,335,302
1820,393,345
1820,509,423
1820,144,126
1820,435,392
1820,452,407
1820,353,318
1820,191,172
1820,415,364
1820,245,222
1820,739,614
1820,377,331
1820,307,255
1820,446,402
1820,313,260
1820,405,336
1820,306,276
1819,406,368
1820,119,104
1820,352,270
1820,300,270
1820,182,160
1820,355,320
1820,325,285
1820,422,380
1820,455,410
1820,426,384
1820,449,373
1820,330,274
1820,506,420
1820,573,476
1820,253,229
1820,633,526
1820,194,170
1820,436,362
1819,82,73
1819,259,235
1819,410,336
1818,186,163
1818,166,149
1818,149,131
1818,409,340
1818,363,327
1818,384,344
1817,200,181
1817,274,240
1816,387,351
1817,422,370
1817,171,150
1817,285,258
1817,287,260
1818,217,190
1818,374,328
1817,180,163
1817,138,121
1817,118,106
1817,330,295
1816,292,256
1816,48,43
1816,137,120
1816,55,50
1816,152,133
1817,168,147
1817,98,86
1817,223,196
1817,246,216
1818,96,84
1817,243,219
1814,167,146
1812,92,83
1813,244,220
1811,104,80
1807,284,249
1811,197,179
1807,132,116
1808,251,220
1810,89,80
1807,93,83
1807,238,213
1817,143,130
1816,314,281
1817,514,460
1820,323,268
1817,591,491
1818,451,404
1818,320,281
1818,135,118
1818,99,87
1817,375,336
1818,140,123
1818,95,83
1817,68,60
1818,62,54
1814,202,168
1818,343,285
1816,287,245
1819,167,146
1519,27,23
1555,359,287
1555,359,287
1555,155,115
1556,359,287
1557,359,287
1559,359,287
1587,359,287
1599,413,331
1560,359,287
1593,359,287
1598,287,230
1600,359,287
1594,359,287
1595,18,14
1591,359,287
1600,329,263
1600,347,278
1582,359,287
1574,328,263
1598,365,292
1597,359,287
1586,360,287
1586,359,287
1597,498,398
1579,372,298
1596,388,311
1579,456,365
1571,430,344
1565,359,287
1554,359,287
1590,359,287
1582,359,287
1579,,
1577,363,290
1546,15,12
1600,540,432
1600,352,282
1571,439,351
1573,397,318
1593,371,297
1600,363,290
1600,338,270
1600,338,270
1576,457,366
1569,371,297
1598,329,263
1591,359,287
1588,359,287
1599,347,278
1586,359,287
1590,359,287
1579,331,265
1565,359,287
1579,359,287
1591,359,287
1585,359,287
1598,393,315
1597,430,344
1596,458,367
1592,359,287
1633,359,287
1600,338,270
1589,359,287
1632,359,287
1577,348,278
1573,263,210
1546,10,8
1600,384,307
1596,339,271
1601,390,312
1599,375,300
1594,334,287
1600,366,293
1599,375,300
1594,359,287
1593,359,287
1590,359,287
1588,359,287
1595,359,287
1579,35,28
1578,24,19
1591,359,287
1601,390,312
1600,329,263
1600,371,297
1596,371,297
1632,359,287
1597,413,331
1596,413,331
1599,347,278
1599,356,285
1561,359,287
1574,321,257
1582,359,287
1574,359,287
1549,359,287
1591,359,287
1598,363,290
1598,363,290
1588,359,287
1575,389,311
1599,498,398
1586,359,287
1600,405,324
1594,359,287
1600,397,317
1593,359,287
1551,359,287
1591,359,287
1585,359,287
1588,359,287
1598,397,317
1595,447,358
1591,359,287
1593,359,287
1590,359,287
1588,359,287
1591,359,287
1582,359,287
1598,371,297
1526,359,287
1599,375,300
1551,359,287
1546,296,236
1560,359,287
1574,359,287
1581,359,287
1577,347,278
1601,363,290
1586,359,287
1598,380,304
1598,388,311
1577,439,351
1600,346,277
1596,430,344
1593,359,287
1586,359,287
1587,359,287
1575,287,230
1591,359,287
1577,416,333
1595,359,287
1583,359,287
1552,359,287
1594,359,287
1552,359,287
1600,384,307
1583,359,287
1640,359,287
1586,359,287
1552,359,287
1593,359,287
1591,359,287
1591,359,287
1593,359,287
1591,359,287
1587,359,287
1576,366,293
1601,346,277
1594,359,287
1599,384,307
1551,359,287
1591,359,287
1587,359,287
1588,359,287
1526,359,287
1600,371,297
1599,346,277
1593,359,287
1574,359,287
1601,338,270
1587,359,287
1562,359,287
1601,400,320
1598,375,300
1600,347,278
1599,375,300
1596,413,331
1596,388,311
1598,356,285
1600,356,285
1599,346,277
1551,359,287
1552,359,287
1594,359,287
1594,359,287
1598,25,20
1600,397,317
1560,359,287
1572,440,352
1600,366,293
1598,449,359
1598,346,277
1586,371,297
1586,359,287
1593,359,287
1591,359,287
1582,326,287
1577,421,337
1576,490,392
1578,284,227
1588,359,287
1594,359,287
1578,392,314
1577,287,230
1601,342,274
1595,359,287
1597,375,300
1593,359,287
1592,359,287
1572,459,367
1588,359,287
1591,359,287
1595,447,358
1582,359,287
1588,359,287
1607,359,287
1597,346,277
1575,600,100
1599,371,297
1593,359,287
1547,359,287
1600,371,297
1600,329,263
1570,349,280
1598,384,307
1564,359,287
1551,359,287
1595,447,358
1599,312,250
1554,359,287
1600,361,289
1553,359,287
1574,329,263
1591,359,287
1583,359,287
1583,359,287
1585,321,257
1587,359,287
1601,498,398
1599,375,300
1583,359,287
1589,359,287
1593,359,287
1584,359,287
1591,359,287
1585,359,287
1601,319,255
1598,371,297
1586,359,287
1597,388,311
1595,413,331
1600,371,297
1595,359,287
1597,380,304
1598,371,297
1597,347,278
1599,338,270
1593,359,287
1549,329,263
1599,328,263
1559,359,287
1572,474,379
1598,432,346
1593,359,287
1551,359,287
1579,272,218
1596,329,263
1600,413,331
1558,359,287
1564,359,287
1588,359,287
1582,359,287
1569,359,287
1557,359,287
1561,359,287
1577,38,30
1558,359,287
1586,359,287
1586,359,287
1640,121,99
1629,50,40
1634,335,268
1621,450,394
1618,224,166
1614,328,263
1614,325,260
1614,327,261
1614,335,268
1614,352,282
1614,366,293
1614,355,284
1614,355,284
1614,359,287
1613,346,277
1613,381,305
1613,374,299
1613,341,273
1612,350,280
1612,404,323
1611,350,280
1612,359,287
1611,372,297
1610,248,198
1610,359,287
1610,359,287
1607,388,310
1607,23,18
1607,321,257
1607,356,285
1607,34,27
1607,359,287
1607,359,287
1607,368,294
1606,367,294
1606,337,270
1606,526,421
1606,329,263
1606,375,300
1566,359,287
1564,359,287
1563,359,287
1564,359,287
1565,359,287
1564,359,287
1565,359,287
1567,359,287
1569,326,261
1606,335,268
1606,397,317
1569,414,331
1564,359,287
1564,359,287
1569,363,290
1569,510,408
1569,529,423
1570,576,461
1571,575,460
1572,396,317
1574,470,376
1575,344,276
1576,598,478
1579,334,267
1581,359,287
1583,359,287
1583,372,297
1583,359,287
1583,359,287
1564,359,287
1564,378,303
1563,359,287
1563,359,287
1563,359,287
1562,359,287
1562,359,287
1562,359,287
1562,359,287
1562,359,287
1562,359,287
1562,359,287
1562,359,287
1562,359,287
1562,359,287
1560,359,287
1559,359,287
1559,359,287
1559,359,287
1559,359,287
1583,384,307
1585,337,270
1585,44,35
1585,387,310
1587,329,263
1588,20,16
1589,352,281
1817,331,272
1819,296,268
1820,217,197
1820,389,353
1820,307,265
1820,389,353
1823,214,208
1590,337,270
1590,359,287
1590,359,287
1593,380,304
1596,370,296
1596,19,15
1598,346,277
1598,346,277
1600,375,300
1601,356,285
1601,406,325
1601,350,280
1601,364,291
1601,333,266
1601,374,299
1601,346,277
1601,347,277
1601,345,276
1601,20,16
1602,352,282
1602,359,288
1602,49,39
1602,397,318
1602,397,318
1602,359,287
1603,401,321
1603,326,261
1603,333,267
1603,333,266
1603,48,38
1603,333,266
1603,342,274
1603,395,316
1604,353,282
1604,428,342
1604,374,299
1604,334,267
1605,456,364
1604,359,287
1605,392,314
1605,378,303
1605,401,321
1605,390,312
1605,348,278
1549,359,287
1551,359,287
1597,397,317
1542,374,299
1598,363,290
1622,359,287
1605,402,321
1605,371,297
1600,156,125
1590,359,287
1588,188,150
1583,359,287
1581,60,48
1575,44,35
1603,344,275
1603,384,307
1604,340,272
1604,369,295
1603,388,310
1596,359,287
1596,359,287
1596,359,287
1596,359,287
1562,208,202
1520,68,54
1653,,
1689,441,360
1689,159,130
1678,1100,935
1813,312,265
1552,107,80
1541,160,150
1817,6,6
1519,10,8
1588,92,84
1516,1,1
1614,335,268
1805,122,102
1650,150,113
1804,448,374
1759,350,245
1761,433,381
1849,5,4
1799,663,611
1606,90,77
1653,381,331
1656,104,87
1656,251,
1656,94,80
1657,160,128
1669,328,285
1669,,
1669,328,285
1671,278,215
1671,328,285
1674,330,264
1674,150,126
1677,524,450
1677,200,175
1750,323,302
1768,323,302
1768,96,80
1780,303,279
1784,171,160
1650,338,291
1653,273,191
1668,273,191
1668,243,209
1668,273,191
1669,455,391
1669,273,191
1668,328,285
1669,338,291
1669,549,472
1669,338,291
1669,455,391
1669,429,300
1669,266,186
1669,173,150
1655,253,250
1669,338,291
1669,,
1670,338,291
1670,455,391
1669,338,291
1670,328,285
1670,328,285
1655,328,285
1670,338,291
1670,338,291
1669,455,391
1673,500,100
1670,273,191
1671,72,51
1670,337,253
1671,455,391
1671,455,391
1672,455,391
1671,227,160
1671,71,50
1654,338,291
1654,328,285
1654,259,207
1656,141,121
1671,337,253
1671,273,191
1671,338,291
1670,338,291
1671,455,391
1670,328,285
1670,273,191
1670,338,291
1671,455,391
1671,229,160
1671,273,191
1671,338,291
1671,550,473
1671,338,291
1671,455,391
1670,455,391
1671,337,253
1672,470,404
1672,337,253
1671,233,163
1671,338,291
1671,337,253
1672,455,391
1671,338,291
1672,,
1672,455,391
1672,314,242
1672,338,291
1672,338,291
1657,338,291
1673,820,586
1673,474,331
1673,487,419
1674,439,394
1673,473,413
1673,338,291
1674,467,394
1674,467,394
1675,468,403
1675,125,110
1657,273,191
1658,262,228
1658,346,300
1658,450,283
1652,338,291
1652,346,259
1652,273,191
1657,259,207
1657,259,207
1658,272,222
1657,80,56
1657,,
1658,273,191
1658,140,112
1659,259,207
1652,170,138
1658,117,82
1659,328,285
1659,273,191
1659,273,191
1659,328,285
1660,218,174
1660,259,207
1661,259,207
1660,338,291
1660,338,291
1660,259,207
1666,338,291
1661,273,191
1661,259,207
1661,346,259
1661,338,291
1661,347,281
1663,455,391
1662,47,38
1662,273,191
1663,300,270
1663,338,291
1663,338,291
1662,36,35
1663,273,191
1662,347,281
1662,273,191
1662,328,285
1663,273,191
1663,338,291
1663,338,291
1664,471,405
1664,455,391
1664,328,285
1664,338,291
1664,347,281
1664,309,250
1664,337,253
1666,328,285
1665,455,391
1665,273,191
1665,338,291
1665,,
1665,455,391
1667,455,391
1666,,
1666,,
1666,316,241
1652,328,285
1653,334,234
1667,455,391
1667,338,291
1668,273,191
1666,338,291
1668,131,106
1667,253,178
1669,194,136
1668,338,291
1668,328,198
1669,422,262
1670,328,285
1653,273,191
1669,548,471
1669,131,113
1668,148,127
1668,189,155
1668,328,285
1669,273,191
1669,273,191
1655,325,259
1656,600,479
1764,355,296
1810,30,
1532,287,230
1820,31,27
1612,45,36
1613,43,34
1631,359,287
1631,359,287
1631,359,287
1612,336,269
1620,375,300
1623,359,287
1623,359,287
1631,359,287
1632,325,260
1633,50,40
1636,359,287
1640,330,264
1641,193,160
1655,86,70
1612,407,325
1619,362,290
1631,359,287
1633,359,287
1638,359,287
1639,359,287
1810,214,208
1670,234,195
1689,308,252
1649,351,258
1703,178,163
1611,323,287
1621,188,140
1623,394,293
1605,323,287
1607,202,150
1811,197,179
1818,215,100
1806,13,13
1784,626,572
1710,272,228
1538,3,2
1819,238,
1854,,
1853,,
1839,17,15
1844,844,822
1842,,
1840,,
1845,,
1837,490,444
1837,490,444
1837,490,444
1836,118,105
1836,490,444
1836,490,444
1836,307,277
1836,490,444
1836,307,277
1836,490,444
1836,490,444
1836,490,444
1836,490,444
1835,490,444
1835,490,444
1835,490,444
1834,401,367
1835,490,444
1835,490,444
1835,490,444
1835,490,444
1834,401,367
1833,490,444
1832,,
1832,307,277
1845,490,444
1845,490,444
1846,490,444
1719,367,313
1719,367,313
1811,530,473
1811,475,436
1812,390,353
1830,449,421
1810,390,353
1809,357,319
1804,475,436
1806,183,160
1803,287,260
1802,492,412
1803,179,159
1802,310,279
1802,530,473
1803,179,159
1801,390,353
1799,203,189
1799,205,189
1796,139,116
1796,296,248
1795,57,53
1798,353,324
1799,353,324
1799,363,336
1799,400,371
1799,205,189
1798,271,251
1799,204,189
1806,390,353
1807,390,353
1796,117,110
1804,390,353
1807,390,353
1808,390,353
1809,390,353
1804,390,353
1804,390,353
1806,390,353
1801,390,353
1796,215,199
1795,363,336
1796,231,213
1801,390,353
1806,390,353
1799,271,251
1802,492,412
1804,492,412
1801,390,353
1806,530,472
1807,530,472
1792,217,194
1805,390,353
1809,390,353
1800,271,251
1806,390,353
1791,281,235
1802,346,313
1804,492,412
1801,148,134
1801,239,217
1799,268,248
1803,500,223
1801,310,281
1805,174,158
1807,6,5
1799,204,189
1813,390,353
1810,239,217
1812,239,217
1803,492,412
1809,114,99
1805,530,472
1807,530,472
1807,530,473
1808,530,472
1804,273,250
1804,390,353
1806,390,353
1807,390,353
1810,390,353
1809,390,353
1807,390,353
1810,530,473
1811,530,472
1812,530,472
1813,492,412
1810,390,353
1811,530,472
1809,530,472
1810,530,472
1810,530,473
1811,530,472
1810,390,353
1805,492,412
1807,530,473
1809,530,472
1811,492,412
1811,390,353
1813,321,282
1813,239,217
1814,239,217
1808,390,353
1813,390,353
1812,390,353
1808,530,472
1809,218,180
1808,187,169
1814,530,472
1814,179,
1813,530,472
1815,310,279
1814,530,473
1789,258,230
1812,239,217
1811,390,353
1854,600,584
1854,665,500
1854,450,410
1854,405,350
1854,802,660
1855,504,420
1855,207,170
1855,576,480
1855,547,450
1855,612,510
1855,425,350
1855,600,500
1855,110,92
1855,486,400
1855,480,400
1855,623,516
1855,472,430
1856,425,350
1856,632,524
1856,329,300
1856,729,600
1856,383,315
1856,608,500
1856,335,300
1856,365,300
1856,728,655
1856,667,600
1856,556,500
1856,539,485
1856,369,304
1856,486,400
1856,365,300
1857,480,400
1857,549,500
1857,283,258
1857,785,600
1857,525,478
1857,588,484
1857,500,362
1857,490,420
1857,547,450
1857,470,412
1857,588,484
1857,365,300
1857,543,450
1857,535,385
1857,133,122
1857,620,510
1857,600,537
1857,401,361
1857,221,169
1857,300,260
1857,486,400
1857,486,400
1857,651,497
1857,70,70
1857,221,213
1857,,
1857,,
1857,,
1857,,
1857,1200,219
1857,,
1857,193,187
1857,,
1857,,
1857,,
1857,,
1857,,
1857,,
1857,,
1856,,
1857,,
1858,,
1858,,
1857,970,610
1857,,
1858,,
1858,,
1858,,
1858,,
1858,,
1858,,
1858,654,500
1858,444,400
1858,621,514
1858,533,400
1858,800,560
1858,351,320
1858,600,520
1858,444,400
1858,1047,800
1858,1100,935
1858,450,306
1858,1145,903
1858,,
1858,550,415
1858,700,580
1858,2024,1607
1858,800,515
1858,357,325
1858,1160,1100
1858,1086,900
1859,650,535
1859,437,400
1859,543,450
1859,624,520
1859,729,600
1859,1889,1500
1859,1889,1500
1859,740,540
1859,573,475
1859,944,762
1859,439,400
1859,425,350
1859,578,500
1859,480,400
1859,785,600
1859,941,800
1859,365,300
1859,340,310
1859,1068,70
1859,965,800
1859,1970,1700
1859,851,700
1859,413,340
1859,822,740
1859,377,310
1859,667,600
1859,420,350
1859,384,320
1859,650,550
1859,972,800
1859,486,400
1859,608,500
1859,539,447
1859,804,700
1859,501,450
1859,833,750
1859,683,650
1859,600,600
1859,,
1860,,
1860,,
1861,840,753
1860,,
1861,,
1861,,
1861,550,504
1861,,
1860,720,600
1860,486,400
1860,785,600
1860,729,600
1860,547,450
1860,486,400
1860,608,500
1860,672,560
1860,1250,1050
1860,480,400
1860,722,650
1860,608,500
1860,667,600
1860,802,660
1860,724,600
1860,633,570
1860,882,750
1860,480,400
1860,608,500
1860,386,320
1860,650,507
1860,418,411
1860,744,513
1860,421,364
1860,987,562
1860,436,361
1860,425,350
1860,243,200
1860,729,600
1860,729,600
1860,543,450
1860,416,360
1860,1008,800
1860,1108,916
1860,486,400
1860,495,453
1860,637,550
1861,714,607
1861,725,600
1861,785,600
1861,1047,800
1861,608,500
1861,838,640
1861,486,400
1861,400,390
1861,802,660
1861,832,690
1861,1239,1020
1861,584,550
1861,729,600
1861,691,576
1861,725,601
1865,152,145
1865,780,650
1861,654,500
1861,274,250
1861,911,750
1861,757,627
1847,458,415
1847,729,600
1847,547,450
1846,466,419
1849,55,50
1849,467,420
1849,438,402
1849,365,300
1849,644,530
1849,790,650
1849,535,440
1849,535,440
1849,535,440
1849,464,420
1849,547,450
1849,340,280
1849,389,320
1849,486,400
1849,304,250
1849,729,600
1849,243,200
1850,294,266
1850,323,266
1850,600,600
1857,760,569
1850,400,360
1850,486,400
1850,203,167
1851,744,670
1851,334,300
1851,608,500
1851,1111,1000
1851,447,400
1851,741,617
1851,243,200
1851,70,64
1851,2,2
1850,,
1851,56,55
1851,266,258
1851,371,106
1851,,
1852,559,500
1852,608,500
1852,1000,840
1852,761,640
1852,389,350
1852,612,540
1852,428,390
1852,486,400
1852,180,150
1852,291,273
1852,729,600
1852,941,800
1851,,
1851,184,168
1851,,
1851,,
1851,,
1851,,
1846,526,470
1846,420,360
1846,455,430
1846,400,360
1846,436,392
1847,497,450
1847,1043,945
1847,530,480
1847,507,480
1847,467,420
1847,1065,1005
1847,86,77
1847,167,150
1847,445,400
1847,500,450
1847,556,500
1847,559,500
1847,533,453
1847,980,800
1847,117,108
1847,471,420
1847,402,360
1847,556,500
1847,895,800
1847,291,260
1847,356,320
1847,500,450
1847,837,726
1847,497,450
1850,340,306
1850,389,350
1850,333,300
1850,550,495
1850,211,180
1850,574,520
1850,459,413
1850,178,168
1850,533,480
1850,364,330
1850,333,300
1850,278,250
1850,366,346
1850,389,350
1850,500,450
1850,333,300
1850,222,200
1850,347,320
1850,222,200
1850,333,300
1850,759,683
1850,334,300
1850,433,400
1850,444,400
1850,500,450
1850,230,210
1850,817,740
1850,680,600
1850,811,700
1850,618,560
1850,702,628
1850,489,400
1850,553,499
1850,611,550
1850,680,612
1850,717,620
1850,533,480
1850,556,500
1850,556,500
1850,342,308
1850,850,700
1850,981,889
1850,856,700
1850,820,750
1850,721,660
1850,445,400
1850,667,600
1850,328,300
1850,683,559
1850,556,500
1852,,
1851,,
1853,,
1850,,
1850,,
1849,,
1852,,
1844,,
1844,411,369
1844,378,340
1860,897,867
1861,619,616
1860,705,694
1861,750,734
1847,317,315
1845,,
1845,,
1845,,
1845,,
1845,,
1844,,
1845,,
1845,535,440
1850,,
1850,,
1850,,
1851,,
1850,,
1850,,
1850,94,74
1850,,
1850,,
1850,,
1844,662,600
1844,,
1844,411,369
1845,,
1845,719,651
1845,,
1843,337,250
1845,,
1843,,
1843,,
1845,,
1845,,
1845,,
1845,442,418
1846,600,585
1846,552,500
1846,319,263
1846,149,126
1846,319,263
1846,576,484
1847,1545,1400
1847,307,277
1847,411,369
1847,411,369
1847,411,369
1845,,
1845,,
1845,,
1845,,
1845,572,517
1845,,
1845,,
1845,354,345
1845,,
1845,,
1846,,
1846,,
1846,,
1846,,
1846,275,242
1846,,
1847,,
1847,,
1847,,
1847,,
1846,195,176
1847,,
1847,,
1847,311,279
1846,,
1847,,
1847,,
1847,,
1847,,
1847,,
1847,,
1847,650,567
1848,,
1848,,
1848,,
1848,490,444
1848,,
1849,,
1849,,
1849,,
1849,,
1849,,
1849,,
1849,317,316
1849,236,227
1849,,
1849,,
1849,317,296
1849,491,444
1849,,
1849,,
1846,,
1846,,
1846,,
1846,,
1845,300,300
1850,608,500
1847,,
1847,,
1850,,
1850,,
1850,,
1850,,
1850,284,244
1850,231,208
1850,,
1849,580,500
1849,254,240
1850,511,460
1851,,
1852,,
1851,,
1850,,
1851,549,458
1850,354,291
1851,640,500
1851,720,600
1851,820,785
1852,,
1854,,
1854,401,367
1850,1200,817
1858,,
1858,,
1858,,
1858,,
1858,,
1859,,
1859,,
1859,,
1859,,
1859,,
1859,,
1859,,
1859,,
1859,519,446
1859,,
1859,874,728
1859,,
1860,594,549
1860,,
1860,,
1861,,
1861,870,845
1861,272,258
1861,491,489
1861,,
1861,,
1862,511,511
1862,,
1862,,
1862,558,547
1862,296,278
1862,,
1862,,
1862,,
1862,,
1862,,
1862,,
1863,473,459
1863,584,577
1865,,
1864,,
1864,,
1864,,
1862,,
1859,,
1859,,
1859,,
1859,,
1859,,
1859,469,460
1861,593,488
1861,,
1861,,
1862,,
1862,,
1863,500,368
1862,,
1864,,
1864,,
1861,365,300
1861,486,400
1861,982,750
1861,222,200
1862,456,380
1862,327,271
1862,547,450
1862,710,650
1862,1500,1200
1862,981,750
1862,624,520
1862,916,700
1862,559,460
1862,1763,1400
1862,595,490
1862,1500,1200
1862,1007,950
1862,780,650
1863,456,380
1863,701,577
1863,708,583
1863,941,800
1857,603,454
1857,,
1850,323,266
1857,,
1858,,
1859,,
1859,,
1860,,
1860,846,741
1861,,
1862,,
1863,,
1862,,
1862,,
1864,,
1864,,
1864,,
1863,329,300
1862,,
1855,,
1856,,
1856,489,423
1856,,
1851,,
1866,,
1866,,
1850,307,277
1851,600,400
1849,411,369
1850,,
1850,307,277
1859,,
1859,,
1859,673,558
1858,,
1859,673,558
1856,,
1858,,
1859,,
1860,561,465
1860,,
1860,,
1860,,
1858,,
1857,,
1853,,
1852,,
1853,,
1854,,
1845,913,763
1845,,
1851,657,457
1851,588,484
1851,303,271
1851,700,485
1851,123,110
1851,300,230
1851,402,350
1851,286,235
1851,600,500
1852,73,60
1852,,
1852,588,484
1844,,
1852,,
1853,,
1845,,
1845,,
1845,489,423
1846,489,423
1847,,
1847,914,668
1847,530,527
1848,,
1849,,
1848,,
1849,,
1861,,
1861,961,801
1861,,
1861,,
1854,5,5
1854,408,340
1861,759,580
1858,,
1854,384,350
1854,693,570
1854,682,610
1859,,
1821,,
1820,,
1856,517,384
1855,,
1855,561,465
1856,489,423
1858,,
1858,,
1858,487,407
1859,673,558
1859,1050,825
1858,329,300
1859,,
1859,1701,1400
1861,,
1861,,
1862,759,580
1862,,
1862,203,186
1863,1109,960
1863,394,354
1864,673,659
1864,714,595
1864,750,625
1864,700,474
1833,490,444
1864,3,3
1865,,
1866,851,700
1833,284,270
1833,307,277
1833,490,444
1829,535,440
1836,490,444
1836,490,444
1847,515,458
1847,,
1827,590,558
1827,460,454
1827,285,283
1827,336,315
1827,556,459
1828,523,520
1828,268,251
1829,281,277
1829,475,437
1829,529,510
1829,344,334
1830,430,428
1830,288,268
1864,588,484
1843,,
1829,307,
1840,1,1
1857,310,255
1816,382,314
1818,102,94
1811,157,129
1826,382,380
1840,,
1841,,
1846,60,56
1848,535,440
1848,535,440
1838,300,1
1818,112,95
1838,138,122
1865,1265,1004
1842,63,63
1838,411,369
1839,,
1821,56,54
1539,359,287
1584,359,287
1586,359,287
1592,359,287
1819,209,188
1857,372,342
1862,580,481
1818,240,216
1818,247,217
1818,35,31
1799,150,123
1831,324,303
1844,104,100
1519,150,125
1841,,
1841,,
1841,,
1841,,
1841,1,1
1841,,
1841,,
1841,105,105
1842,,
1842,,
1842,,
1842,,
1843,,
1843,,
1843,,
1843,,
1843,,
1843,569,516
1844,,
1844,,
1842,,
1846,4,3
1846,,
1846,,
1859,641,559
1859,,
1837,240,220
1838,535,440
1841,215,193
1818,214,208
1516,2,2
1811,192,157
1811,281,270
1811,528,476
1811,332,260
1811,537,523
1811,230,213
1811,593,520
1811,442,417
1811,399,372
1811,501,476
1811,142,135
1811,550,512
1811,381,372
1811,464,380
1811,553,466
1811,654,611
1811,605,530
1811,371,340
1811,226,219
1811,123,118
1811,421,410
1811,547,520
1811,374,370
1811,524,456
1811,555,500
1811,323,320
1811,77,77
1811,688,667
1811,393,391
1811,530,450
1811,632,586
1811,765,760
1811,700,688
1811,640,562
1811,142,139
1811,434,419
1811,673,613
1811,354,295
1811,451,451
1811,596,503
1811,569,537
1811,308,270
1812,210,198
1812,531,458
1812,177,171
1812,580,500
1812,601,496
1812,520,462
1812,141,141
1812,554,554
1812,592,534
1812,262,261
1812,502,497
1812,172,136
1812,469,350
1812,355,235
1812,606,571
1812,424,404
1812,500,500
1812,403,380
1812,486,481
1812,258,240
1812,469,467
1812,478,440
1812,578,547
1812,124,123
1812,566,500
1812,534,475
1812,429,419
1812,328,317
1812,430,385
1812,533,497
1812,249,232
1812,552,517
1812,440,423
1812,485,463
1812,601,517
1812,526,472
1812,234,215
1812,645,612
1812,497,433
1812,332,314
1812,346,324
1812,620,527
1812,239,221
1812,163,152
1813,254,233
1813,451,421
1813,416,405
1813,640,617
1813,754,711
1813,260,247
1813,330,306
1813,277,260
1813,440,238
1813,447,426
1813,787,750
1813,353,344
1813,689,670
1813,555,530
1813,221,211
1813,325,318
1813,376,360
1813,557,536
1813,257,241
1813,772,718
1813,632,613
1813,383,370
1813,241,224
1813,516,473
1813,732,721
1813,566,539
1813,269,262
1813,648,623
1813,584,548
1813,181,176
1813,699,674
1813,487,423
1813,358,322
1813,228,218
1813,558,530
1813,281,260
1813,611,544
1813,675,617
1813,461,425
1814,328,317
1814,566,543
1814,597,578
1814,420,407
1814,351,345
1814,317,310
1814,397,372
1814,445,411
1814,490,473
1814,526,505
1814,393,341
1814,272,245
1814,529,513
1814,457,432
1814,196,187
1814,330,326
1814,500,469
1814,595,564
1814,288,275
1814,506,497
1814,518,503
1814,337,316
1814,423,407
1814,630,576
1814,657,624
1814,454,435
1816,514,507
1816,490,490
1816,436,389
1816,482,437
1816,862,769
1816,358,324
1816,589,534
1816,368,337
1816,377,336
1816,574,526
1816,620,562
1816,317,283
1816,479,434
1816,471,427
1816,496,475
1816,776,692
1816,480,428
1816,613,555
1816,539,494
1816,553,493
1816,499,452
1816,594,545
1816,436,400
1816,554,502
1816,543,492
1816,502,455
1816,465,421
1816,794,708
1816,493,447
1816,541,515
1816,488,442
1816,565,504
1816,807,717
1816,257,233
1816,479,439
1816,478,438
1816,552,500
1816,521,472
1816,461,418
1816,456,413
1816,480,428
1816,535,477
1819,599,575
1819,435,398
1819,330,329
1819,254,218
1819,258,189
1819,223,222
1819,322,307
1819,389,386
1819,530,496
1819,867,647
1819,256,253
1819,229,225
1819,286,275
1819,124,121
1819,236,199
1819,374,363
1819,167,162
1819,223,223
1819,325,321
1819,387,380
1819,301,275
1819,251,247
1819,434,376
1819,328,308
1819,365,307
1819,215,215
1819,221,198
1819,442,382
1819,531,492
1819,475,422
1819,270,227
1819,285,283
1803,401,367
1803,401,367
1803,293,279
1804,514,421
1817,179,159
1817,179,159
1818,179,159
1819,395,350
1783,226,204
1689,316,241
1697,174,133
1698,518,395
1698,248,189
1698,135,103
1699,480,180
1699,250,
1699,301,272
1693,524,400
1695,150,40
1666,316,241
1693,316,241
1695,316,241
1688,316,241
1688,316,241
1688,316,241
1688,316,241
1685,316,241
1710,393,300
1682,316,241
1684,309,250
1683,316,241
1683,316,241
1683,316,241
1673,316,241
1709,45,34
1709,152,120
1672,316,241
1678,316,241
1709,450,343
1571,60,45
1803,760,695
1803,437,400
1803,138,136
1709,,
1705,316,241
1682,316,241
1644,179,158
1644,330,264
1708,338,242
1781,332,
1789,260,42
1791,346,292
1793,,
1788,19,
1797,61,52
1802,179,159
1802,179,159
1803,310,279
1802,179,159
1803,234,192
1802,272,250
1802,179,159
1783,226,204
1781,310,266
1787,100,
1790,,
1791,310,266
1791,310,266
1803,223,198
1803,352,335
1685,144,110
1677,250,191
1677,105,80
1679,316,241
1681,316,241
1680,36,33
1680,37,34
1679,316,241
1679,316,241
1679,316,241
1679,316,241
1679,316,241
1679,316,241
1681,316,241
1684,380,290
1687,316,241
1685,316,241
1687,316,241
1686,316,241
1686,105,90
1686,83,74
1687,316,241
1688,303,287
1689,180,180
1693,641,489
1694,328,250
1698,308,235
1700,223,170
1700,750,500
1700,869,619
1701,142,108
1701,131,100
1701,655,500
1707,361,302
1689,262,200
1690,655,500
1691,197,150
1735,386,267
1682,207,158
1706,448,400
1705,400,313
1703,400,313
1703,382,298
1703,400,313
1703,400,313
1703,102,80
1671,58,44
1671,367,280
1672,316,241
1671,76,58
1679,316,241
1686,734,560
1685,316,241
1688,316,241
1687,316,241
1677,313,241
1686,316,241
1681,316,241
1698,316,241
1677,316,241
1681,316,241
1675,316,241
1675,316,241
1671,316,241
1667,316,241
1705,700,14
1704,150,
1705,560,
1705,557,435
1704,,
1703,624,487
1784,389,388
1664,316,241
1789,233,200
1793,142,38
1792,248,242
1704,359,339
1786,190,131
1792,169,150
1659,316,241
1703,292,260
1706,316,241
1699,292,260
1699,292,260
1685,316,241
1707,200,186
1711,316,241
1712,172,131
1711,420,360
1705,350,267
1705,316,241
1704,316,241
1698,316,241
1711,316,241
1712,316,241
1708,316,241
1708,316,241
1703,313,239
1710,288,220
1683,250,191
1684,316,241
1702,316,241
1702,316,241
1682,316,241
1678,316,241
1707,316,241
1702,316,241
1704,316,241
1691,316,241
1704,316,241
1705,316,241
1709,316,241
1684,316,241
1699,316,241
1817,183,160
1819,114,100
1772,33,33
1783,465,400
1783,581,500
1783,151,130
1648,313,241
1683,313,241
1784,606,527
1783,,
1764,430,380
1766,35,28
1769,347,310
1815,501,501
1815,319,263
1815,331,272
1814,234,192
1814,339,279
1815,234,192
1816,319,263
1815,22,22
1815,234,192
1815,231,211
1815,179,159
1815,234,192
1815,319,263
1815,179,159
1815,401,367
1816,250,222
1816,,
1817,164,156
1816,500,447
1817,234,192
1816,246,220
1817,183,160
1817,234,192
1817,273,250
1817,272,250
1817,234,192
1817,179,159
1817,234,192
1817,18,18
1817,234,192
1820,167,146
1818,106,87
1818,234,192
1818,234,192
1818,273,250
1818,319,263
1818,319,263
1818,319,263
1818,234,192
1818,225,200
1818,325,267
1819,318,265
1818,183,160
1819,234,192
1818,179,159
1818,81,81
1818,179,159
1818,183,160
1818,234,192
1818,179,159
1819,150,138
1820,234,192
1819,278,246
1819,12,11
1819,273,250
1819,183,160
1819,215,177
1819,234,192
1819,234,192
1819,234,192
1820,273,250
1820,183,160
1820,319,263
1820,171,150
1819,273,250
1819,234,192
1819,273,250
1820,273,250
1820,105,91
1819,234,192
1820,106,90
1820,100,88
1819,67,59
1819,130,119
1819,9,8
1820,273,250
1819,234,192
1819,25,20
1820,135,122
1819,273,250
1819,183,160
1819,234,192
1819,234,192
1820,209,172
1820,380,351
1819,170,152
1821,233,204
1821,234,192
1820,26,20
1820,183,160
1820,210,197
1820,253,226
1820,234,192
1820,240,198
1820,,
1820,72,
1821,218,200
1820,350,288
1820,234,192
1820,234,192
1821,325,300
1820,234,192
1820,234,192
1820,234,192
1820,278,246
1820,234,192
1820,234,192
1820,200,174
1820,234,192
1820,183,160
1820,255,213
1820,300,294
1821,183,160
1820,278,246
1820,273,250
1820,273,250
1820,273,250
1821,273,250
1820,14,12
1820,278,246
1820,234,192
1820,183,160
1820,234,192
1820,179,159
1820,319,263
1820,234,192
1820,234,192
1820,273,250
1820,234,192
1820,234,192
1820,401,330
1821,376,335
1820,179,159
1820,234,192
1820,234,192
1820,234,192
1820,319,263
1820,300,266
1821,318,265
1821,253,226
1821,78,64
1821,170,162
1821,167,146
1822,255,230
1821,164,143
1821,234,192
1822,202,182
1821,319,263
1821,319,263
1821,316,260
1822,320,286
1822,250,225
1821,266,259
1821,234,192
1821,273,250
1821,273,250
1821,220,219
1821,325,300
1821,234,192
1822,301,276
1821,250,222
1821,319,263
1821,234,192
1822,314,289
1821,376,335
1821,234,192
1821,183,160
1822,218,200
1821,234,192
1822,319,263
1821,250,240
1821,103,91
1821,234,192
1822,273,250
1822,183,160
1821,376,335
1821,12,11
1821,278,246
1821,425,350
1821,234,192
1821,234,192
1821,122,104
1821,179,159
1822,270,250
1821,273,250
1822,350,309
1821,104,101
1821,376,335
1821,319,263
1821,548,452
1821,179,159
1821,296,244
1821,514,421
1821,273,250
1821,234,192
1821,234,192
1822,234,192
1822,278,246
1822,234,192
1822,245,227
1822,273,250
1822,352,335
1822,234,192
1822,278,246
1822,234,192
1822,234,192
1822,272,240
1822,234,192
1822,234,192
1822,234,192
1822,246,220
1822,245,234
1822,273,250
1822,500,412
1822,234,192
1822,34,29
1822,273,250
1822,183,160
1822,234,192
1822,278,246
1822,376,335
1822,234,192
1822,251,230
1822,319,263
1822,467,390
1822,234,192
1822,273,250
1822,234,192
1822,234,192
1822,3,3
1823,200,186
1823,179,159
1823,273,250
1823,183,160
1823,234,192
1823,234,192
1823,234,192
1823,119,100
1824,319,263
1823,319,263
1823,273,250
1823,319,263
1823,183,160
1823,234,192
1823,278,245
1823,234,192
1823,49,40
1823,110,
1823,505,416
1823,234,192
1823,234,192
1825,164,156
1824,,
1824,255,230
1824,319,263
1825,278,246
1824,273,250
1824,273,250
1824,179,159
1824,319,263
1825,376,335
1824,376,335
1824,319,263
1824,273,250
1824,319,243
1825,140,128
1824,273,250
1824,,
1825,273,250
1824,258,212
1824,273,250
1824,273,250
1824,234,192
1824,130,107
1825,100,87
1824,273,250
1824,273,250
1824,278,246
1824,183,160
1824,273,250
1824,234,192
1824,273,250
1825,273,250
1825,183,160
1824,234,192
1825,218,200
1824,273,250
1824,234,192
1824,273,250
1825,76,66
1825,273,250
1825,255,230
1825,273,250
1826,490,444
1825,183,160
1825,273,250
1825,273,250
1826,490,444
1825,273,250
1825,183,160
1826,,
1826,376,335
1825,183,160
1825,273,250
1825,400,330
1826,250,200
1825,85,85
1825,273,250
1825,273,250
1825,273,250
1826,490,444
1825,250,218
1825,100,85
1826,490,444
1826,281,176
1826,376,335
1825,376,335
1826,280,250
1825,234,192
1825,273,250
1825,278,246
1825,234,192
1826,535,440
1825,234,192
1825,123,123
1825,183,160
1825,183,160
1825,234,192
1825,183,160
1825,150,132
1825,183,160
1826,490,444
1825,203,186
1826,535,440
1826,307,277
1826,490,444
1826,535,440
1826,535,440
1826,535,440
1826,376,335
1825,420,351
1826,307,277
1826,490,444
1826,535,440
1826,2,2
1826,,
1826,535,440
1826,535,440
1827,400,307
1826,242,179
1826,401,367
1826,490,444
1826,535,440
1826,490,444
1826,535,440
1827,140,127
1827,311,256
1826,535,440
1827,490,444
1827,,
1827,535,440
1828,50,40
1827,535,440
1828,490,444
1827,490,444
1827,535,440
1827,307,277
1827,535,440
1828,127,114
1828,27,22
1827,535,440
1828,319,263
1827,,
1827,307,277
1827,535,440
1828,490,444
1828,490,444
1828,248,204
1828,535,440
1828,100,90
1828,307,277
1828,535,440
1829,240,175
1828,535,440
1828,535,440
1828,535,440
1829,283,256
1829,122,104
1829,267,220
1830,490,444
1829,375,340
1829,490,444
1829,490,444
1829,158,130
1829,490,444
1829,376,335
1829,475,436
1829,490,444
1829,139,128
1829,,
1829,535,440
1830,168,151
1829,119,100
1830,307,277
1830,490,444
1830,51,51
1830,490,444
1830,490,444
1830,,
1830,535,440
1830,490,444
1831,331,300
1830,490,444
1831,411,369
1830,535,440
1830,490,444
1830,535,440
1830,,
1832,307,277
1831,535,440
1833,490,444
1837,489,443
1840,179,159
1843,307,277
1845,535,440
1847,352,352
1848,,
1849,535,440
1849,535,440
1849,376,335
1849,307,277
1849,490,444
1643,330,264
1831,311,279
1820,370,240
1831,307,277
1822,155,139
1822,310,279
1820,136,119
1820,259,213
1821,341,307
1823,259,227
1825,0,0
1819,255,230
1778,304,261
1779,421,276
1779,472,371
1779,429,427
1779,592,552
1780,475,438
1781,469,391
1781,540,510
1781,450,400
1781,457,372
1781,592,327
1782,533,503
1782,215,203
1782,483,458
1782,298,186
1782,302,288
1783,511,418
1784,331,289
1782,300,281
1783,410,364
1784,250,147
1783,310,
1785,197,193
1784,314,308
1785,213,188
1784,211,187
1784,385,333
1784,407,395
1785,260,158
1784,352,296
1784,286,253
1784,425,405
1784,245,
1786,196,115
1785,290,229
1785,413,370
1785,237,210
1785,312,281
1785,310,
1785,350,314
1786,425,361
1786,452,406
1787,121,115
1787,462,414
1787,410,377
1788,363,338
1788,270,249
1789,413,207
1789,301,287
1705,826,5
1698,506,280
1699,521,353
1700,542,238
1704,349,295
1702,350,300
1702,102,88
1703,126,108
1707,447,393
1708,103,84
1708,260,212
1709,370,313
1709,56,48
1710,245,200
1711,626,253
1712,270,220
1712,219,200
1714,265,216
1714,277,226
1714,171,153
1715,145,118
1718,216,164
1722,206,201
1724,415,351
1727,283,207
1727,238,217
1728,47,32
1729,126,126
1731,55,55
1732,120,115
1733,443,244
1734,224,180
1736,150,108
1738,11,10
1738,212,170
1739,42,21
1740,45,44
1742,53,51
1744,100,95
1746,160,146
1747,250,195
1747,290,274
1748,300,278
1749,334,160
1749,300,257
1749,284,242
1750,212,179
1750,87,80
1751,279,272
1751,150,133
1752,203,182
1752,307,284
1753,312,231
1753,275,146
1687,95,80
1688,250,200
1688,363,291
1690,136,109
1692,624,500
1696,807,630
1696,615,480
1698,431,364
1701,182,154
1698,733,624
1710,382,312
1714,363,311
1715,142,120
1715,363,311
1715,290,245
1715,300,254
1718,49,42
1719,468,403
1724,250,219
1725,460,375
1725,464,379
1726,162,130
1726,474,424
1727,22,18
1746,93,79
1752,338,224
1710,373,318
1710,433,374
1709,112,85
1754,168,140
1755,125,108
1754,323,279
1747,,
1757,289,262
1762,344,299
1764,243,219
1755,87,75
1758,136,118
1759,220,190
1759,339,293
1760,228,197
1760,375,324
1761,332,287
1767,245,224
1768,171,159
1768,265,235
1769,323,288
1772,267,246
1775,332,253
1772,166,146
1775,221,135
1776,145,142
1774,218,207
1785,205,188
1790,310,266
1791,,
1793,322,311
1802,137,125
1801,384,315
1794,311,266
1795,311,266
1796,343,292
1799,303,279
1800,303,279
1794,100,90
1795,100,90
1795,158,143
1795,100,90
1795,148,134
1795,87,79
1798,264,238
1796,158,143
1796,81,73
1796,158,143
1796,158,143
1796,71,64
1796,61,55
1796,111,100
1797,158,143
1797,100,90
1797,59,53
1798,63,57
1797,158,143
1797,100,90
1798,112,101
1798,342,309
1797,63,57
1799,39,35
1798,158,143
1798,100,90
1798,158,143
1798,100,90
1799,66,60
1799,100,90
1800,100,90
1799,158,143
1799,158,143
1800,158,143
1799,100,90
1799,158,143
1799,100,90
1800,103,93
1800,96,87
1781,160,138
1799,100,90
1799,158,143
1799,158,143
1799,158,143
1799,158,143
1800,95,86
1800,100,90
1800,158,143
1800,100,90
1801,139,17
1800,100,90
1800,100,90
1800,158,143
1800,158,143
1800,158,143
1800,102,89
1799,100,90
1800,100,90
1800,100,90
1800,155,140
1800,100,90
1800,158,143
1800,158,143
1800,158,143
1801,148,134
1800,100,90
1801,158,143
1802,158,143
1801,61,55
1802,266,240
1801,158,143
1802,221,170
1801,100,90
1801,100,90
1803,409,369
1804,100,96
1802,100,90
1802,100,90
1802,163,147
1802,91,87
1802,100,90
1802,27,24
1802,100,90
1803,186,63
1802,100,90
1802,100,90
1802,100,90
1802,86,78
1700,700,619
1803,70,63
1803,53,48
1803,100,90
1803,158,143
1804,78,71
1803,100,90
1803,158,143
1805,134,121
1804,140,114
1804,158,143
1804,158,143
1805,100,90
1805,158,143
1805,158,143
1805,158,143
1806,158,143
1805,158,143
1805,158,143
1806,158,143
1806,158,143
1806,158,143
1806,158,143
1802,316,260
1756,73,62
1756,224,187
1756,248,207
1756,62,52
1757,140,117
1756,341,286
1757,252,218
1757,273,227
1758,273,236
1759,293,244
1760,257,214
1761,342,285
1762,484,403
1764,186,161
1765,196,164
1765,283,255
1770,244,203
1770,164,162
1771,262,220
1771,235,197
1772,369,310
1773,196,164
1773,255,214
1773,207,174
1774,111,93
1783,197,193
1712,376,318
1761,281,233
1762,335,278
1762,298,248
1768,201,184
1795,94,77
1796,118,96
1797,149,126
1778,310,266
1782,310,266
1782,310,266
1784,253,215
1789,310,266
1789,310,266
1789,310,266
1796,180,179
1795,285,232
1797,191,176
1797,273,236
1802,162,146
1802,295,255
1806,273,250
1647,392,320
1647,251,174
1696,373,299
1696,243,195
1714,140,125
1717,150,128
1725,81,67
1691,260,230
1692,406,356
1692,244,209
1692,260,230
1692,118,105
1692,260,230
1692,244,209
1692,260,230
1692,118,105
1693,244,209
1724,244,209
1724,386,351
1724,386,351
1696,260,230
1817,231,190
1817,239,217
1817,452,410
1820,390,353
1820,183,160
1820,310,279
1820,500,446
1820,426,386
1820,510,230
1820,390,353
1820,390,353
1820,390,353
1820,530,472
1820,475,436
1820,530,472
1820,434,393
1820,422,376
1820,425,385
1820,390,353
1820,390,353
1820,390,353
1820,390,353
1820,390,353
1820,390,353
1820,390,353
1820,390,353
1820,530,472
1820,390,353
1820,401,367
1820,475,436
1820,183,160
1820,390,353
1820,530,472
1820,390,353
1820,390,353
1820,390,353
1820,239,217
1820,390,353
1820,183,160
1820,390,353
1820,468,417
1820,450,408
1820,530,472
1820,183,160
1820,390,353
1820,530,472
1820,390,353
1820,432,391
1820,390,353
1820,530,472
1820,514,421
1820,530,472
1820,390,353
1818,401,363
1825,489,487
1827,556,459
1828,246,238
1811,110,107
1811,212,162
1811,516,317
1812,390,353
1812,462,404
1812,289,285
1812,47,43
1812,397,246
1812,247,229
1812,390,353
1812,238,237
1812,305,303
1812,390,353
1813,475,436
1813,390,353
1813,475,436
1813,390,353
1814,390,353
1814,183,160
1814,530,472
1814,539,498
1814,475,436
1814,390,353
1814,390,353
1814,319,263
1814,541,511
1814,767,684
1814,475,436
1814,319,302
1815,390,353
1816,401,367
1816,475,436
1817,183,160
1817,390,353
1817,390,353
1818,390,353
1818,530,472
1818,401,367
1818,390,353
1818,405,361
1819,390,353
1819,390,353
1821,509,466
1821,448,406
1823,402,345
1823,408,384
1823,476,452
1823,335,287
1825,565,521
1825,455,448
1826,750,627
1826,418,396
1826,514,421
1826,398,398
1826,587,572
1826,730,724
1826,401,366
1826,229,225
1826,483,442
1826,722,646
1826,445,432
1827,550,499
1828,372,368
1828,239,236
1828,397,371
1828,449,421
1828,451,444
1828,496,463
1828,279,277
1828,390,385
1829,292,283
1829,591,513
1829,150,123
1775,352,322
1776,488,447
1775,423,396
1775,386,381
1775,371,359
1775,282,271
1775,405,379
1775,425,423
1775,351,336
1775,316,295
1775,433,415
1775,276,244
1775,276,258
1775,379,354
1775,357,348
1775,509,476
1775,346,340
1775,382,357
1776,249,231
1775,406,400
1775,353,316
1775,301,266
1775,446,417
1775,371,347
1775,405,364
1775,465,435
1775,230,210
1775,160,143
1775,523,489
1775,402,376
1775,339,317
1781,353,324
1781,353,324
1783,331,305
1783,363,336
1804,188,183
1803,454,450
1805,599,543
1806,390,353
1806,390,353
1736,129,129
1736,102,92
1736,212,194
1736,129,129
1802,475,436
1796,271,251
1798,470,446
1802,239,217
1801,390,353
1819,239,217
1819,390,353
1819,206,197
1819,162,153
1819,390,353
1819,530,473
1819,390,353
1818,390,353
1819,390,353
1834,449,421
1842,490,444
1817,442,382
1671,292,260
1688,260,230
1688,260,230
1689,260,230
1689,292,260
1690,292,260
1690,260,230
1690,118,105
1690,118,105
1691,292,260
1691,260,230
1816,386,374
1816,239,217
1811,202,199
1811,226,211
1811,254,201
1817,491,301
1817,259,249
1817,390,353
1817,392,388
1759,380,355
1713,572,517
1714,260,230
1781,353,324
1782,353,324
1720,292,260
1711,244,209
1711,260,230
1795,353,324
1794,353,324
1794,353,324
1795,353,324
1795,353,324
1795,258,230
1795,353,324
1795,353,324
1796,408,401
1795,258,230
1798,353,324
1797,353,324
1697,118,105
1697,260,230
1697,260,230
1697,388,357
1698,406,356
1698,244,209
1698,260,230
1698,388,357
1698,357,319
1698,320,286
1698,118,105
1698,428,338
1698,118,105
1698,357,319
1698,406,356
1698,388,357
1698,118,105
1698,260,230
1698,118,105
1699,406,356
1699,388,357
1699,118,105
1699,140,125
1699,400,358
1699,118,105
1699,118,105
1699,388,357
1699,381,331
1699,118,105
1699,118,105
1699,118,105
1700,118,105
1700,234,207
1700,244,209
1700,118,105
1701,118,105
1700,400,377
1700,484,433
1700,357,319
1700,415,355
1700,100,
1700,260,
1700,118,105
1701,118,105
1701,617,528
1704,386,351
1704,292,260
1704,118,105
1709,388,357
1714,406,356
1714,292,260
1714,464,407
1714,406,356
1715,406,356
1715,388,357
1715,500,439
1716,386,351
1716,444,396
1716,260,230
1716,700,607
1716,388,357
1716,465,403
1717,406,356
1717,465,403
1717,500,439
1718,465,403
1718,520,473
1719,465,403
1719,388,357
1719,406,356
1719,406,356
1719,386,351
1719,406,356
1720,406,356
1720,386,351
1720,292,260
1721,465,403
1721,244,209
1721,465,403
1721,118,105
1721,386,351
1721,244,209
1722,406,356
1722,465,403
1722,406,356
1722,118,105
1722,386,351
1802,530,473
1797,353,324
1805,390,353
1806,530,473
1806,530,473
1806,287,260
1824,530,473
1813,569,491
1817,390,353
1826,490,444
1841,257,242
1847,490,444
1847,490,444
1841,490,444
1812,239,217
1811,44,38
1811,130,115
1811,247,215
1811,130,118
1811,163,148
1721,388,357
1729,120,104
1733,169,150
1805,32,28
1806,213,186
1807,78,71
1807,111,101
1807,14,13
1808,239,217
1808,208,181
1808,176,96
1824,390,353
1782,258,230
1781,113,105
1782,354,324
1782,263,222
1782,353,324
1782,262,248
1782,113,105
1782,113,105
1800,207,192
1804,183,160
1804,183,160
1806,77,70
1782,353,324
1782,258,230
1782,353,324
1782,353,324
1782,353,324
1783,353,324
1783,353,324
1783,353,324
1784,258,230
1784,353,324
1784,353,324
1784,258,230
1801,345,301
1803,345,300
1819,390,353
1785,258,230
1784,353,324
1784,258,230
1784,258,230
1784,353,324
1785,258,230
1785,353,324
1786,353,324
1786,258,230
1786,353,324
1805,334,332
1724,273,236
1808,354,321
1808,553,531
1810,475,436
1813,390,353
1818,390,353
1818,530,473
1818,390,353
1816,239,217
1818,475,436
1821,390,353
1820,235,210
1801,310,279
1722,244,209
1723,443,392
1739,368,333
1739,486,440
1737,497,431
1736,475,412
1736,345,295
1737,392,335
1737,494,422
1737,375,339
1737,464,402
1737,586,508
1737,60,54
1724,137,124
1724,404,370
1724,359,315
1750,346,306
1724,612,537
1725,465,403
1751,329,308
1751,363,339
1751,197,184
1751,352,287
1742,113,98
1746,27,24
1747,331,283
1735,108,94
1735,752,643
1735,499,427
1736,1029,880
1736,309,264
1736,293,265
1736,351,318
1736,510,442
1736,819,710
1736,120,110
1736,432,369
1736,525,455
1736,343,310
1735,40,35
1735,587,502
1735,456,390
1725,6,5
1724,699,640
1514,224,166
1516,400,298
1535,359,287
1582,166,166
1652,,
1678,251,174
1678,251,174
1678,260,230
1678,244,209
1730,212,194
1730,118,105
1730,331,283
1730,212,194
1730,331,283
1730,465,403
1729,579,502
1729,499,446
1729,800,684
1729,12,10
1729,492,421
1729,636,551
1729,941,816
1730,504,431
1730,178,163
1730,118,105
1732,312,267
1731,114,104
1760,292,273
1760,311,278
1761,283,265
1773,493,461
1773,423,374
1773,395,369
1773,401,375
1773,491,459
1773,452,423
1774,484,453
1774,427,399
1774,351,311
1774,442,413
1774,399,373
1774,339,300
1774,333,311
1775,317,307
1775,354,331
1775,480,449
1775,270,252
1775,241,225
1776,409,375
1776,338,313
1776,442,405
1776,261,247
1776,335,307
1776,330,302
1776,498,462
1776,541,496
1776,543,497
1776,501,459
1776,428,392
1731,352,315
1778,425,389
1778,292,276
1778,493,451
1778,449,411
1778,318,291
1750,582,505
1751,457,411
1751,538,484
1752,329,308
1752,671,603
1751,148,131
1750,406,356
1750,358,317
1752,803,722
1752,120,106
1753,491,459
1754,507,456
1753,392,347
1755,318,281
1755,251,222
1754,329,308
1754,756,617
1754,217,203
1756,516,464
1767,416,389
1766,322,301
1765,212,188
1766,293,259
1753,329,308
1756,242,226
1752,276,248
1757,242,226
1781,331,319
1780,338,310
1779,352,333
1779,386,365
1779,402,368
1779,275,252
1779,472,432
1779,439,402
1779,378,346
1781,386,362
1781,427,365
1780,454,416
1780,352,289
1780,390,357
1781,355,300
1780,371,364
1779,474,434
1779,260,246
1780,270,247
1780,249,224
1779,319,292
1779,398,365
1779,407,373
1780,427,391
1780,390,357
1778,52,48
1777,353,324
1777,353,324
1777,353,324
1777,211,188
1778,212,194
1785,258,230
1785,353,324
1786,363,336
1729,278,238
1724,784,784
1810,530,473
1777,210,192
1780,503,461
1780,414,379
1780,255,234
1778,353,324
1780,358,328
1780,594,581
1780,441,406
1781,359,350
1781,678,608
1781,406,384
1781,382,350
1767,303,268
1768,275,243
1766,216,216
1761,289,256
1760,311,275
1760,21,20
1760,261,239
1760,312,276
1744,255,221
1743,487,436
1737,102,92
1737,212,194
1737,129,129
1733,349,303
1734,326,279
1732,446,399
1732,749,657
1735,441,399
1735,292,264
1732,215,197
1732,331,283
1733,688,599
1733,735,628
1733,442,378
1735,311,270
1733,536,458
1734,580,503
1733,393,351
1733,42,38
1732,335,297
1724,367,313
1724,367,313
1724,367,313
1724,118,105
1725,465,403
1726,106,92
1728,118,105
1731,92,83
1761,225,210
1756,462,432
1756,172,152
1756,378,353
1755,394,368
1754,71,63
1752,345,310
1753,581,522
1768,295,276
1768,537,502
1768,483,451
1774,355,332
1765,316,284
1766,279,261
1768,350,327
1768,253,224
1769,30,28
1770,212,194
1772,350,327
1774,500,450
1753,190,171
1753,50,45
1750,11,10
1779,310,286
1779,492,412
1819,273,250
1818,530,473
1846,490,444
1830,372,331
1845,490,444
1833,401,367
1822,390,353
1815,273,250
1818,273,250
1747,406,356
1732,266,231
1746,386,351
1811,390,353
1811,390,353
1811,390,353
1812,390,353
1811,183,160
1811,389,353
1811,390,353
1811,239,217
1812,390,353
1806,300,272
1805,381,340
1806,267,242
1676,408,356
1806,470,420
1806,514,421
1806,260,236
1806,390,353
1808,400,362
1806,316,264
1809,210,192
1810,373,304
1810,400,368
1812,533,436
1812,270,247
1812,242,219
1814,272,246
1815,450,412
1815,364,298
1815,270,247
1816,215,195
1816,430,390
1817,488,386
1819,495,336
1819,236,193
1820,216,193
1820,370,303
1816,57,51
1825,530,473
1826,307,277
1805,221,180
1823,390,353
1823,267,242
1823,390,353
1800,65,60
1707,406,356
1714,244,209
1718,386,351
1725,333,267
1725,212,194
1725,579,400
1726,331,283
1731,250,224
1731,129,129
1731,288,250
1731,595,516
1731,11,10
1732,184,166
1732,516,447
1732,474,405
1732,423,362
1732,118,105
1732,74,68
1732,167,151
1733,463,396
1733,402,360
1733,118,104
1734,675,577
1734,802,686
1735,444,385
1735,430,373
1738,892,773
1744,578,501
1686,244,209
1686,260,230
1697,118,105
1747,406,356
1747,406,356
1747,406,356
1747,406,356
1747,201,176
1747,406,356
1747,406,356
1749,554,480
1780,402,362
1780,356,326
1779,357,327
1775,253,224
1775,492,412
1749,572,496
1749,406,356
1749,406,356
1749,200,177
1750,376,326
1750,569,493
1751,85,75
1751,28,26
1752,329,308
1752,329,308
1752,525,472
1787,363,336
1750,406,356
1753,120,106
1753,329,308
1754,9,8
1754,329,308
1761,426,398
1786,258,230
1785,364,336
1780,363,336
1795,363,336
1772,297,277
1773,452,400
1784,353,324
1787,353,324
1786,353,324
1772,282,264
1840,490,444
1807,448,375
1840,490,444
1846,118,105
1826,257,242
1819,530,473
1819,530,473
1820,530,473
1793,492,450
1807,310,279
1821,530,473
1822,629,561
1794,271,251
1808,339,334
1845,490,444
1834,307,277
1809,390,353
1810,390,353
1810,184,167
1811,65,58
1811,390,353
1810,239,217
1810,82,74
1810,530,473
1810,475,436
1812,475,436
1815,464,420
1698,388,357
1793,340,314
1794,269,266
1787,156,200
1789,173,169
1791,120,235
1792,257,244
1794,286,280
1817,530,473
1818,485,439
1821,273,250
1787,245,226
1790,67,61
1792,217,199
1650,406,356
1650,244,209
1650,244,209
1650,244,209
1650,244,209
1650,244,209
1651,244,209
1652,244,209
1652,351,258
1653,406,356
1703,260,230
1716,367,313
1718,244,209
1786,353,324
1791,42,39
1792,191,176
1813,390,353
1819,239,217
1810,183,160
1817,239,217
1678,406,356
1678,406,356
1679,260,230
1680,406,356
1680,406,356
1683,118,105
1688,292,260
1804,464,447
1804,336,304
1805,177,174
1805,578,551
1793,273,250
1793,209,216
1817,530,473
1819,530,473
1816,390,353
1818,390,353
1816,530,473
1823,390,353
1809,530,473
1817,530,473
1817,530,473
1802,390,353
1816,530,473
1817,530,473
1812,530,473
1810,475,436
1811,475,436
1827,307,277
1824,390,353
1820,232,207
1823,390,353
1817,530,473
1822,299,271
1826,578,533
1823,390,353
1822,183,160
1818,390,353
1816,530,473
1818,530,473
1811,390,353
1821,390,353
1810,390,353
1825,530,473
1680,406,356
1680,244,209
1684,492,412
1684,244,209
1684,292,260
1684,260,230
1685,260,230
1686,292,260
1685,118,105
1685,118,105
1686,118,105
1687,118,105
1687,118,105
1687,260,230
1687,260,230
1687,260,230
1688,260,230
1688,260,230
1689,260,230
1689,260,230
1689,260,230
1689,260,230
1690,260,230
1691,260,230
1690,260,230
1690,118,105
1690,492,412
1691,118,105
1691,118,105
1691,260,230
1691,492,412
1691,492,412
1692,260,230
1692,118,105
1693,118,105
1693,118,105
1693,260,230
1693,260,230
1693,260,230
1693,118,105
1694,118,105
1694,118,105
1694,260,230
1694,118,105
1695,406,356
1695,260,230
1695,260,230
1695,260,230
1695,244,209
1695,260,230
1695,118,105
1695,118,105
1695,260,230
1695,260,230
1695,260,230
1695,406,356
1695,118,105
1695,292,260
1695,260,230
1696,118,105
1696,118,105
1696,260,230
1696,118,105
1696,260,230
1696,260,230
1696,118,105
1696,118,105
1696,260,230
1696,260,230
1696,118,105
1696,260,230
1696,260,230
1696,492,412
1696,118,105
1696,118,105
1696,260,230
1696,260,230
1696,260,230
1697,260,230
1697,118,105
1697,260,230
1697,406,356
1698,126,112
1697,260,230
1698,260,230
1697,260,230
1697,260,230
1697,118,105
1697,260,230
1697,260,230
1697,118,105
1697,118,105
1697,118,105
1697,260,230
1697,260,230
1697,260,230
1697,118,105
1698,406,356
1698,406,356
1698,406,356
1698,406,356
1698,118,105
1698,260,230
1698,118,105
1698,260,230
1698,260,230
1698,260,230
1698,492,412
1698,260,230
1699,260,230
1698,118,105
1698,260,230
1698,118,105
1698,118,105
1698,118,105
1698,118,105
1698,260,230
1698,118,105
1698,118,105
1698,260,230
1698,406,356
1699,260,230
1699,118,105
1699,260,230
1699,118,105
1699,260,230
1699,260,230
1699,118,105
1699,260,230
1699,260,230
1699,118,105
1699,260,230
1699,260,230
1699,118,105
1699,260,230
1699,260,230
1699,118,105
1699,260,230
1699,260,230
1699,118,105
1699,118,105
1700,118,105
1700,260,230
1700,260,230
1700,260,230
1700,260,230
1700,260,230
1700,118,105
1700,260,230
1700,260,230
1700,260,230
1700,357,319
1700,118,105
1700,118,105
1700,260,230
1700,260,230
1700,260,230
1700,260,230
1700,118,105
1700,118,105
1700,260,230
1700,260,230
1700,260,230
1700,260,230
1700,260,230
1700,118,105
1701,260,230
1701,260,230
1701,260,230
1701,260,230
1701,260,230
1701,118,105
1701,118,105
1701,118,105
1701,260,230
1701,260,230
1701,118,105
1701,260,230
1701,260,230
1701,260,230
1701,118,105
1701,118,105
1701,357,319
1701,260,230
1701,260,230
1701,260,230
1701,260,230
1702,260,230
1702,118,105
1702,260,230
1702,292,260
1702,260,230
1702,260,230
1702,260,230
1702,118,105
1702,118,105
1702,129,129
1702,260,230
1702,260,230
1702,492,412
1702,260,230
1702,260,230
1702,292,260
1702,260,230
1702,260,230
1702,260,230
1702,260,230
1702,260,230
1702,357,319
1703,244,209
1703,260,230
1703,260,230
1703,260,230
1703,260,230
1703,260,230
1703,260,230
1703,118,105
1703,492,412
1703,118,105
1703,260,230
1703,118,105
1703,260,230
1703,260,230
1703,118,105
1703,301,272
1703,260,230
1703,260,230
1703,406,356
1703,118,105
1703,260,230
1704,260,230
1704,118,105
1704,406,356
1704,292,260
1704,260,230
1704,118,105
1704,260,230
1704,260,230
1704,260,230
1704,260,230
1704,260,230
1704,260,230
1704,4,3
1704,260,230
1704,260,230
1704,301,272
1704,260,230
1704,260,230
1705,260,230
1705,260,230
1705,260,230
1705,118,105
1705,260,230
1706,118,105
1705,260,230
1705,492,412
1705,260,230
1705,260,230
1705,260,230
1705,260,230
1705,260,230
1706,260,230
1706,260,230
1705,244,209
1706,118,105
1705,118,105
1705,118,105
1706,118,105
1705,260,230
1705,357,319
1706,260,230
1706,260,230
1706,357,319
1706,301,272
1706,260,230
1706,118,105
1706,118,105
1706,118,105
1706,260,230
1707,118,105
1706,118,105
1707,118,105
1706,357,319
1707,118,105
1707,260,230
1707,260,230
1707,260,230
1707,260,230
1707,118,105
1707,260,230
1707,260,230
1707,118,105
1707,492,412
1707,129,129
1707,260,230
1707,260,230
1707,118,105
1708,260,230
1707,260,230
1707,118,105
1707,301,272
1707,260,230
1707,260,230
1707,118,105
1707,260,230
1707,260,230
1707,118,105
1707,260,230
1707,118,105
1707,118,105
1707,260,230
1707,118,105
1707,118,105
1708,118,105
1708,260,230
1708,118,105
1708,118,105
1708,260,230
1708,119,100
1708,119,100
1708,260,230
1708,118,105
1708,129,129
1708,260,230
1708,260,230
1708,357,319
1708,118,105
1708,260,230
1708,118,105
1708,260,230
1709,92,77
1708,260,230
1709,,
1709,260,230
1709,118,105
1709,260,230
1709,119,100
1709,119,100
1709,260,230
1709,260,230
1709,260,230
1709,260,230
1709,118,105
1709,292,260
1709,118,105
1709,118,105
1709,129,129
1709,118,105
1709,260,230
1709,129,129
1709,260,230
1709,118,105
1709,260,230
1709,292,260
1709,260,230
1709,260,230
1709,260,230
1710,260,230
1710,118,105
1710,260,230
1710,118,105
1710,260,230
1710,260,230
1710,260,230
1710,118,105
1710,260,230
1710,118,105
1710,260,230
1710,260,230
1710,260,230
1710,118,105
1710,260,230
1711,,
1710,260,230
1711,492,412
1710,260,230
1710,260,230
1710,118,105
1710,260,230
1711,260,230
1711,118,105
1711,260,230
1711,118,105
1711,260,230
1711,260,230
1711,260,230
1711,260,230
1711,260,230
1711,260,230
1711,492,412
1711,260,230
1711,119,100
1712,260,230
1711,118,105
1711,260,230
1711,118,105
1711,260,230
1711,118,105
1712,492,412
1711,260,230
1711,260,230
1711,260,230
1712,118,105
1712,260,230
1712,260,230
1712,260,230
1712,260,230
1712,260,230
1712,260,230
1712,301,272
1712,118,105
1712,118,105
1712,118,105
1712,292,260
1712,118,105
1712,118,105
1712,118,105
1712,260,230
1712,260,230
1712,260,230
1712,260,230
1712,260,230
1712,260,230
1712,260,230
1712,118,105
1713,260,230
1712,260,230
1713,118,105
1713,260,230
1712,260,230
1712,260,230
1712,118,105
1713,118,105
1713,118,105
1713,260,230
1713,118,105
1713,118,105
1713,492,412
1713,260,230
1713,260,230
1713,118,105
1713,118,105
1713,260,230
1713,260,230
1713,406,356
1713,260,230
1713,260,230
1713,260,230
1713,492,412
1713,260,230
1714,118,105
1713,260,230
1713,118,105
1713,212,194
1714,43,43
1713,118,105
1713,118,105
1713,260,230
1713,118,105
1713,212,194
1714,119,100
1714,37,33
1714,118,105
1714,118,105
1714,260,230
1714,118,105
1715,5,5
1714,260,230
1714,260,230
1714,44,40
1714,260,230
1714,260,230
1714,260,230
1715,,
1714,118,105
1714,118,105
1714,465,403
1714,301,272
1714,260,230
1715,119,100
1714,260,230
1715,357,319
1715,,
1714,118,105
1715,,
1714,118,105
1715,118,105
1715,,
1726,118,105
1726,465,403
1726,212,194
1727,465,403
1727,492,412
1725,492,412
1726,212,194
1726,406,356
1726,118,105
1726,212,194
1727,492,412
1727,118,105
1727,301,272
1727,465,403
1728,118,105
1728,450,377
1727,118,105
1727,465,403
1728,465,403
1728,118,105
1727,102,92
1727,102,92
1728,492,412
1727,406,356
1729,212,194
1728,465,403
1728,465,403
1728,118,105
1729,212,194
1729,492,412
1729,465,403
1729,102,92
1728,212,194
1729,118,105
1728,212,194
1729,465,403
1731,226,196
1729,212,194
1730,450,403
1729,212,194
1729,118,105
1731,111,98
1731,547,458
1730,465,403
1731,247,219
1730,465,403
1730,440,394
1730,547,492
1731,237,210
1730,314,272
1731,282,252
1731,75,65
1731,485,406
1731,236,211
1730,431,386
1731,492,412
1731,253,226
1731,406,363
1731,303,277
1732,351,314
1731,144,129
1732,649,555
1731,378,338
1731,453,405
1730,459,398
1730,102,92
1731,385,334
1730,465,403
1731,439,393
1731,331,283
1731,705,590
1731,118,105
1732,378,323
1732,451,404
1731,406,356
1731,331,283
1732,280,248
1732,429,384
1733,494,442
1732,25,23
1731,386,335
1733,347,311
1733,493,441
1733,549,476
1733,416,361
1734,439,375
1734,455,407
1733,579,518
1735,6,5
1734,962,834
1733,107,96
1734,535,479
1734,476,426
1734,47,43
1734,172,152
1733,118,105
1734,269,241
1735,276,250
1735,332,294
1734,373,334
1734,529,459
1734,79,71
1733,301,272
1735,477,399
1733,129,129
1735,345,312
1734,118,105
1735,511,437
1739,260,230
1740,465,403
1741,349,303
1740,465,403
1740,301,272
1742,334,290
1742,208,188
1741,297,269
1742,257,233
1740,465,403
1740,406,356
1740,465,403
1742,265,240
1742,279,242
1742,376,326
1742,379,339
1742,325,282
1741,465,403
1742,163,146
1742,171,155
1742,278,254
1742,565,473
1742,465,403
1742,465,403
1742,492,412
1742,465,403
1742,465,403
1743,263,235
1742,301,272
1743,301,272
1742,301,272
1742,118,105
1744,490,410
1742,465,403
1744,567,492
1743,452,392
1744,351,321
1744,636,551
1744,439,381
1744,547,474
1744,503,436
1744,504,437
1744,511,443
1744,430,373
1744,379,343
1744,683,572
1744,609,528
1744,288,250
1744,465,403
1745,532,461
1743,465,403
1743,211,188
1745,380,344
1745,565,490
1746,512,444
1746,364,329
1746,557,483
1745,484,420
1744,102,92
1746,391,339
1746,449,389
1746,507,440
1746,563,488
1746,312,279
1745,212,194
1747,325,294
1746,570,494
1747,549,476
1747,504,437
1746,212,194
1746,12,11
1747,351,321
1747,712,617
1747,465,403
1748,625,542
1747,443,401
1747,657,570
1748,615,533
1748,512,444
1748,827,717
1748,301,272
1747,211,188
1748,390,349
1748,481,417
1748,233,213
1748,166,152
1749,213,195
1748,210,188
1749,476,413
1749,467,405
1749,564,489
1748,540,468
1749,133,118
1749,354,320
1749,573,497
1749,634,550
1749,563,488
1748,212,194
1750,660,572
1750,463,401
1750,649,543
1750,714,619
1751,425,382
1749,212,194
1750,370,335
1749,465,403
1751,164,153
1751,115,102
1750,465,403
1751,526,473
1751,417,375
1750,102,92
1751,267,250
1751,426,383
1751,304,272
1751,172,154
1752,506,473
1750,465,403
1752,928,834
1752,533,479
1751,403,377
1753,439,410
1752,297,277
1753,627,564
1752,316,284
1753,554,498
1753,453,407
1753,524,471
1753,352,288
1752,316,284
1753,118,105
1753,492,412
1755,497,447
1755,581,522
1755,581,486
1755,540,528
1756,442,441
1755,288,287
1754,316,284
1755,352,288
1755,222,196
1755,316,284
1756,492,412
1756,299,269
1757,429,401
1756,316,284
1757,429,403
1756,232,209
1757,211,188
1757,330,309
1757,297,277
1757,316,284
1756,253,224
1757,297,277
1757,316,284
1756,211,188
1757,253,224
1757,492,412
1757,253,224
1758,253,224
1758,297,277
1758,253,224
1758,297,277
1758,297,277
1758,297,277
1758,253,224
1757,253,224
1757,297,277
1758,253,224
1758,253,224
1757,297,277
1758,297,277
1758,297,277
1759,380,376
1758,297,277
1759,216,191
1758,211,188
1758,253,224
1758,253,224
1760,225,199
1760,142,126
1758,253,224
1759,421,373
1759,286,253
1760,364,363
1759,159,141
1759,219,194
1758,253,224
1758,253,224
1760,281,249
1759,267,236
1760,349,309
1760,350,327
1759,297,277
1760,335,326
1759,253,224
1759,212,194
1761,458,420
1761,508,445
1760,366,342
1761,512,491
1760,268,268
1760,107,100
1759,297,277
1760,297,277
1761,448,401
1761,305,270
1760,253,224
1762,380,355
1760,253,224
1760,253,224
1761,420,393
1762,401,375
1762,300,266
1760,253,224
1761,335,307
1760,297,277
1761,297,277
1762,328,293
1761,219,194
1762,166,147
1761,297,277
1762,263,233
1762,282,264
1761,297,277
1761,253,224
1762,367,343
1762,300,266
1761,297,277
1762,253,224
1762,340,318
1763,409,382
1763,333,295
1763,258,228
1763,195,173
1763,169,150
1762,297,277
1763,308,275
1763,339,317
1763,407,381
1762,297,277
1764,218,193
1763,240,224
1764,344,322
1765,396,370
1764,341,305
1764,424,388
1763,253,224
1764,376,352
1763,253,224
1763,297,277
1764,289,270
1765,453,424
1764,502,469
1765,472,441
1765,352,329
1765,498,466
1765,375,351
1765,360,337
1766,350,327
1764,297,277
1765,253,252
1765,200,199
1766,306,305
1765,253,224
1765,294,302
1765,227,201
1766,242,226
1765,201,178
1766,286,276
1765,253,224
1766,311,291
1766,157,139
1766,110,97
1766,288,269
1766,406,380
1767,202,179
1766,289,258
1765,297,277
1766,253,224
1766,261,231
1767,362,338
1766,297,277
1767,253,224
1766,297,277
1767,297,277
1767,492,460
1767,342,320
1767,285,266
1766,297,277
1767,297,277
1768,335,313
1766,253,224
1768,348,325
1768,287,268
1766,297,277
1768,381,373
1769,363,345
1768,349,328
1768,231,216
1768,442,413
1767,329,308
1769,410,383
1769,297,277
1769,299,280
1768,297,277
1769,297,277
1769,297,277
1768,297,277
1769,383,358
1769,222,208
1769,253,224
1769,297,277
1769,297,277
1769,297,277
1770,418,391
1769,281,263
1769,297,277
1769,297,277
1769,297,277
1770,297,277
1770,297,277
1771,399,373
1770,297,277
1771,297,277
1770,253,224
1770,253,224
1770,297,277
1771,484,453
1770,253,224
1771,253,224
1771,211,188
1772,222,208
1771,287,268
1772,297,277
1772,162,143
1772,317,296
1773,229,214
1772,389,364
1772,292,273
1772,3,3
1772,303,283
1772,358,335
1772,234,219
1773,267,261
1773,334,312
1774,340,318
1771,297,277
1773,297,277
1772,297,277
1773,256,239
1773,241,225
1774,379,354
1774,327,306
1773,274,256
1774,255,238
1774,347,324
1775,416,389
1774,366,342
1774,4,4
1772,297,277
1774,381,356
1774,404,378
1774,451,422
1774,199,176
1775,298,279
1775,303,283
1775,302,282
1775,307,287
1775,360,337
1776,436,399
1775,358,335
1775,425,397
1775,91,85
1776,230,218
1775,297,277
1776,384,352
1776,374,343
1776,341,312
1776,19,17
1775,211,188
1777,117,111
1776,353,324
1776,258,230
1777,99,91
1776,258,230
1778,202,185
1778,355,325
1778,250,229
1777,353,324
1780,455,417
1778,243,223
1778,177,167
1777,353,324
1779,341,312
1778,271,251
1779,296,280
1779,260,238
1778,258,230
1779,212,201
1780,45,43
1778,258,230
1780,555,538
1778,353,324
1778,271,251
1778,353,324
1778,258,230
1778,353,324
1778,258,230
1780,287,263
1780,334,306
1780,193,187
1779,353,324
1780,575,527
1780,366,335
1780,428,392
1781,172,21
1780,,
1780,318,311
1780,258,230
1781,316,287
1780,353,324
1780,353,324
1781,377,357
1781,370,357
1781,171,156
1780,258,230
1781,310,296
1780,353,324
1780,258,230
1781,533,531
1780,353,324
1781,218,200
1782,620,568
1781,341,338
1781,353,324
1781,87,82
1781,353,324
1781,211,188
1781,335,329
1781,353,324
1781,220,216
1781,353,324
1781,385,374
1782,258,230
1781,353,324
1781,258,230
1781,353,324
1781,353,324
1784,353,324
1782,353,324
1781,356,337
1782,353,324
1782,353,324
1782,353,324
1782,353,324
1782,353,324
1782,353,324
1782,353,324
1782,353,324
1782,353,324
1782,271,251
1782,271,251
1783,353,324
1782,271,251
1783,300,
1782,258,230
1783,353,324
1783,353,324
1783,353,324
1784,353,324
1783,258,230
1784,353,324
1783,353,324
1784,353,324
1784,353,324
1784,353,324
1784,353,324
1784,353,324
1785,258,230
1784,353,324
1785,353,324
1784,353,324
1785,353,324
1785,258,230
1784,258,230
1785,353,324
1785,353,324
1785,271,251
1785,353,324
1785,353,324
1785,258,230
1786,353,324
1786,353,324
1785,258,230
1786,353,324
1786,258,230
1786,353,324
1786,258,230
1786,258,230
1786,353,324
1786,353,324
1786,353,324
1786,353,324
1786,353,324
1787,353,324
1786,258,230
1786,353,324
1814,390,353
1814,390,353
1812,390,353
1814,183,160
1664,301,272
1783,271,251
1793,440,402
1820,239,217
1783,136,129
1730,367,313
1730,406,356
1795,233,216
1783,331,305
1783,331,305
1719,367,313
1782,363,336
1781,331,305
1781,331,305
1780,353,324
1788,353,324
1788,258,230
1692,260,230
1691,292,260
1691,118,105
1691,260,230
1787,353,324
1787,171,157
1787,42,40
1778,331,305
1777,308,282
1776,113,105
1773,361,338
1772,329,308
1772,211,188
1820,251,230
1820,284,258
1820,381,349
1820,216,188
1820,76,70
1839,514,421
1753,119,82
1830,514,421
1832,514,421
1789,386,267
1808,514,421
1817,273,250
1822,390,353
1830,514,421
1817,475,436
1802,,
1840,490,444
1820,273,250
1840,490,444
1830,514,421
1830,514,421
1819,140,117
1819,365,334
1819,680,600
1820,450,412
1753,119,82
1650,330,264
1649,500,200
1649,325,259
1526,300,223
1534,359,287
1535,359,287
1532,359,287
1532,359,287
1534,359,287
1720,492,412
1596,183,130
1712,244,209
1712,244,209
1712,244,209
1712,244,209
1712,244,209
1845,411,369
1713,386,351
1713,386,351
1820,474,394
1820,231,203
1820,275,248
1820,193,169
1820,237,195
1853,300,275
1853,401,367
1863,1147,1031
1863,723,650
1861,691,621
1861,612,550
1858,561,465
1858,553,497
1854,91,77
1854,756,703
1854,655,589
1854,500,401
1853,561,465
1853,666,560
1853,445,400
1853,334,300
1853,141,134
1853,330,297
1853,667,600
1853,626,563
1853,640,630
1852,735,700
1852,536,482
1852,701,630
1851,536,482
1851,345,329
1851,536,482
1851,773,650
1851,856,720
1851,868,730
1844,411,369
1844,,
1844,284,270
1842,205,181
1841,459,413
1839,284,270
1838,475,436
1838,129,114
1836,282,250
1836,411,369
1835,690,563
1835,690,563
1832,284,270
1832,719,651
1831,284,270
1830,411,369
1723,244,209
1721,406,356
1717,406,356
1857,594,534
1857,32,29
1857,89,85
1849,979,800
1842,170,150
1864,601,477
1864,488,465
1851,447,400
1851,120,106
1854,723,650
1860,,
1814,220,210
1858,561,465
1858,350,318
1853,540,447
1840,501,450
1819,288,259
1823,284,251
1840,411,369
1843,411,369
1843,411,369
1842,411,369
1841,411,369
1812,310,279
1841,501,450
1841,485,436
1842,411,369
1836,1265,1004
1839,284,270
1839,411,369
1838,1265,1004
1717,406,356
1718,406,356
1712,406,356
1712,386,351
1712,406,356
1712,406,356
1773,259,242
1712,118,105
1722,465,403
1721,340,290
1721,244,209
1718,244,209
1752,253,224
1751,329,308
1750,465,403
1750,301,272
1748,406,356
1787,353,324
1806,390,353
1778,353,324
1742,492,412
1733,406,356
1732,196,174
1731,118,105
1728,500,434
1723,160,137
1722,212,194
1724,371,328
1724,120,110
1724,153,135
1724,388,357
1724,182,167
1724,272,243
1724,529,452
1724,461,394
1725,388,357
1724,247,226
1702,118,105
1806,390,353
1817,390,353
1820,333,305
1818,183,160
1818,183,160
1818,390,353
1715,260,230
1787,331,305
1762,159,141
1761,316,284
1785,208,190
1715,173,148
1714,386,351
1714,386,351
1713,386,351
1712,80,70
1820,239,217
1818,183,160
1819,183,160
1770,297,277
1770,297,277
1770,297,277
1808,390,353
1808,389,353
1813,390,353
1820,273,250
1813,390,353
1811,530,473
1821,273,250
1819,206,197
1815,119,100
1820,390,353
1816,162,153
1807,148,136
1807,390,320
1807,369,360
1784,258,230
1840,515,421
1839,490,444
1735,,
1848,,
1847,,
1847,,
1845,,
1842,,
1842,,
1842,,
1841,,
1815,390,353
1840,,
1841,,
1817,273,250
1817,119,100
1816,299,277
1817,239,217
1819,390,353
1820,390,353
1820,239,217
1821,273,250
1821,239,217
1822,273,250
1822,390,353
1823,143,130
1820,183,160
1812,390,353
1822,273,250
1821,390,353
1817,211,196
1696,,
1816,390,353
1817,530,473
1816,183,160
1815,183,160
1815,292,254
1819,283,253
1822,424,388
1792,56,50
1791,255,240
1793,211,211
1792,93,89
1790,260,248
1807,280,250
1808,338,331
1815,390,353
1825,183,160
1825,273,250
1825,239,217
1825,183,160
1826,307,277
1824,530,473
1825,273,250
1826,307,277
1825,376,335
1826,490,444
1826,257,242
1818,183,160
1812,390,353
1813,390,353
1818,273,250
1813,390,353
1814,183,160
1814,481,429
1821,530,473
1821,273,250
1818,390,353
1819,390,353
1819,273,250
1820,183,160
1820,273,250
1820,183,160
1820,390,353
1819,239,217
1819,640,576
1818,183,160
1819,183,160
1819,273,250
1819,183,160
1821,273,250
1821,530,473
1821,183,160
1820,273,250
1820,273,250
1818,183,160
1818,183,160
1819,183,160
1820,183,160
1823,530,473
1818,273,250
1819,183,160
1819,183,160
1819,239,217
1820,390,353
1819,273,250
1820,183,160
1819,239,217
1820,183,160
1819,239,217
1819,530,473
1820,390,353
1819,390,353
1820,390,353
1819,355,322
1818,183,160
1819,183,160
1820,183,160
1824,211,188
1824,163,154
1824,376,335
1824,273,250
1827,274,253
1828,578,565
1827,153,138
1826,357,321
1827,314,295
1822,183,160
1821,273,250
1821,183,160
1821,239,217
1821,183,160
1821,390,353
1796,258,230
1719,492,394
1812,273,250
1816,390,353
1817,239,217
1817,273,250
1819,446,370
1817,273,250
1818,390,353
1819,253,252
1812,240,229
1819,390,353
1829,535,440
1828,535,440
1829,535,440
1831,215,177
1859,544,445
1840,690,563
1827,535,440
1815,167,146
1816,,
1816,,
1816,,
1816,156,141
1817,399,350
1817,,
1817,390,353
1819,390,353
1811,252,205
1812,,
1810,,
1812,162,162
1810,,
1810,,
1810,,
1826,376,335
1826,307,277
1826,257,242
1826,490,444
1826,257,242
1826,308,277
1827,376,335
1827,376,335
1827,490,444
1827,308,277
1827,308,277
1827,376,335
1827,307,277
1827,118,105
1827,376,335
1827,307,277
1827,118,105
1827,307,277
1827,307,277
1827,257,242
1827,307,277
1827,307,277
1827,307,277
1827,307,277
1827,307,277
1827,490,444
1827,307,277
1827,307,277
1828,490,444
1828,490,444
1828,307,277
1828,307,277
1828,376,335
1828,578,533
1828,307,277
1828,449,421
1828,308,277
1828,307,277
1828,307,277
1828,307,277
1828,490,444
1827,449,421
1828,119,100
1826,308,277
1827,257,242
1827,307,277
1828,376,335
1828,307,277
1827,307,277
1827,578,533
1827,307,277
1828,307,277
1827,307,277
1826,307,277
1827,307,277
1826,578,533
1826,307,277
1822,287,250
1827,449,421
1827,617,542
1826,538,487
1825,183,160
1825,183,160
1825,273,250
1826,307,277
1826,43,39
1826,307,277
1826,111,100
1826,119,100
1826,490,444
1826,413,374
1825,168,146
1825,137,119
1826,578,533
1825,390,353
1826,107,97
1826,556,504
1827,122,102
1826,424,398
1822,368,337
1823,239,217
1814,239,217
1822,104,94
1827,449,421
1828,449,421
1829,490,444
1827,376,335
1815,390,353
1815,390,353
1819,273,250
1821,390,353
1821,530,473
1821,239,217
1821,390,353
1822,390,353
1822,239,217
1822,152,138
1822,185,168
1823,218,200
1822,352,322
1823,111,101
1822,195,170
1822,390,353
1822,300,261
1822,35,29
1823,244,221
1819,183,160
1814,390,353
1814,530,473
1814,390,353
1814,390,353
1814,183,160
1814,390,353
1814,390,353
1814,390,353
1814,390,353
1814,390,353
1814,390,353
1814,390,353
1814,390,353
1816,390,353
1815,239,217
1815,390,353
1816,183,160
1816,390,353
1816,390,353
1818,390,353
1820,273,250
1819,183,160
1821,273,250
1819,390,353
1820,183,160
1821,390,353
1819,273,250
1822,390,353
1820,661,590
1820,670,490
1820,390,353
1818,239,217
1820,390,353
1820,321,294
1820,385,349
1820,124,117
1820,287,260
1818,390,353
1819,390,353
1820,232,202
1818,183,160
1818,390,353
1816,530,473
1818,310,279
1818,273,250
1819,300,230
1818,273,250
1817,390,353
1817,239,217
1817,390,353
1818,390,353
1817,239,217
1818,390,353
1818,390,353
1817,390,353
1818,530,473
1818,390,353
1817,475,436
1817,390,353
1817,183,160
1818,183,160
1818,390,353
1818,390,353
1817,239,217
1813,390,353
1813,390,353
1814,390,353
1814,239,217
1814,390,353
1814,390,353
1814,390,353
1814,390,353
1814,475,436
1813,390,353
1814,390,353
1814,183,160
1813,240,218
1814,183,160
1814,227,206
1814,390,353
1814,390,353
1814,390,353
1813,390,353
1814,390,353
1813,239,217
1817,475,436
1813,390,353
1809,521,512
1799,433,431
1811,390,353
1812,390,353
1811,390,353
1812,390,353
1813,390,353
1812,183,160
1813,390,353
1812,239,217
1811,390,353
1811,239,217
1766,297,277
1777,353,324
1811,530,473
1805,390,353
1812,390,353
1815,390,353
1816,273,250
1815,390,353
1815,239,217
1813,183,160
1814,239,217
1812,390,353
1813,183,160
1812,530,473
1811,390,353
1810,530,473
1812,390,353
1813,390,353
1813,390,353
1787,421,386
1809,183,160
1817,390,353
1816,390,353
1797,402,371
1816,390,353
1812,390,353
1790,201,184
1816,239,217
1810,239,217
1809,390,353
1816,390,353
1813,390,353
1814,390,353
1817,239,217
1813,390,353
1811,390,353
1813,390,353
1810,390,353
1815,390,353
1815,183,160
1813,239,217
1783,53,50
1783,246,227
1783,75,71
1783,41,39
1782,307,281
1816,390,353
1729,212,194
1728,212,194
1728,331,283
1728,119,100
1727,260,230
1726,129,129
1725,212,194
1787,359,328
1792,197,188
1787,393,352
1790,80,73
1784,300,100
1797,246,228
1797,229,212
1789,60,55
1790,61,56
1795,126,126
1789,135,124
1782,267,167
1816,390,353
1795,112,104
1797,235,218
1788,63,58
1788,79,72
1788,264,236
1788,503,465
1816,390,353
1795,239,200
1789,182,168
1790,287,265
1791,149,138
1792,315,311
1786,302,278
1786,136,125
1776,211,200
1788,406,384
1788,415,393
1788,331,305
1789,617,565
1789,535,490
1790,441,425
1790,484,484
1791,52,48
1789,600,556
1791,590,557
1792,320,285
1840,572,517
1836,490,444
1836,490,444
1837,490,444
1840,257,242
1837,118,105
1829,241,238
1794,400,358
1845,257,242
1836,257,242
1828,424,403
1812,162,153
1814,131,124
1814,162,153
1814,390,353
1814,390,353
1812,390,353
1815,530,473
1817,390,353
1813,390,353
1813,390,353
1813,530,473
1813,475,436
1797,353,324
1797,363,336
1814,530,473
1823,390,353
1844,,
1841,,
1846,190,179
1811,390,353
1811,141,128
1811,390,353
1811,390,353
1811,390,353
1817,239,217
1817,390,353
1809,390,353
1817,390,353
1823,530,473
1770,212,194
1770,175,157
1785,2,2
1775,4,4
1775,1,1
1825,390,353
1822,492,412
1818,273,250
1815,390,353
1808,390,353
1806,529,472
1811,307,265
1811,307,265
1801,273,250
1802,475,436
1810,321,298
1810,222,221
1810,433,392
1810,512,500
1845,490,444
1847,118,105
1846,572,517
1840,118,105
1839,490,444
1838,490,444
1698,260,230
1698,388,357
1613,359,287
1821,183,160
1821,13,11
1818,183,160
1828,449,421
1641,116,98
1698,260,230
1700,244,209
1816,239,217
1802,475,436
1700,244,209
1791,109,124
1816,465,421
1789,25,2
1820,239,217
1822,156,141
1801,390,353
1793,164,163
1794,202,199
1792,130,119
1792,347,312
1791,258,230
1756,316,284
1734,260,230
1723,367,313
1722,388,357
1722,388,357
1697,179,158
1697,118,105
1697,260,230
1694,260,230
1694,406,356
1694,260,230
1694,118,105
1694,118,105
1694,179,158
1691,260,230
1686,118,105
1681,292,260
1680,260,230
1692,406,356
1737,393,356
1697,179,158
1755,518,466
1715,388,357
1724,406,356
1753,329,308
1727,367,313
1720,367,313
1726,,
1692,406,356
1755,297,277
1755,182,161
1720,386,267
1738,350,322
1693,260,230
1726,301,272
1820,390,353
1817,183,160
1817,207,180
1818,390,353
1817,390,353
1722,96,86
1752,290,267
1792,160,158
1793,205,194
1794,142,141
1723,292,260
1738,469,407
1685,406,356
1692,406,356
1733,465,403
1754,698,628
1741,465,403
1823,183,160
1724,292,260
1755,573,515
1753,211,188
1741,212,194
1737,266,231
1736,498,446
1733,196,179
1720,367,313
1720,367,313
1790,363,336
1790,271,257
1790,353,324
1790,203,185
1789,124,115
1721,112,108
1715,116,112
1715,60,51
1701,118,105
1701,617,528
1701,244,209
1701,244,209
1701,118,105
1701,118,105
1794,242,235
1794,134,120
1781,331,306
1780,353,324
1688,244,209
1689,260,230
1690,406,356
1690,406,356
1806,204,195
1806,478,423
1808,233,231
1806,366,345
1807,618,560
1806,337,288
1807,616,409
1807,464,402
1807,44,40
1807,90,70
1809,95,63
1810,572,545
1810,151,126
1810,209,202
1810,226,210
1770,297,277
1783,450,412
1724,33,29
1778,370,339
1779,412,382
1818,530,473
1828,561,526
1699,182,163
1732,300,
1806,215,214
1808,239,217
1809,530,473
1754,329,308
1797,310,262
1799,210,195
1691,260,230
1690,260,230
1701,118,105
1699,148,125
1699,118,105
1700,234,207
1698,260,230
1699,244,209
1700,244,209
1698,244,209
1699,118,105
1699,357,319
1700,244,209
1700,118,105
1702,118,105
1706,118,105
1706,260,230
1701,244,209
1701,129,129
1707,260,230
1720,465,403
1720,244,209
1722,244,209
1723,244,209
1726,406,356
1726,212,194
1726,465,403
1728,492,412
1729,260,230
1729,118,105
1731,18,16
1730,118,105
1731,118,105
1732,118,105
1733,268,229
1738,386,351
1738,406,356
1740,406,356
1740,465,403
1747,406,356
1747,406,356
1748,406,356
1748,301,272
1748,260,230
1749,406,356
1750,406,356
1750,406,356
1750,406,356
1750,406,356
1750,406,356
1750,406,356
1753,329,308
1751,329,308
1751,329,308
1752,352,288
1753,329,308
1753,329,308
1753,329,308
1753,367,313
1753,329,308
1753,352,288
1757,253,224
1756,184,166
1757,253,224
1756,316,284
1759,253,224
1763,434,406
1763,448,375
1764,215,190
1764,343,307
1765,289,270
1765,297,277
1765,202,179
1766,44,40
1767,279,247
1767,308,275
1769,287,268
1770,299,280
1770,252,236
1770,111,107
1771,350,327
1767,297,277
1766,297,277
1766,253,224
1766,230,215
1766,297,277
1610,244,209
1698,385,343
1698,609,476
1698,435,340
1699,534,417
1766,253,224
1767,253,224
1768,253,224
1767,253,224
1767,297,277
1768,297,277
1768,253,224
1768,297,277
1769,297,277
1769,297,277
1839,32,29
1840,250,60
1840,,
1840,48,43
1840,,
1840,,
1840,,
1840,,
1841,,
1841,,
1841,,
1841,,
1841,,
1841,,
1841,,
1841,,
1841,,
1841,400,400
1840,490,444
1842,505,488
1842,150,147
1841,617,542
1841,90,84
1841,95,84
1840,,
1841,381,352
1841,,
1843,539,536
1841,,
1841,,
1841,341,320
1841,,
1840,,
1840,,
1840,,
1841,550,503
1841,905,750
1841,522,473
1841,,
1841,307,277
1841,550,440
1840,307,277
1841,,
1841,441,356
1841,392,366
1841,305,296
1840,620,477
1839,716,695
1840,69,64
1840,,
1841,321,316
1841,,
1841,445,332
1841,341,280
1841,350,255
1840,,
1839,,
1839,,
1842,,
1842,,
1842,,
1842,,
1842,,
1842,,
1842,,
1842,,
1842,,
1842,127,124
1842,278,260
1842,,
1842,,
1842,531,461
1842,413,357
1842,279,274
1843,,
1843,390,349
1842,,
1843,145,138
1842,,
1843,,
1843,,
1843,,
1843,,
1843,,
1843,447,270
1843,,
1842,315,269
1843,,
1842,,
1842,,
1842,,
1842,,
1842,,
1843,,
1843,,
1843,,
1843,,
1843,,
1841,,
1841,,
1841,535,440
1841,1,1
1840,,
1840,,
1840,,
1841,,
1844,533,480
1830,431,355
1831,650,598
1834,490,444
1836,617,542
1836,490,444
1829,485,400
1837,200,50
1840,,
1835,554,507
1840,18,18
1840,56,56
1840,,
1840,,
1841,,
1840,,
1839,,
1841,,
1841,,
1839,,
1839,,
1839,,
1839,,
1840,,
1840,,
1841,,
1841,,
1841,,
1840,245,220
1826,466,459
1826,687,676
1826,417,416
1826,374,369
1826,417,416
1826,416,400
1826,431,431
1826,457,442
1826,500,495
1826,349,339
1826,563,552
1826,456,444
1826,315,314
1826,129,117
1826,562,546
1826,523,480
1826,200,196
1826,458,410
1826,530,526
1826,807,787
1826,339,300
1826,483,398
1826,431,363
1826,555,465
1826,475,425
1826,373,373
1826,495,494
1826,576,575
1826,547,512
1826,397,391
1826,552,545
1826,458,437
1826,621,581
1826,428,298
1826,639,538
1826,356,331
1826,333,330
1826,564,562
1826,513,510
1826,476,454
1826,450,425
1826,245,242
1826,319,311
1826,395,394
1826,369,367
1826,406,405
1826,500,420
1826,522,485
1826,347,343
1826,299,297
1826,397,360
1826,402,359
1826,224,220
1826,337,334
1826,550,504
1826,416,405
1826,591,583
1826,529,496
1826,487,475
1826,232,209
1826,515,515
1826,556,543
1826,520,520
1826,248,246
1826,212,164
1826,665,627
1826,340,335
1828,270,265
1828,367,343
1828,591,495
1828,420,402
1828,487,455
1828,136,132
1828,237,234
1828,397,359
1828,463,459
1828,292,289
1828,325,322
1828,260,250
1828,558,530
1828,284,274
1828,411,394
1828,350,308
1828,220,217
1828,441,432
1828,300,293
1828,561,526
1844,673,610
1844,700,580
1844,208,190
1844,131,120
1844,662,600
1844,101,90
1844,356,320
1844,371,332
1844,67,60
1844,329,301
1844,391,350
1844,425,380
1844,530,480
1844,442,400
1844,389,350
1844,685,620
1844,607,550
1844,442,400
1844,447,400
1844,600,420
1844,224,205
1844,800,750
1844,378,340
1844,538,480
1844,175,157
1844,543,450
1844,373,353
1844,537,480
1844,555,495
1844,629,570
1845,,
1844,,
1845,,
1845,,
1845,,
1845,,
1845,,
1845,,
1845,438,417
1845,,
1845,,
1845,,
1845,,
1845,,
1845,,
1845,,
1845,,
1845,,
1845,,
1845,,
1845,70,69
1845,421,420
1845,,
1845,312,309
1845,,
1845,,
1843,298,283
1843,,
1843,,
1843,,
1844,,
1845,308,277
1845,308,277
1845,490,444
1845,490,444
1845,308,277
1844,256,230
1844,133,120
1844,267,240
1844,422,380
1844,622,560
1844,,
1845,,
1845,705,557
1845,680,625
1845,,
1845,,
1845,,
1845,,
1845,590,562
1845,,
1845,,
1845,,
1845,,
1845,,
1845,,
1845,,
1845,,
1846,,
1846,,
1846,,
1845,,
1845,,
1845,,
1845,499,449
1845,331,300
1845,535,440
1845,535,440
1845,110,100
1845,267,240
1845,561,500
1845,448,400
1845,475,430
1845,247,222
1845,419,380
1845,425,380
1845,717,650
1845,219,200
1845,464,420
1845,717,650
1845,740,670
1845,403,363
1845,306,280
1845,559,500
1845,257,230
1845,175,160
1845,422,382
1845,464,420
1845,211,193
1845,632,573
1845,552,500
1845,429,383
1845,662,600
1845,442,400
1845,443,395
1845,220,201
1845,186,170
1845,333,300
1845,263,240
1845,458,410
1845,219,200
1845,199,182
1845,602,545
1845,313,280
1845,219,200
1845,497,450
1845,,
1845,,
1845,311,279
1845,,
1846,572,540
1845,,
1845,,
1845,,
1845,,
1846,549,527
1845,,
1845,,
1845,,
1845,,
1846,,
1845,,
1845,,
1846,,
1846,,
1846,,
1846,,
1846,,
1846,,
1846,,
1846,,
1846,,
1846,,
1846,,
1845,,
1846,545,504
1846,,
1846,,
1846,,
1846,,
1846,673,558
1846,719,651
1845,530,480
1846,903,818
1846,178,160
1846,1400,1350
1846,384,346
1846,539,510
1846,104,94
1846,567,514
1846,574,520
1846,267,240
1845,181,163
1846,203,183
1846,200,130
1847,,
1846,,
1846,,
1846,556,545
1847,,
1847,,
1847,517,492
1847,,
1847,,
1847,305,279
1847,,
1847,214,208
1847,,
1847,,
1847,,
1847,608,483
1847,57,51
1847,,
1847,460,447
1847,225,220
1847,189,186
1847,22,20
1847,,
1847,264,249
1847,,
1847,378,313
1846,,
1846,,
1846,,
1846,,
1846,,
1846,,
1846,,
1846,,
1846,546,539
1846,,
1846,,
1846,,
1846,,
1846,,
1846,,
1846,,
1847,,
1847,,
1847,,
1847,,
1847,,
1847,,
1847,,
1847,,
1847,,
1847,,
1847,,
1847,,
1847,,
1847,,
1847,,
1847,,
1847,,
1847,,
1847,,
1847,,
1847,,
1847,,
1847,,
1847,,
1847,,
1847,,
1847,,
1847,237,219
1847,,
1848,972,800
1848,365,300
1848,155,150
1847,747,720
1847,852,725
1847,1,1
1847,,
1848,,
1847,,
1848,,
1848,403,382
1848,270,219
1848,,
1848,501,488
1848,522,517
1848,,
1848,,
1848,538,508
1847,,
1847,,
1847,,
1847,,
1848,,
1847,,
1848,,
1847,,
1847,,
1848,,
1848,,
1848,,
1848,,
1848,,
1849,550,350
1848,,
1848,,
1848,,
1848,,
1847,,
1848,,
1848,,
1848,,
1848,,
1848,354,299
1848,,
1848,,
1848,,
1848,,
1848,495,476
1848,275,194
1848,,
1848,,
1848,250,188
1848,,
1848,,
1848,,
1848,,
1848,,
1848,,
1848,,
1848,,
1848,,
1848,,
1848,,
1848,,
1848,379,354
1848,527,462
1848,,
1848,,
1848,,
1848,,
1848,29,26
1848,,
1848,427,372
1848,,
1848,,
1848,,
1848,12,7
1848,,
1848,,
1848,,
1848,,
1848,,
1848,,
1848,303,299
1848,337,303
1848,546,491
1848,,
1848,,
1848,,
1848,,
1848,288,287
1848,,
1848,,
1848,703,666
1848,388,361
1848,717,650
1848,444,400
1848,683,600
1848,571,517
1848,476,400
1848,535,440
1848,497,450
1848,1247,990
1848,307,277
1848,303,271
1848,726,650
1848,243,230
1848,380,340
1848,719,651
1848,467,420
1848,361,302
1848,50,35
1848,478,430
1848,190,180
1848,511,456
1848,240,217
1848,313,280
1848,480,420
1848,556,500
1848,386,350
1848,667,604
1848,481,430
1848,230,207
1848,118,106
1848,490,444
1848,311,280
1848,628,569
1848,411,369
1848,530,480
1848,352,317
1848,375,350
1848,,
1848,,
1848,,
1849,,
1849,322,294
1849,,
1848,,
1849,,
1849,622,589
1849,,
1849,,
1848,,
1848,,
1848,,
1849,,
1849,785,724
1849,405,390
1849,559,538
1849,,
1849,,
1849,,
1849,180,166
1849,,
1849,,
1849,334,281
1849,,
1849,,
1849,597,558
1849,,
1849,,
1849,,
1849,,
1849,,
1849,,
1849,,
1849,,
1849,,
1849,,
1849,,
1849,,
1849,,
1849,,
1849,,
1849,,
1849,486,400
1850,430,390
1850,807,731
1850,603,500
1850,600,539
1843,546,448
1843,,
1843,,
1843,,
1844,311,267
1844,,
1844,,
1844,,
1844,336,336
1844,,
1844,,
1844,490,444
1844,350,130
1844,144,130
1844,589,530
1844,211,190
1844,118,106
1844,111,100
1844,559,500
1844,308,277
1844,467,420
1844,646,580
1844,630,610
1844,250,225
1844,447,400
1844,476,450
1844,,
1820,,
1844,,
1844,,
1845,92,92
1844,345,337
1844,,
1844,,
1844,,
1844,,
1844,,
1844,349,347
1844,,
1844,,
1844,,
1844,40,39
1844,403,374
1844,,
1844,,
1844,179,178
1844,,
1844,331,300
1844,972,800
1844,1147,1114
1844,389,350
1844,608,500
1844,316,260
1844,853,750
1844,329,311
1844,307,277
1844,447,400
1844,442,400
1844,78,70
1844,442,400
1844,307,277
1844,444,400
1844,662,600
1844,326,293
1844,222,200
1844,304,250
1844,334,300
1844,630,400
1844,335,300
1844,72,65
1844,118,105
1844,98,90
1844,284,260
1844,314,280
1844,306,280
1844,556,500
1844,333,300
1844,500,450
1844,400,360
1844,442,400
1844,650,574
1844,325,273
1844,247,222
1844,247,221
1844,,
1844,,
1844,,
1844,,
1845,7,5
1845,,
1845,,
1845,,
1845,,
1845,,
1845,,
1845,,
1846,,
1846,,
1846,,
1846,,
1847,,
1848,,
1849,86,72
1849,795,720
1849,464,420
1849,500,410
1849,895,800
1849,345,308
1849,278,250
1849,307,277
1849,167,150
1849,442,418
1849,640,580
1849,444,400
1849,380,180
1849,497,450
1849,423,400
1849,167,150
1849,333,300
1849,567,510
1849,307,277
1849,208,190
1849,437,413
1849,497,450
1849,211,190
1849,580,500
1848,1574,1250
1848,1159,1050
1848,656,590
1848,500,450
1848,400,360
1848,662,600
1848,1519,1250
1848,311,280
1848,475,430
1848,717,650
1848,389,350
1848,233,210
1848,500,450
1848,356,320
1848,422,380
1848,389,350
1848,1026,930
1848,556,500
1848,77,70
1848,662,600
1848,372,340
1848,993,900
1848,441,350
1848,1150,1110
1848,434,390
1848,278,250
1848,717,650
1848,773,700
1848,389,350
1848,254,240
1848,773,700
1848,400,360
1848,600,540
1848,489,423
1848,714,600
1848,719,651
1848,481,430
1848,673,558
1849,,
1850,,
1850,152,151
1850,245,115
1850,270,266
1850,341,330
1850,,
1850,256,242
1850,237,235
1850,,
1850,279,275
1850,,
1849,439,428
1849,,
1849,,
1849,,
1849,,
1849,,
1850,,
1850,,
1850,455,436
1849,,
1850,,
1850,,
1850,751,680
1850,,
1850,537,524
1850,,
1850,,
1850,862,831
1850,,
1850,,
1850,,
1850,,
1850,,
1850,,
1850,,
1850,,
1850,,
1850,,
1850,,
1850,,
1850,,
1850,,
1850,,
1850,,
1850,182,174
1850,,
1850,,
1850,,
1850,,
1850,,
1850,,
1850,,
1850,,
1850,,
1850,,
1850,,
1850,,
1850,,
1850,687,560
1850,883,800
1850,,
1850,,
1850,,
1850,,
1850,,
1850,,
1850,,
1850,,
1850,,
1850,623,597
1849,365,300
1849,883,800
1849,547,450
1849,444,400
1849,1130,930
1849,547,450
1849,790,650
1849,365,300
1849,328,310
1849,608,500
1849,533,480
1849,889,800
1849,1094,900
1849,972,800
1849,784,650
1849,972,800
1849,1033,850
1849,1094,900
1849,365,300
1849,667,600
1849,817,740
1849,608,500
1849,972,800
1849,817,740
1849,972,800
1849,607,550
1849,1034,851
1849,844,700
1849,965,800
1849,800,353
1849,667,600
1849,753,682
1849,707,600
1849,802,722
1849,620,510
1849,591,535
1849,533,480
1849,425,350
1849,608,500
1849,656,540
1849,425,350
1849,219,180
1849,498,450
1849,790,650
1849,1574,1250
1849,667,600
1849,1276,1050
1849,583,480
1849,464,420
1849,1070,900
1849,662,600
1849,680,560
1849,324,290
1849,386,350
1849,500,415
1849,972,800
1849,498,410
1849,729,600
1849,786,652
1849,117,105
1849,227,204
1849,663,601
1849,122,110
1849,727,650
1849,761,720
1849,883,800
1849,993,900
1849,537,480
1849,476,450
1849,1030,848
1849,518,490
1852,550,500
1853,,
1853,,
1853,,
1852,,
1851,,
1853,729,600
1853,480,400
1853,1350,1150
1853,831,684
1853,350,340
1853,334,300
1853,1487,1283
1853,778,640
1853,720,600
1853,428,360
1853,325,296
1853,729,600
1853,309,260
1853,189,180
1853,722,650
1853,365,300
1853,588,484
1853,667,600
1854,,
1854,,
1854,851,700
1854,778,640
1854,360,300
1854,729,600
1854,425,380
1854,790,650
1854,486,400
1854,365,300
1854,656,600
1733,388,357
1733,260,230
1733,388,357
1733,388,357
1733,388,357
1734,260,230
1734,388,357
1734,388,357
1734,388,357
1734,388,357
1734,388,357
1735,196,179
1734,388,357
1734,388,357
1734,388,357
1735,388,357
1735,388,357
1735,388,357
1735,388,357
1735,388,357
1735,388,357
1735,388,357
1735,388,357
1736,388,357
1736,388,357
1736,80,74
1736,388,357
1736,388,357
1736,388,357
1737,388,357
1737,388,357
1737,388,357
1738,388,357
1738,388,357
1740,388,357
1740,388,357
1740,388,357
1740,388,357
1741,388,357
1741,388,357
1742,388,357
1742,388,357
1742,388,357
1743,388,357
1744,388,357
1744,212,194
1745,388,357
1745,212,194
1745,212,194
1745,212,194
1746,212,194
1746,212,194
1746,212,194
1746,212,194
1746,212,194
1747,388,357
1747,388,357
1747,212,194
1747,388,357
1747,388,357
1748,388,357
1748,388,357
1748,388,357
1748,388,357
1748,388,357
1748,388,357
1749,388,357
1749,388,357
1749,388,357
1750,388,357
1750,212,194
1750,388,357
1751,388,357
1752,388,357
1752,253,224
1752,388,357
1752,388,357
1753,253,224
1753,388,357
1753,388,357
1753,388,357
1754,388,357
1754,388,357
1754,253,224
1754,388,357
1754,253,224
1755,388,357
1755,253,224
1755,253,224
1755,253,224
1755,388,357
1755,388,357
1756,316,284
1756,388,357
1756,388,357
1756,388,357
1756,388,357
1756,297,277
1756,253,224
1757,388,357
1757,297,277
1757,297,277
1757,253,224
1758,253,224
1758,388,357
1758,253,224
1758,253,224
1758,253,224
1719,43,40
1724,235,208
1763,297,277
1769,297,277
1782,331,305
1781,258,230
1760,253,224
1768,316,284
1771,297,277
1789,304,278
1779,258,230
1780,258,230
1776,200,183
1765,297,277
1783,271,251
1797,258,230
1778,353,324
1779,304,288
1779,175,160
1779,281,257
1779,85,80
1780,355,328
1780,171,157
1737,254,220
1738,125,114
1739,169,150
1741,212,194
1742,169,150
1743,2,2
1744,129,114
1745,465,403
1762,212,194
1781,124,114
1738,118,106
1739,211,188
1741,169,150
1758,212,194
1759,212,194
1753,297,277
1755,316,284
1755,169,150
1757,297,277
1786,363,336
1787,363,336
1786,353,324
1781,206,193
1781,363,336
1736,301,272
1751,169,150
1752,316,284
1608,359,287
1752,250,208
1752,211,188
1762,386,351
1784,169,150
1747,169,150
1749,169,150
1754,316,284
1646,325,259
1646,325,259
1781,320,301
1782,120,120
1781,72,66
1783,39,37
1783,200,
1783,151,138
1788,63,58
1789,134,124
1788,372,341
1783,364,336
1787,353,324
1784,363,336
1783,363,336
1643,325,259
1644,179,158
1651,650,574
1651,700,618
1651,330,264
1652,325,259
1656,216,153
1662,700,559
1677,270,238
1677,290,256
1681,118,105
1695,116,102
1696,179,158
1701,120,115
1703,200,170
1708,102,87
1715,100,85
1729,39,35
1737,17,15
1740,465,403
1740,77,69
1741,100,7
1741,,
1743,101,92
1752,169,150
1754,386,351
1755,316,284
1661,179,158
1649,179,158
1644,179,158
1693,159,145
1652,179,158
1752,316,282
1752,169,150
1749,465,403
1743,169,150
1733,28,24
1698,19,17
1725,182,158
1752,153,136
1647,292,260
1735,8,7
1788,250,226
1826,449,421
1824,390,353
1821,183,160
1820,183,160
1818,530,473
1816,390,353
1816,239,217
1815,530,472
1815,120,100
1815,390,353
1815,530,472
1797,310,262
1802,530,472
1801,530,472
1802,307,265
1802,307,265
1803,273,250
1805,180,163
1806,390,353
1807,105,95
1813,530,473
1814,390,353
1815,390,353
1815,390,353
1815,239,217
1815,239,217
1813,239,217
1813,183,160
1814,113,98
1814,390,353
1810,183,160
1810,390,353
1810,183,160
1813,179,159
1812,390,353
1813,390,353
1814,390,353
1814,390,353
1812,530,473
1811,390,353
1812,390,353
1825,382,
1829,498,135
1771,297,277
1768,253,224
1766,253,224
1765,175,164
1763,297,277
1763,297,277
1763,297,277
1762,297,277
1761,253,224
1756,253,224
1756,297,277
1756,253,224
1756,329,308
1756,253,224
1756,297,277
1821,472,428
1803,390,353
1803,316,282
1802,342,310
1793,363,337
1818,172,156
1818,358,325
1818,334,289
1818,238,231
1818,464,421
1818,491,445
1818,280,254
1818,445,403
1818,405,336
1818,150,146
1818,458,445
1818,319,289
1818,407,369
1819,187,182
1819,107,104
1819,228,207
1819,313,284
1819,185,180
1819,303,275
1819,626,520
1819,157,130
1819,401,368
1819,179,174
1819,240,218
1819,259,235
1819,447,405
1819,219,209
1819,267,254
1819,274,261
1819,442,405
1819,195,186
1819,336,290
1819,507,459
1819,87,80
1819,251,227
1819,293,253
1819,231,209
1819,170,154
1819,403,365
1819,307,278
1819,297,289
1819,413,374
1819,399,380
1819,363,346
1819,415,376
1819,447,426
1819,318,303
1819,327,312
1820,378,327
1820,376,341
1820,243,210
1819,293,257
1820,276,250
1820,424,405
1820,380,344
1685,400,313
1678,400,313
1659,325,259
1677,400,313
1656,325,259
1656,325,259
1656,325,259
1654,325,259
1654,325,259
1654,325,259
1654,325,259
1652,325,259
1679,400,313
1679,400,313
1681,400,313
1680,400,313
1681,292,260
1681,400,313
1681,400,313
1690,400,313
1733,284,251
1735,170,150
1698,242,216
1826,307,277
1667,244,209
1633,359,287
1699,248,194
1700,321,251
1717,241,188
1814,804,188
1814,157,138
1712,193,151
1704,455,320
1792,303,279
1801,103,98
1825,288,259
1825,288,259
1825,220,210
1826,284,270
1826,414,395
1826,,
1826,64,61
1827,411,369
1827,411,369
1827,284,270
1827,284,270
1827,284,270
1827,284,270
1827,284,270
1829,411,369
1830,411,369
1829,283,270
1829,561,465
1829,284,270
1830,284,270
1830,284,270
1830,284,270
1831,284,270
1831,284,270
1831,284,270
1818,314,250
1815,530,473
1811,109,98
1803,319,263
1811,295,248
1812,295,248
1811,295,248
1811,167,146
1811,167,146
1811,167,146
1811,183,160
1811,295,248
1811,295,248
1672,244,209
1723,386,351
1724,260,230
1724,260,230
1724,367,313
1727,331,283
1701,237,190
1701,237,190
1610,359,287
1610,359,287
1611,29,23
1612,359,287
1612,359,287
1615,359,287
1616,350,280
1641,292,260
1647,179,158
1652,179,158
1661,179,158
1744,465,403
1544,413,331
1545,320,256
1545,346,277
1545,381,305
1545,384,307
1545,327,261
1545,50,40
1545,360,288
1545,367,294
1545,296,236
1545,363,290
1545,329,263
1545,325,260
1545,304,243
1545,355,284
1546,363,290
1546,464,371
1546,50,40
1546,312,250
1546,352,282
1546,434,347
1546,44,35
1547,346,277
1547,328,262
1547,365,292
1547,324,259
1547,359,287
1547,371,297
1548,410,328
1548,413,330
1548,371,297
1548,30,24
1548,371,297
1548,357,286
1549,314,251
1549,380,304
1549,363,290
1549,403,322
1549,353,282
1549,371,297
1549,387,309
1549,435,348
1549,329,263
1549,376,300
1549,358,286
1549,413,330
1549,354,283
1549,323,259
1549,310,248
1549,424,340
1550,410,328
1550,525,420
1550,363,290
1549,28,22
1549,439,351
1550,379,303
1550,388,311
1550,387,309
1550,413,331
1550,437,350
1550,397,317
1550,446,357
1550,401,321
1550,360,288
1550,429,344
1579,334,287
1579,334,287
1579,359,287
1579,334,287
1579,334,287
1579,334,287
1579,403,300
1579,403,300
1579,349,287
1579,296,220
1579,359,287
1579,334,287
1579,336,250
1579,334,287
1579,403,300
1579,334,287
1579,336,250
1579,334,287
1579,334,287
1579,334,287
1579,334,287
1579,334,287
1579,334,287
1579,334,287
1579,334,287
1579,334,287
1579,334,287
1579,334,287
1579,334,287
1579,334,287
1579,334,287
1579,359,287
1579,334,287
1580,334,287
1580,334,287
1580,334,287
1581,334,287
1581,334,287
1581,334,287
1581,334,287
1581,334,287
1581,334,287
1581,334,287
1581,334,287
1581,334,287
1581,334,287
1581,334,287
1581,334,287
1581,334,287
1581,334,287
1581,334,287
1581,334,287
1581,334,287
1581,334,287
1581,334,287
1581,334,287
1581,334,287
1581,334,287
1581,334,287
1581,334,287
1581,334,287
1582,332,287
1582,334,287
1582,334,287
1582,334,287
1582,334,287
1582,334,287
1582,334,287
1582,334,287
1582,334,287
1582,334,287
1582,334,287
1582,334,287
1582,334,287
1583,334,287
1583,334,287
1583,334,287
1583,334,287
1583,334,287
1583,334,287
1583,334,287
1583,334,287
1583,334,287
1583,334,287
1583,359,287
1583,334,287
1583,334,287
1583,312,232
1583,334,287
1583,334,287
1584,334,287
1584,334,287
1584,334,287
1585,334,287
1585,334,287
1792,30,27
1795,239,231
1822,183,160
1820,239,217
1854,108,103
1854,166,158
1797,201,186
1840,514,421
1797,332,304
1818,273,250
1755,169,150
1779,190,174
1812,530,473
1793,26,18
1782,294,269
1814,239,217
1814,390,353
1759,403,377
1826,307,277
1823,460,417
1698,118,105
1716,260,230
1822,390,353
1831,490,
1810,239,217
1808,514,421
1809,530,473
1812,390,353
1809,475,436
1809,475,436
1809,390,353
1810,160,147
1810,492,412
1812,390,353
1812,9,8
1812,390,353
1813,530,473
1814,401,367
1814,196,172
1814,530,473
1814,390,353
1815,183,160
1816,390,353
1816,183,160
1816,239,217
1817,183,160
1817,239,217
1817,239,217
1817,390,353
1817,183,160
1817,390,353
1818,183,160
1819,299,271
1819,239,217
1818,183,160
1818,183,160
1818,530,473
1818,390,353
1818,183,160
1818,390,353
1828,373,350
1788,274,228
1790,236,197
1837,490,444
1828,381,357
1828,373,350
1837,490,444
1685,406,356
1815,312,281
1814,338,303
1814,386,314
1786,354,324
1787,355,325
1795,225,208
1830,284,270
1836,257,242
1836,307,277
1836,257,242
1836,118,105
1836,257,242
1837,118,105
1837,257,242
1837,118,105
1837,118,105
1837,118,105
1838,118,105
1838,490,444
1838,118,105
1838,257,242
1838,118,105
1838,307,277
1839,83,79
1835,118,105
1835,257,242
1840,118,105
1840,118,105
1840,257,242
1837,376,335
1817,95,95
1809,390,353
1754,250,208
1818,183,160
1845,490,444
1833,303,232
1839,733,600
1817,144,128
1817,124,109
1817,269,256
1817,76,72
1820,331,258
1699,406,356
1699,244,209
1818,,
1831,307,277
1658,500,174
1821,250,9
1592,359,287
1640,44,35
1621,363,290
1621,362,290
1622,398,318
1622,379,303
1639,337,269
1640,44,35
1630,334,267
1606,433,346
1623,328,262
1626,346,277
1624,378,303
1622,543,444
1619,390,312
1616,356,285
1608,359,287
1607,346,277
1603,364,291
1600,350,280
1595,359,287
1585,359,287
1584,359,287
1627,359,287
1612,392,313
1613,370,296
1614,330,264
1619,346,277
1607,35,28
1609,46,37
1609,325,260
1587,328,262
1592,359,287
1586,426,341
1566,350,280
1640,359,287
1639,359,287
1615,359,287
1637,359,287
1617,430,344
1638,359,287
1615,359,287
1638,359,287
1637,359,287
1637,359,287
1637,359,287
1636,359,287
1635,359,287
1627,359,287
1625,359,287
1598,359,287
1595,391,313
1564,326,260
1565,335,268
1569,363,290
1569,338,270
1573,359,287
1574,333,267
1576,359,287
1575,240,192
1575,354,284
1574,366,293
1630,359,287
1620,402,322
1609,49,39
1621,348,278
1613,345,276
1621,364,291
1623,402,321
1622,134,100
1626,120,99
1697,188,141
1697,163,140
1697,170,146
1698,89,76
1699,122,105
1700,159,142
1700,26,23
1701,61,55
1812,533,436
1813,238,37
1637,404,250
1813,255,230
1809,103,86
1811,129,99
1810,335,302
1813,255,230
1817,167,146
1813,167,146
1816,255,230
1816,502,429
1809,167,146
1816,91,80
1814,167,146
1817,167,146
1819,290,257
1815,167,146
1816,255,230
1816,101,89
1814,167,146
1817,391,360
1820,599,540
1809,146,129
1813,561,506
1813,209,188
1811,322,290
1817,167,146
1817,223,196
1811,40,33
1814,243,204
1817,161,141
1815,48,43
1811,102,92
1817,199,178
1814,278,244
1817,300,270
1809,255,230
1815,117,103
1812,167,146
1809,68,60
1812,255,230
1817,306,277
1817,286,251
1812,167,146
1816,167,146
1817,137,120
1812,98,86
1812,292,263
1817,158,142
1811,340,298
1817,130,114
1809,167,146
1817,466,427
1816,167,146
1816,152,133
1814,103,90
1817,167,146
1817,167,146
1816,167,146
1811,205,180
1814,167,146
1817,287,259
1815,167,146
1816,167,146
1816,167,146
1811,291,255
1815,296,260
1813,,
1816,255,230
1817,167,146
1814,215,189
1815,167,146
1817,110,99
1815,253,210
1813,150,132
1810,167,146
1813,116,102
1814,160,140
1810,186,163
1813,167,146
1817,187,164
1816,167,146
1817,167,146
1816,300,263
1815,304,267
1817,106,93
1817,167,146
1817,186,163
1811,58,51
1817,194,170
1809,167,146
1810,255,230
1815,666,600
1816,167,146
1817,120,105
1817,288,260
1816,219,192
1815,157,138
1817,162,142
1810,174,153
1810,170,149
1814,228,200
1816,430,377
1809,83,73
1816,207,182
1808,74,62
1817,84,73
1812,268,243
1814,167,146
1815,167,146
1814,167,146
1815,138,121
1815,167,146
1811,167,146
1817,167,146
1817,167,146
1817,167,146
1816,167,146
1817,167,146
1816,155,136
1809,255,230
1816,155,136
1813,217,190
1811,85,75
1817,114,100
1816,505,452
1817,453,408
1809,124,109
1816,167,146
1814,167,146
1815,303,273
1817,245,219
1817,302,265
1818,207,182
1815,250,225
1812,311,280
1813,194,170
1812,349,306
1813,167,146
1817,167,146
1817,334,293
1816,97,74
1554,359,287
1554,359,287
1554,359,287
1554,359,287
1554,359,287
1554,359,287
1811,40,35
1814,228,200
1813,284,249
1817,194,170
1816,282,247
1814,167,146
1810,,
1812,167,146
1818,198,174
1818,169,148
1815,167,146
1814,139,122
1809,146,129
1813,1,1
1812,51,45
1816,,
1817,234,205
1817,19,16
1816,465,408
1817,182,160
1815,167,146
1812,,
1817,106,93
1805,80,67
1804,17,15
1803,71,70
1803,64,54
1802,168,151
1802,137,115
1796,191,157
1818,149,131
1818,154,135
1818,169,152
1818,235,206
1818,244,220
1810,255,230
1818,322,322
1818,228,200
1813,167,146
1816,152,133
1814,260,228
1816,167,146
1816,167,146
1812,98,86
1817,167,146
1818,210,184
1812,136,119
1811,62,55
1814,400,361
1819,247,217
1822,240,216
1823,139,122
1822,255,224
1821,144,126
1821,223,196
1821,246,216
1821,291,262
1820,323,291
1820,328,288
1820,260,228
1820,261,229
1714,412,330
1714,125,100
1714,273,236
1714,245,217
1714,339,283
1713,214,179
1714,147,130
1714,333,278
1713,237,190
1714,237,190
1714,80,72
1713,237,190
1714,250,200
1713,270,255
1714,66,55
1713,120,96
1714,250,200
1713,91,80
1715,323,245
1715,58,50
1715,282,236
1715,387,310
1715,105,84
1715,191,145
1714,237,190
1715,360,288
1715,431,345
1715,122,98
1714,121,108
1714,237,190
1715,134,116
1714,272,228
1715,287,230
1716,116,95
1715,237,190
1716,365,292
1715,327,262
1715,237,190
1716,147,118
1716,272,240
1716,187,150
1716,125,100
1715,169,150
1716,323,259
1716,211,169
1716,239,200
1716,237,190
1716,231,200
1717,316,264
1716,241,197
1717,174,156
1717,224,198
1717,220,176
1716,378,303
1717,169,150
1717,347,300
1717,201,161
1717,294,223
1717,120,100
1717,238,191
1716,169,135
1716,237,190
1716,237,190
1717,291,233
1717,166,140
1716,215,180
1717,237,190
1718,188,143
1718,41,33
1717,237,190
1718,311,260
1717,371,310
1718,157,126
1718,357,298
1718,179,150
1717,330,264
1718,167,134
1718,237,190
1718,276,209
1718,221,177
1718,276,209
1718,107,86
1717,335,280
1718,240,192
1718,95,87
1718,166,126
1718,149,129
1717,200,180
1718,320,256
1717,206,165
1717,215,180
1718,227,190
1719,95,84
1719,117,98
1719,209,159
1718,56,50
1719,244,185
1719,395,330
1718,218,182
1718,86,76
1718,136,109
1719,96,80
1719,335,280
1719,272,240
1718,240,182
1719,224,170
1719,395,330
1719,80,61
1719,160,146
1719,191,160
1719,492,340
1718,395,330
1719,287,230
1718,186,149
1719,230,192
1719,136,103
1719,309,258
1718,192,154
1719,275,243
1719,160,128
1718,239,200
1720,211,160
1720,108,82
1720,385,322
1720,181,156
1720,171,130
1720,334,270
1719,162,123
1719,,
1720,371,328
1719,84,70
1720,201,168
1720,275,230
1719,237,190
1720,361,302
1719,237,190
1719,242,202
1720,277,210
1720,249,208
1720,335,280
1721,406,339
1721,280,224
1721,163,124
1720,179,164
1721,256,214
1721,329,275
1721,292,222
1720,72,55
1720,282,249
1720,237,190
1720,142,114
1721,178,149
1721,261,209
1721,149,103
1720,237,190
1721,72,59
1720,,177
1720,197,174
1720,237,190
1721,250,209
1720,196,164
1721,138,122
1721,221,177
1722,328,290
1722,151,125
1722,328,290
1721,209,175
1721,237,190
1722,181,151
1722,167,140
1722,372,301
1722,242,202
1722,219,166
1722,96,73
1721,11,9
1722,203,170
1722,359,300
1722,335,280
1721,,
1721,237,190
1722,145,121
1722,187,156
1722,193,161
1722,298,249
1721,,190
1721,237,190
1722,236,197
1722,,
1721,237,190
1722,18,15
1723,176,146
1723,237,190
1722,179,150
1722,362,320
1722,251,203
1723,419,350
1723,339,209
1722,60,48
1723,208,174
1723,309,239
1722,237,190
1723,325,288
1723,212,170
1723,225,180
1722,237,190
1723,299,250
1723,323,270
1723,201,168
1723,287,230
1723,205,164
1723,250,
1724,146,117
1724,377,315
1724,372,311
1723,215,178
1723,211,169
1723,215,172
1724,304,231
1724,335,280
1724,233,187
1723,241,197
1724,325,260
1724,328,274
1724,201,168
1723,303,230
1724,266,213
1724,245,196
1724,312,250
1724,272,218
1724,127,102
1724,159,127
1723,237,190
1724,402,355
1725,224,199
1725,94,77
1725,269,225
1724,197,158
1725,107,89
1725,443,370
1724,250,200
1725,201,168
1725,325,278
1724,371,310
1724,237,190
1725,228,173
1725,359,300
1724,218,175
1724,159,127
1725,262,210
1725,265,201
1725,377,326
1725,287,230
1724,237,190
1725,48,41
1724,129,98
1725,309,258
1724,228,183
1725,313,251
1725,154,123
1725,300,254
1724,252,230
1725,240,192
1724,237,190
1724,298,239
1725,195,163
1725,104,83
1725,269,225
1724,269,225
1724,,
1724,27,27
1724,305,255
1726,315,267
1725,237,190
1726,150,127
1726,176,156
1725,443,370
1726,190,144
1726,296,269
1725,237,190
1726,170,145
1726,193,160
1726,167,143
1725,282,236
1726,271,217
1726,203,180
1726,269,228
1725,190,175
1725,167,134
1726,171,145
1725,237,190
1726,192,154
1726,292,247
1725,283,234
1725,237,190
1726,271,217
1726,300,228
1726,122,103
1726,233,197
1726,66,56
1725,174,139
1725,309,258
1726,181,155
1725,378,316
1725,237,190
1725,213,178
1726,140,120
1726,171,152
1726,271,217
1726,241,204
1726,259,219
1726,182,154
1726,201,170
1725,237,190
1725,293,235
1726,229,196
1726,165,137
1725,173,145
1726,163,132
1726,318,269
1727,216,177
1727,237,190
1727,122,108
1727,307,260
1726,317,280
1727,264,240
1727,150,139
1727,271,232
1726,271,217
1726,113,96
1727,272,223
1726,146,117
1726,385,329
1727,265,217
1727,178,151
1727,186,157
1726,170,136
1726,249,189
1727,131,111
1726,182,154
1726,271,217
1726,260,220
1727,398,337
1726,167,141
1727,306,245
1727,283,227
1727,273,219
1727,234,202
1727,312,264
1727,150,133
1728,421,350
1728,373,310
1728,271,217
1728,271,217
1727,271,217
1728,278,211
1728,305,244
1727,271,217
1727,275,233
1727,390,330
1727,241,197
1728,248,210
1727,164,131
1728,255,221
1728,414,332
1728,231,192
1728,361,300
1727,201,170
1727,271,217
1728,185,150
1728,271,217
1728,433,360
1727,271,217
1728,271,217
1727,298,252
1728,180,170
1727,241,197
1728,252,202
1728,257,220
1728,193,158
1728,355,295
1727,271,217
1728,271,217
1728,271,217
1728,383,307
1728,169,150
1729,354,300
1728,271,217
1728,271,217
1729,331,268
1728,316,240
1729,400,320
1729,408,330
1729,242,194
1729,481,385
1729,271,217
1729,425,360
1728,350,280
1728,271,217
1728,401,333
1729,249,220
1729,228,193
1729,431,365
1729,232,196
1728,221,195
1729,290,240
1729,275,220
1728,271,217
1728,358,303
1729,330,279
1729,378,303
1728,443,355
1729,294,249
1729,276,209
1728,252,202
1729,236,189
1729,272,230
1729,271,217
1729,269,238
1728,281,225
1729,229,194
1728,305,244
1728,41,37
1729,371,300
1729,302,262
1729,271,217
1730,293,259
1730,276,209
1729,319,270
1730,341,276
1730,209,185
1730,363,321
1730,303,230
1729,313,286
1730,461,350
1729,191,153
1730,228,193
1730,311,266
1730,464,376
1730,522,475
1729,276,209
1730,203,180
1729,301,244
1730,437,332
1730,84,67
1729,520,440
1730,202,178
1729,356,270
1730,207,183
1729,237,190
1730,271,217
1730,345,292
1729,250,150
1729,411,329
1729,215,190
1730,447,395
1729,139,118
1730,241,197
1730,422,357
1729,425,360
1729,271,217
1730,275,233
1730,316,256
1730,368,335
1730,317,280
1730,280,227
1730,291,233
1730,255,233
1730,196,175
1729,351,350
1729,132,119
1729,354,269
1730,513,415
1713,283,250
1730,179,158
1730,224,204
1731,352,285
1731,271,217
1730,462,370
1730,271,217
1730,240,197
1731,264,219
1730,337,298
1730,25,23
1731,160,130
1731,230,191
1731,228,208
1731,,
1731,274,245
1731,268,229
1730,92,80
1730,280,227
1731,191,155
1731,271,217
1730,455,345
1731,346,296
1730,361,300
1731,259,234
1731,271,217
1731,171,130
1731,209,171
1731,276,209
1731,308,256
1731,306,254
1731,312,250
1731,152,130
1730,207,175
1731,447,395
1731,235,208
1731,408,330
1731,295,242
1731,110,93
1730,338,286
1731,281,248
1731,156,128
1731,376,301
1731,,
1731,297,241
1730,382,323
1731,273,221
1731,193,171
1731,384,319
1731,397,301
1731,285,252
1731,271,217
1732,256,194
1732,347,281
1732,276,209
1732,337,280
1731,271,217
1731,303,246
1731,286,251
1732,304,260
1732,88,71
1732,285,260
1732,379,315
1731,271,217
1732,235,201
1732,395,320
1732,126,101
1732,298,226
1732,571,474
1732,383,310
1732,317,197
1732,225,187
1731,325,270
1733,335,278
1731,236,196
1732,239,211
1732,295,252
1732,262,218
1732,205,170
1732,323,268
1732,163,132
1731,217,180
1731,121,108
1732,457,380
1732,371,230
1732,291,233
1731,340,288
1732,228,185
1731,271,217
1732,242,205
1732,271,220
1731,457,370
1732,212,172
1732,241,195
1732,318,258
1732,278,211
1732,274,228
1732,572,511
1731,271,217
1732,295,250
1732,301,255
1733,271,217
1733,317,257
1732,295,245
1733,178,144
1733,308,256
1732,271,217
1732,306,270
1732,350,284
1733,276,209
1733,110,89
1733,261,217
1733,316,250
1733,315,255
1733,271,217
1733,273,236
1733,445,370
1733,82,77
1732,308,250
1733,331,283
1733,304,260
1732,350,280
1732,298,226
1733,271,217
1733,,
1733,350,280
1733,242,194
1733,273,216
1733,322,258
1732,214,178
1733,178,145
1732,240,197
1733,366,310
1733,306,270
1733,212,170
1733,372,309
1733,268,212
1733,276,226
1732,318,281
1732,323,262
1732,401,321
1733,243,197
1733,277,232
1733,386,351
1733,256,213
1734,276,209
1732,238,198
1732,289,240
1734,275,209
1734,262,224
1734,385,350
1734,346,293
1734,241,197
1734,317,271
1734,143,129
1734,331,283
1733,271,217
1734,302,251
1734,290,235
1734,367,313
1734,150,120
1734,274,222
1734,374,303
1733,271,217
1734,368,306
1734,325,270
1733,235,195
1734,378,344
1733,271,217
1733,278,225
1733,169,150
1734,59,45
1733,427,390
1734,271,229
1735,271,222
1734,149,122
1735,260,220
1735,256,210
1735,484,414
1735,295,250
1735,77,62
1735,332,284
1734,271,217
1734,252,202
1735,176,141
1735,301,255
1734,280,237
1735,177,142
1735,201,172
1735,276,245
1735,248,210
1735,409,346
1735,193,163
1735,420,371
1735,349,295
1735,359,327
1735,386,351
1735,275,233
1735,377,319
1735,199,159
1735,307,260
1734,222,197
1734,271,217
1735,336,269
1734,274,232
1735,281,238
1735,298,239
1736,295,224
1736,187,160
1735,453,412
1736,488,400
1736,165,150
1736,307,260
1736,527,400
1735,310,251
1736,271,217
1735,271,217
1736,281,238
1736,251,201
1735,271,217
1736,367,311
1736,447,378
1735,271,217
1736,340,287
1736,67,61
1736,289,245
1736,257,227
1736,352,298
1735,271,217
1736,318,289
1736,306,251
1736,271,217
1736,330,300
1736,398,362
1736,245,196
1736,322,275
1737,259,236
1736,378,310
1737,263,223
1737,187,158
1737,240,203
1737,478,409
1737,337,285
1737,271,217
1736,172,138
1737,294,249
1737,285,241
1736,271,217
1736,271,217
1737,271,232
1737,363,310
1737,149,126
1736,419,355
1737,271,217
1737,299,273
1737,201,170
1737,416,379
1737,303,263
1737,236,200
1737,301,255
1736,271,217
1737,280,255
1737,294,249
1736,414,350
1737,360,273
1737,271,217
1736,422,357
1736,271,217
1737,271,217
1737,297,251
1738,287,230
1737,416,341
1737,386,351
1738,346,293
1737,427,390
1738,222,190
1738,313,265
1737,271,217
1737,282,239
1738,314,266
1738,442,374
1738,288,244
1738,271,217
1738,271,217
1737,271,217
1738,271,217
1738,249,211
1738,307,260
1737,391,331
1737,399,323
1738,193,163
1738,274,232
1738,380,322
1738,343,290
1737,386,351
1737,281,238
1737,271,248
1738,271,217
1737,386,351
1737,421,356
1737,271,217
1738,307,271
1738,273,236
1738,207,183
1738,294,238
1737,340,282
1738,273,236
1737,271,217
1737,271,217
1738,271,217
1738,396,360
1737,297,251
1737,339,287
1737,350,296
1738,233,210
1739,258,207
1739,271,217
1739,231,211
1739,245,207
1738,271,217
1739,386,351
1739,247,200
1739,253,231
1740,259,219
1739,294,249
1739,311,266
1739,271,217
1739,271,217
1739,271,217
1739,271,217
1738,271,217
1739,271,217
1739,237,201
1739,279,236
1738,430,364
1739,271,217
1739,285,260
1738,271,217
1739,271,217
1739,503,382
1739,328,290
1739,271,217
1738,363,307
1739,315,267
1739,271,217
1738,271,217
1738,271,217
1739,256,205
1739,271,217
1739,243,206
1739,298,252
1739,386,351
1740,271,217
1739,199,168
1739,273,236
1739,299,227
1739,244,200
1739,271,217
1738,271,217
1739,271,217
1739,373,339
1738,285,228
1739,226,191
1738,271,217
1739,271,217
1740,271,217
1740,271,217
1740,240,197
1740,366,310
1740,271,217
1740,318,269
1740,240,197
1740,183,155
1739,271,217
1740,332,284
1740,271,217
1740,162,137
1740,363,307
1740,271,217
1740,271,217
1740,271,217
1740,177,150
1739,271,217
1740,304,260
1740,185,148
1740,271,217
1740,271,217
1740,140,120
1740,271,217
1740,271,217
1740,271,217
1740,271,217
1740,271,217
1740,269,230
1740,237,201
1740,187,158
1741,172,153
1741,354,300
1741,134,113
1741,271,217
1741,235,190
1740,271,217
1740,271,217
1740,352,298
1740,256,217
1741,208,190
1741,213,180
1741,251,206
1741,222,182
1741,326,276
1741,288,244
1740,271,217
1741,271,217
1740,271,217
1741,271,217
1741,271,217
1741,271,217
1741,276,209
1741,170,169
1741,305,278
1741,330,279
1742,228,195
1741,271,217
1742,260,220
1741,271,217
1742,202,171
1741,276,209
1742,342,284
1741,271,217
1741,271,217
1742,396,329
1742,363,310
1742,271,217
1741,271,217
1741,271,217
1741,373,302
1741,271,217
1741,237,201
1741,271,217
1742,118,104
1742,271,217
1742,372,309
1741,271,217
1742,400,320
1741,271,217
1742,158,140
1741,359,291
1743,283,250
1742,381,309
1742,271,217
1742,271,217
1743,200,164
1742,237,192
1743,234,200
1742,271,217
1743,349,298
1743,271,217
1742,329,273
1743,315,255
1743,245,207
1743,337,280
1742,271,217
1743,270,213
1742,326,271
1743,230,210
1743,307,255
1742,271,217
1742,418,347
1743,391,317
1743,271,217
1742,242,205
1743,163,145
1743,351,300
1744,276,209
1744,331,283
1744,287,238
1743,271,217
1743,260,211
1744,340,282
1744,276,209
1744,354,287
1744,276,209
1743,236,191
1744,273,236
1743,210,170
1744,388,322
1744,271,217
1743,271,217
1743,315,255
1744,276,209
1744,296,246
1744,222,202
1744,271,217
1743,563,468
1744,276,209
1743,271,217
1744,271,217
1744,273,236
1744,373,310
1744,276,209
1743,290,235
1743,333,277
1743,276,209
1744,293,243
1744,271,217
1744,331,283
1744,271,217
1744,405,336
1743,276,209
1745,249,207
1744,271,217
1744,269,218
1745,379,315
1744,,
1744,178,148
1744,296,240
1744,240,197
1745,271,217
1745,271,217
1746,229,186
1746,89,72
1745,228,187
1745,,
1746,342,277
1746,503,418
1746,479,398
1746,341,283
1746,255,209
1725,151,126
1725,140,120
1727,149,126
1727,120,105
1729,151,126
1729,149,126
1730,96,
1732,120,107
1731,149,126
1732,149,126
1733,149,126
1733,149,126
1733,149,126
1732,149,126
1733,149,126
1733,149,126
1734,149,126
1734,45,40
1733,83,69
1734,149,126
1734,14,12
1734,149,126
1733,172,154
1735,149,126
1735,149,126
1735,149,126
1735,118,103
1736,149,126
1735,96,86
1736,149,126
1736,149,126
1736,149,126
1736,142,129
1735,149,126
1737,90,75
1737,149,126
1737,149,126
1737,149,126
1737,149,126
1736,149,126
1736,149,126
1736,149,126
1737,149,126
1737,149,126
1736,83,69
1736,95,
1736,149,126
1737,149,126
1737,149,126
1738,76,63
1738,149,126
1738,103,86
1737,149,126
1738,149,126
1738,149,126
1737,149,126
1737,83,
1738,149,126
1738,149,126
1739,149,126
1738,149,126
1739,85,74
1739,149,126
1740,50,42
1739,149,126
1739,146,120
1738,,
1739,64,53
1739,55,
1739,149,126
1740,134,110
1740,149,126
1739,149,126
1739,83,70
1740,149,126
1740,149,126
1740,149,126
1740,149,126
1739,83,69
1740,149,126
1740,149,126
1740,149,126
1741,149,126
1740,149,126
1741,149,126
1741,149,126
1741,149,126
1741,149,126
1742,149,126
1741,149,126
1742,149,126
1742,149,126
1742,149,126
1742,149,126
1742,134,
1743,149,126
1743,149,126
1743,149,126
1744,151,126
1744,149,126
1744,149,126
1744,149,126
1744,149,126
1744,149,126
1744,149,126
1745,149,126
1746,165,138
1745,149,126
1747,120,100
1746,83,69
1746,149,
1748,149,126
1747,149,126
1747,149,126
1748,149,126
1749,149,126
1749,149,126
1750,134,110
1749,149,126
1750,98,81
1750,83,69
1749,149,126
1749,169,138
1749,149,126
1749,118,103
1750,149,126
1751,112,98
1751,154,126
1751,55,46
1751,149,126
1751,123,101
1751,149,126
1751,149,126
1751,149,126
1752,149,126
1751,149,126
1752,170,144
1752,65,56
1752,64,50
1751,149,126
1752,149,126
1752,149,126
1753,149,126
1751,149,126
1753,35,29
1753,131,110
1753,,78
1752,149,126
1752,71,60
1753,150,127
1753,152,124
1753,61,57
1752,149,126
1754,70,62
1752,129,110
1753,100,88
1754,123,101
1753,149,126
1754,139,115
1753,149,126
1755,,
1754,68,61
1754,83,69
1753,149,126
1755,145,119
1755,92,76
1755,72,61
1755,120,115
1755,76,64
1755,80,70
1755,66,55
1754,149,126
1755,120,117
1755,66,56
1755,57,58
1755,80,66
1755,200,235
1757,80,66
1756,80,71
1756,126,98
1755,149,126
1755,89,75
1756,57,47
1757,127,108
1757,130,113
1756,84,75
1756,103,80
1757,140,116
1757,80,70
1757,80,66
1757,70,55
1757,70,61
1757,10,8
1756,95,74
1756,101,84
1756,83,69
1757,205,175
1757,113,96
1757,121,114
1757,155,127
1757,55,46
1757,86,71
1757,122,101
1757,66,55
1758,150,138
1758,140,123
1758,170,133
1757,286,244
1757,83,69
1757,100,127
1757,58,45
1758,110,91
1759,150,150
1758,60,50
1758,140,115
1758,54,45
1758,95,74
1759,145,128
1759,150,140
1759,40,33
1759,50,46
1759,39,32
1759,150,123
1760,135,112
1760,117,102
1760,78,63
1759,,
1760,125,109
1761,107,89
1761,100,78
1761,79,66
1761,94,78
1761,40,33
1761,100,84
1761,130,108
1762,73,100
1762,60,50
1762,145,127
1762,79,66
1762,191,153
1763,150,134
1762,75,62
1762,72,64
1761,43,
1761,95,74
1761,50,42
1762,175,170
1761,95,74
1762,70,58
1762,70,58
1762,75,51
1763,70,61
1763,182,177
1763,149,126
1763,106,88
1763,90,101
1762,83,69
1763,83,69
1763,149,126
1763,149,126
1763,67,62
1762,83,69
1762,60,30
1763,60,31
1763,78,53
1763,120,105
1764,70,40
1763,83,69
1764,113,94
1763,90,75
1764,120,89
1764,180,154
1764,273,233
1764,160,100
1764,160,160
1764,120,108
1763,83,69
1763,72,26
1764,90,75
1763,200,164
1764,95,74
1765,100,80
1765,83,69
1765,66,42
1764,56,46
1765,55,43
1766,69,57
1765,53,47
1764,118,103
1765,142,92
1764,95,74
1765,95,74
1764,83,69
1765,83,70
1764,83,69
1764,149,126
1766,44,37
1765,200,140
1765,200,171
1764,149,126
1764,140,122
1766,181,155
1764,83,69
1765,172,154
1765,34,30
1764,140,119
1765,100,87
1766,34,30
1766,95,83
1765,83,69
1766,52,45
1765,83,69
1766,158,138
1766,48,40
1766,155,135
1766,77,64
1765,83,69
1767,158,130
1765,95,74
1767,96,84
1765,187,159
1765,149,126
1765,149,126
1767,100,95
1767,83,69
1767,130,113
1767,120,105
1767,126,120
1767,79,69
1766,83,69
1766,95,74
1767,45,37
1767,120,99
1766,118,103
1767,60,50
1767,97,87
1766,83,69
1766,120,105
1767,180,160
1767,115,120
1767,100,83
1767,105,95
1768,150,132
1767,83,69
1767,83,69
1768,190,132
1767,118,103
1768,120,163
1767,83,69
1769,130,120
1767,83,69
1767,95,74
1767,95,74
1768,130,104
1768,165,133
1768,230,196
1768,83,69
1769,154,146
1769,56,49
1769,82,72
1769,50,64
1769,85,79
1769,100,83
1769,165,144
1769,182,95
1770,140,70
1768,120,105
1768,120,105
1769,126,129
1768,95,74
1769,155,138
1768,90,80
1769,51,43
1769,29,24
1770,120,111
1770,130,149
1770,134,110
1770,72,60
1770,172,147
1769,83,69
1770,57,50
1769,120,105
1770,104,91
1769,83,69
1770,80,70
1769,120,105
1771,103,86
1770,169,150
1770,120,105
1769,182,154
1769,112,100
1770,20,17
1770,96,80
1771,90,87
1771,129,113
1771,101,101
1771,83,69
1770,118,103
1771,144,118
1771,108,96
1771,117,102
1771,82,72
1770,118,103
1771,134,110
1771,71,60
1771,101,90
1771,35,30
1770,149,126
1770,149,126
1772,66,58
1772,141,120
1772,105,82
1773,205,175
1771,120,105
1772,60,50
1771,149,126
1771,149,126
1771,102,89
1771,177,148
1772,159,139
1772,257,240
1772,149,126
1771,149,126
1772,149,126
1773,140,122
1772,142,116
1772,149,126
1773,120,105
1773,231,206
1773,236,200
1772,83,70
1772,149,126
1773,83,63
1773,149,126
1773,151,132
1772,149,126
1772,149,126
1772,149,126
1774,135,115
1773,151,126
1772,149,126
1773,120,105
1772,149,126
1773,67,56
1773,118,103
1772,149,126
1773,73,61
1772,95,74
1773,94,94
1773,108,102
1773,149,126
1773,182,154
1772,149,126
1774,120,102
1774,183,171
1774,110,132
1774,101,92
1774,106,90
1773,149,126
1774,101,90
1773,83,70
1774,112,60
1774,60,51
1774,41,36
1774,118,98
1774,87,76
1773,151,126
1773,43,38
1773,151,126
1773,149,126
1773,83,69
1774,118,103
1774,43,38
1774,125,112
1774,191,180
1774,95,74
1774,134,110
1774,120,105
1775,348,341
1774,118,103
1775,110,96
1774,118,103
1775,95,74
1775,80,75
1775,200,157
1774,83,69
1776,70,58
1774,181,155
1775,150,133
1775,103,92
1774,118,103
1774,149,126
1775,200,169
1775,150,131
1774,149,126
1775,149,126
1775,122,103
1775,100,85
1785,130,106
1785,88,79
1785,186,152
1784,130,106
1785,112,116
1785,192,169
1786,130,106
1786,83,68
1786,150,70
1786,118,96
1785,133,127
1785,130,106
1786,55,45
1786,121,107
1786,66,54
1786,66,54
1786,116,102
1787,72,81
1786,66,54
1786,88,72
1786,149,126
1787,136,135
1787,55,45
1787,90,80
1787,66,58
1787,80,71
1787,130,106
1787,121,100
1787,66,54
1788,114,95
1788,66,55
1789,114,97
1789,202,165
1789,157,140
1788,94,77
1788,114,94
1788,130,116
1789,114,95
1789,114,95
1789,64,53
1790,55,45
1789,99,81
1789,99,82
1789,66,55
1790,87,78
1789,114,97
1789,147,130
1791,122,121
1791,97,91
1790,110,88
1790,114,95
1790,46,38
1791,110,90
1790,58,55
1792,135,169
1792,84,69
1792,81,66
1793,276,214
1792,120,104
1792,127,104
1791,53,44
1792,221,197
1792,110,90
1793,71,63
1792,114,93
1793,128,105
1793,127,44
1793,156,139
1793,84,54
1792,110,90
1793,40,35
1793,83,74
1793,120,104
1793,177,103
1792,162,132
1793,271,251
1793,138,113
1794,221,197
1794,99,89
1794,162,143
1794,128,117
1794,110,116
1794,99,124
1793,64,53
1793,121,109
1793,112,91
1794,113,101
1794,127,136
1794,100,84
1794,114,93
1793,69,63
1794,114,104
1794,52,49
1794,64,53
1794,147,130
1795,153,135
1795,74,61
1794,89,74
1794,114,93
1795,99,88
1795,114,93
1795,167,149
1796,167,149
1796,110,90
1796,136,141
1796,127,102
1798,283,250
1796,47,41
1795,110,98
1795,40,40
1795,52,49
1796,137,122
1795,121,99
1796,104,104
1796,133,120
1796,78,64
1796,229,198
1796,255,230
1796,48,40
1796,67,57
1796,45,40
1796,89,92
1795,114,93
1795,112,92
1795,83,68
1795,162,143
1796,114,93
1795,100,83
1796,80,86
1795,156,150
1795,14,12
1797,83,69
1795,83,67
1797,64,54
1796,70,45
1796,74,52
1796,136,111
1797,117,96
1797,94,77
1796,91,75
1797,151,161
1797,79,93
1796,81,72
1796,119,98
1797,138,94
1797,125,110
1796,83,69
1797,103,92
1797,75,75
1796,147,130
1797,263,214
1796,114,97
1797,120,147
1797,74,61
1797,83,61
1798,51,42
1797,76,63
1797,127,104
1798,83,74
1798,45,37
1797,76,63
1797,64,53
1798,272,240
1797,78,64
1798,83,68
1798,47,41
1798,76,96
1798,76,63
1799,120,119
1798,97,79
1799,112,75
1798,114,97
1799,114,94
1799,64,51
1798,73,94
1798,192,169
1799,61,55
1800,83,60
1799,47,50
1799,64,79
1799,120,104
1799,35,35
1799,110,76
1799,83,80
1799,46,38
1800,66,52
1799,46,52
1799,41,34
1800,73,61
1799,58,48
1800,127,110
1800,39,16
1800,76,45
1799,112,91
1800,84,87
1800,76,59
1800,74,85
1800,136,83
1800,206,170
1799,114,95
1799,130,107
1800,93,90
1800,114,90
1799,83,73
1799,114,100
1800,121,99
1799,52,55
1800,94,77
1800,61,51
1799,79,66
1799,150,76
1799,91,75
1799,78,86
1800,105,35
1800,81,54
1801,107,44
1800,147,120
1800,76,54
1800,122,106
1800,61,49
1800,57,50
1800,46,40
1800,41,36
1800,101,88
1800,138,120
1801,98,76
1800,105,94
1800,52,43
1800,74,61
1800,162,50
1800,111,148
1800,64,53
1800,74,61
1801,75,65
1801,95,79
1802,76,113
1802,98,83
1802,118,94
1801,74,78
1801,114,94
1801,97,102
1802,100,156
1802,75,60
1803,143,97
1802,95,79
1803,194,147
1802,89,74
1802,83,69
1803,162,154
1802,114,97
1802,114,97
1802,120,90
1802,84,70
1803,129,104
1803,114,90
1803,132,108
1802,129,108
1802,90,75
1803,150,125
1803,102,80
1803,141,101
1803,129,132
1804,110,104
1803,109,91
1803,330,248
1803,132,110
1804,205,160
1803,37,31
1804,64,86
1804,129,124
1804,312,279
1804,75,67
1804,161,190
1804,114,95
1805,162,185
1805,67,47
1805,140,135
1805,161,144
1805,131,117
1804,51,42
1804,114,86
1804,112,112
1805,113,92
1804,22,18
1805,285,345
1805,62,84
1805,129,132
1805,64,85
1805,117,118
1805,101,108
1804,149,126
1805,286,239
1805,115,106
1805,86,88
1805,104,99
1806,172,129
1805,146,130
1805,103,92
1805,84,13
1805,170,128
1806,246,170
1806,150,130
1806,110,85
1806,162,175
1805,95,79
1806,122,102
1806,83,96
1806,107,78
1806,148,132
1806,84,75
1806,109,91
1806,131,117
1805,101,88
1806,212,260
1806,120,58
1806,64,51
1805,90,78
1806,151,135
1806,96,90
1806,80,101
1806,59,53
1806,99,56
1806,151,135
1806,156,139
1806,204,182
1806,98,71
1806,161,134
1806,129,33
1805,179,135
1805,189,169
1805,80,100
1806,136,122
1805,77,66
1805,96,79
1806,95,95
1806,178,134
1806,117,103
1805,340,95
1805,114,95
1805,90,70
1806,138,116
1806,129,128
1806,95,61
1806,141,123
1807,188,168
1807,178,134
1807,246,185
1806,89,89
1807,95,85
1807,94,84
1807,156,140
1807,86,69
1807,229,172
1807,212,159
1807,217,162
1807,168,150
1807,71,63
1807,103,92
1807,233,175
1806,77,64
1806,80,71
1806,182,170
1807,186,166
1806,108,96
1807,129,98
1807,163,123
1807,90,80
1807,77,64
1807,125,140
1807,60,54
1807,93,83
1807,174,155
1807,118,105
1807,90,80
1807,36,32
1807,112,106
1807,90,80
1807,176,157
1807,228,204
1807,131,117
1807,66,49
1807,106,95
1807,96,80
1807,82,75
1807,147,85
1807,136,121
1807,181,158
1806,168,126
1807,103,115
1807,109,97
1807,202,180
1807,271,242
1807,75,67
1807,141,118
1807,81,68
1807,112,97
1807,233,208
1807,370,330
1807,78,70
1808,47,40
1807,94,79
1807,54,45
1807,57,51
1807,188,168
1807,109,97
1808,71,63
1807,60,54
1807,90,79
1808,72,72
1807,117,98
1807,153,128
1807,153,128
1808,86,72
1807,199,150
1808,114,97
1729,168,143
1744,69,58
1753,83,69
1754,163,133
1755,156,133
1764,150,110
1764,186,145
1766,62,53
1770,24,20
1774,130,140
1805,153,128
1806,156,130
1807,73,70
1807,86,
1756,,
1758,126,107
1761,110,116
1764,83,
1792,75,62
1806,202,75
1736,149,126
1740,129,100
1765,83,69
1772,149,126
1796,50,
1751,150,127
1729,122,100
1752,34,29
1737,149,126
1748,123,
1804,118,112
1860,110,108
1802,71,60
1800,143,118
1738,149,126
1792,258,230
1761,95,74
1696,143,117
1694,34,27
1697,123,101
1698,83,70
1861,517,450
1783,126,104
1784,91,80
1785,193,164
1785,74,62
1801,70,66
1732,149,126
1802,45,39
1693,181,155
1695,181,155
1697,181,155
1698,63,50
1698,181,155
1743,134,110
1748,83,69
1751,83,69
1752,83,69
1751,181,155
1757,31,24
1762,118,103
1770,118,103
1773,99,86
1773,83,69
1774,125,104
1773,83,69
1792,310,253
1808,101,88
1790,70,59
1789,83,68
1793,85,70
1795,130,106
1801,368,344
1804,210,190
1807,184,156
1804,149,126
1806,19,16
1750,118,103
1752,118,103
1753,118,103
1754,118,103
1754,134,110
1755,95,74
1755,118,103
1765,83,69
1757,83,69
1758,118,103
1770,232,201
1770,171,151
1769,461,
1770,427,410
1772,378,363
1769,83,65
1770,78,61
1769,215,97
1769,20,18
1770,260,240
1772,250,204
1775,141,115
1777,262,216
1769,148,131
1769,,
1770,352,288
1770,181,148
1770,69,79
1771,83,65
1770,129,110
1770,83,65
1770,110,110
1770,166,150
1770,248,220
1771,245,200
1773,216,176
1774,352,287
1776,359,328
1770,173,143
1772,210,130
1770,162,144
1771,190,186
1770,216,185
1771,225,193
1771,230,197
1774,199,170
1770,163,133
1769,230,197
1769,,
1770,148,
1770,496,296
1771,630,514
1772,352,287
1773,352,287
1775,674,550
1776,359,328
1777,359,328
1770,,
1771,227,194
1771,352,288
1770,352,288
1770,171,151
1771,203,180
1772,108,96
1771,118,105
1771,230,197
1772,336,274
1771,174,154
1770,83,65
1771,251,215
1773,230,197
1770,319,260
1773,221,180
1770,388,280
1771,429,350
1773,352,287
1771,352,287
1771,65,58
1771,212,165
1772,171,151
1770,83,
1770,194,166
1772,222,190
1774,208,178
1775,174,149
1776,214,198
1771,352,287
1772,352,287
1771,365,206
1770,270,220
1772,279,228
1774,316,258
1775,352,287
1777,359,328
1777,359,328
1770,352,287
1771,230,197
1770,167,148
1770,294,240
1771,397,324
1772,352,287
1773,352,287
1774,243,199
1771,388,360
1773,352,287
1775,243,198
1771,352,288
1770,424,346
1772,310,253
1770,148,131
1771,150,133
1770,230,197
1772,264,226
1773,230,197
1770,352,
1771,208,170
1772,352,287
1774,352,287
1774,352,287
1775,352,287
1770,148,131
1771,15,13
1771,135,120
1773,148,131
1775,148,131
1771,352,287
1770,425,347
1772,352,287
1773,386,315
1774,352,288
1771,33,28
1771,211,172
1771,86,77
1771,70,63
1771,380,310
1771,76,59
1771,221,180
1771,352,287
1770,87,77
1771,148,131
1771,375,306
1772,352,287
1773,352,287
1771,248,202
1772,44,38
1772,159,130
1772,133,121
1773,133,121
1774,221,200
1775,100,91
1772,355,290
1772,150,122
1771,230,197
1771,230,197
1772,352,287
1771,148,131
1772,148,131
1774,107,95
1775,132,117
1771,352,288
1771,207,184
1774,148,131
1775,148,131
1771,359,293
1773,184,150
1772,355,290
1773,390,318
1774,248,202
1773,352,287
1773,352,287
1777,359,328
1772,352,287
1773,162,160
1774,352,287
1776,359,328
1772,352,287
1771,102,92
1771,245,200
1772,368,300
1773,306,250
1775,352,287
1776,359,328
1771,,
1772,352,287
1771,352,288
1771,176,156
1772,230,197
1771,230,197
1772,230,197
1773,230,197
1776,221,204
1776,214,198
1771,211,187
1772,184,150
1772,243,198
1772,,
1771,103,80
1772,167,130
1772,442,361
1772,352,287
1774,352,288
1772,237,210
1773,186,165
1775,171,151
1777,210,195
1772,352,287
1774,352,287
1772,162,147
1774,133,121
1775,179,162
1777,367,313
1771,352,287
1773,224,183
1772,352,287
1771,352,287
1773,352,287
1774,352,287
1772,502,410
1773,352,287
1774,556,454
1772,282,230
1774,319,260
1772,352,287
1774,352,287
1774,352,287
1772,82,64
1771,271,232
1772,358,292
1774,352,287
1775,352,287
1771,352,287
1772,285,280
1772,225,200
1773,162,144
1774,180,160
1776,217,195
1777,211,187
1771,352,287
1772,171,151
1772,368,300
1772,352,287
1772,218,193
1773,171,151
1771,230,197
1772,,
1772,282,250
1773,174,154
1774,148,131
1776,111,
1772,270,245
1772,175,150
1772,192,170
1773,171,151
1772,148,131
1773,228,186
1774,243,198
1775,238,202
1773,215,199
1774,352,287
1776,359,328
1772,230,197
1773,230,197
1776,280,258
1773,97,86
1774,124,103
1775,148,131
1772,352,287
1773,124,110
1774,158,140
1772,352,287
1773,148,131
1774,352,287
1773,152,130
1773,392,320
1773,452,9
1773,345,281
1774,333,272
1776,359,328
1773,78,69
1773,192,170
1775,210,186
1776,140,130
1773,343,280
1773,,
1772,226,204
1773,352,287
1775,349,285
1772,352,287
1774,352,287
1775,352,287
1777,359,328
1773,336,274
1772,67,60
1774,102,92
1775,73,66
1772,148,131
1774,133,118
1772,230,197
1773,352,287
1773,352,287
1773,352,287
1774,352,287
1775,352,287
1772,,
1772,29,26
1772,171,151
1773,135,120
1775,236,209
1773,105,93
1772,148,131
1773,185,151
1774,352,287
1775,352,287
1776,178,163
1772,352,287
1774,352,287
1772,352,287
1774,352,287
1777,359,328
1772,352,287
1775,294,240
1777,359,328
1773,349,285
1774,352,288
1773,148,131
1773,152,130
1774,171,146
1773,150,131
1773,230,197
1773,352,287
1774,400,326
1773,196,160
1773,184,150
1774,245,200
1773,275,224
1774,282,230
1775,229,187
1777,264,242
1773,124,106
1773,230,
1773,257,210
1774,395,322
1773,105,92
1772,133,120
1773,175,155
1774,230,197
1774,217,177
1775,345,281
1778,,
1774,352,288
1775,350,286
1774,352,287
1775,352,287
1776,359,328
1773,352,287
1775,352,287
1779,359,328
1773,102,92
1774,450,350
1774,561,458
1775,531,504
1776,539,494
1774,352,287
1776,300,275
1773,148,131
1774,214,175
1775,251,205
1777,356,326
1774,352,287
1775,352,287
1775,341,278
1774,352,287
1775,300,245
1776,314,288
1775,125,107
1774,223,183
1776,250,208
1773,,
1776,247,222
1775,,
1773,352,287
1776,359,328
1773,,
1776,145,134
1774,148,131
1775,352,287
1776,359,328
1773,,
1774,135,120
1774,148,131
1775,148,131
1775,352,287
1774,148,
1773,171,
1776,328,300
1774,200,163
1775,345,281
1779,,
1773,128,100
1774,185,170
1774,352,287
1775,352,287
1776,359,328
1774,241,214
1773,129,110
1775,230,197
1773,174,142
1774,400,378
1776,530,517
1773,102,92
1774,270,220
1775,206,168
1774,352,287
1776,359,328
1774,283,231
1774,392,320
1776,194,178
1774,210,186
1773,191,166
1774,171,151
1775,171,151
1776,210,195
1773,352,287
1775,233,190
1776,359,
1774,214,175
1776,262,240
1773,171,151
1774,280,266
1775,300,291
1774,230,197
1776,216,186
1773,171,151
1775,196,174
1774,300,249
1775,352,287
1776,359,328
1774,282,230
1775,343,280
1774,626,609
1776,595,500
1775,171,151
1774,230,197
1774,83,65
1773,190,
1775,253,207
1774,352,287
1775,352,287
1776,505,463
1777,359,328
1774,341,278
1773,171,
1774,95,88
1774,105,90
1775,230,197
1774,352,287
1775,320,274
1779,,
1779,692,634
1775,352,
1765,63,56
1765,60,53
1774,114,98
1776,359,328
1766,280,248
1737,67,59
1764,295,268
1775,217,177
1746,387,331
1744,129,114
1750,351,300
1739,271,217
1740,65,53
1739,152,130
1739,176,156
1739,129,106
1738,82,70
1738,148,121
1738,290,235
1737,213,183
1737,109,97
1737,222,190
1737,579,495
1736,211,180
1736,326,279
1736,110,90
1736,194,166
1736,226,193
1736,154,137
1735,163,139
1735,188,167
1734,182,156
1734,113,100
1732,187,160
1727,152,125
1727,161,140
1726,168,145
1726,119,90
1719,115,94
1718,87,84
1718,73,65
1737,292,250
1715,244,209
1715,244,209
1719,175,150
1718,146,122
1720,215,190
1722,80,71
1722,216,185
1729,108,90
1714,73,60
1714,56,48
1714,263,225
1719,152,122
1718,305,244
1719,206,176
1719,249,213
1717,173,148
1718,227,182
1717,212,177
1723,141,125
1724,329,281
1724,127,113
1725,320,274
1725,108,96
1725,208,178
1726,220,180
1726,211,180
1728,273,219
1728,189,170
1729,179,143
1729,251,215
1730,146,120
1729,336,255
1729,163,134
1729,250,200
1731,207,170
1732,161,136
1731,113,100
1731,130,99
1731,105,93
1733,170,160
1733,146,120
1735,212,188
1735,220,188
1735,330,271
1735,135,120
1735,395,338
1736,244,216
1736,239,212
1736,356,292
1736,244,209
1736,211,171
1736,374,320
1736,154,125
1775,117,100
1737,126,112
1737,169,150
1737,110,98
1739,331,283
1738,483,427
1731,162,140
1731,199,170
1732,172,147
1732,122,108
1732,203,172
1732,211,180
1733,80,68
1734,135,120
1734,178,146
1778,119,93
1734,240,197
1776,210,195
1778,359,328
1779,164,150
1776,163,141
1777,33,30
1777,116,90
1778,445,408
1778,359,328
1778,359,328
1778,359,328
1776,359,328
1778,210,195
1777,141,130
1779,210,195
1778,184,177
1732,189,167
1779,282,258
1780,529,485
1778,,
1779,359,328
1777,359,328
1779,394,360
1779,449,410
1780,210,195
1779,174,150
1779,359,328
1778,119,93
1780,322,295
1780,402,368
1780,370,370
1780,539,474
1779,210,195
1773,276,209
1776,240,220
1775,230,197
1777,359,328
1780,356,326
1776,214,197
1775,352,287
1779,210,195
1779,,
1776,119,93
1778,359,328
1778,560,513
1778,356,326
1778,359,328
1775,171,151
1776,359,328
1775,352,287
1775,352,287
1746,255,226
1746,292,250
1748,271,217
1778,359,328
1773,331,270
1775,,
1776,210,195
1777,359,328
1776,359,328
1776,204,184
1776,359,328
1777,500,458
1775,465,379
1776,359,328
1775,352,287
1775,62,55
1776,359,328
1776,64,59
1776,210,195
1777,210,195
1776,463,424
1775,516,421
1774,496,405
1777,295,270
1775,319,260
1777,421,386
1776,539,
1776,210,195
1776,359,328
1775,478,390
1776,210,195
1775,352,287
1776,214,197
1776,214,197
1775,187,160
1776,180,165
1777,680,600
1775,345,281
1775,137,120
1774,214,183
1774,230,197
1776,359,328
1775,208,170
1776,214,197
1775,114,84
1776,281,257
1776,260,238
1775,230,197
1775,383,139
1775,352,288
1774,352,287
1776,371,340
1775,401,327
1775,345,281
1776,210,195
1778,359,328
1777,359,328
1777,359,328
1775,171,151
1775,263,215
1777,214,197
1777,210,195
1777,359,328
1774,102,92
1777,284,259
1774,83,65
1774,230,197
1777,210,195
1779,210,195
1778,255,234
1774,171,151
1777,359,328
1775,72,
1778,304,278
1774,230,197
1777,356,326
1777,210,195
1776,214,198
1779,210,195
1776,152,140
1724,153,131
1775,230,197
1722,211,180
1723,235,201
1722,142,114
1776,356,326
1774,107,83
1778,210,195
1776,359,328
1778,237,180
1778,447,439
1778,210,195
1729,195,156
1723,275,230
1731,309,257
1731,183,148
1730,140,
1731,261,217
1731,240,197
1731,135,127
1730,148,131
1731,331,283
1731,248,206
1731,172,153
1729,143,127
1734,,
1734,200,166
1735,199,170
1734,125,101
1732,144,127
1732,240,197
1733,76,72
1733,247,205
1732,299,248
1733,241,200
1733,148,131
1733,331,283
1733,204,165
1732,240,
1732,148,131
1732,181,150
1734,331,283
1734,148,131
1734,331,283
1734,148,131
1734,133,108
1732,217,180
1732,191,155
1732,331,283
1732,178,144
1734,240,197
1735,178,148
1735,213,177
1734,331,283
1722,144,120
1731,271,217
1734,331,283
1731,271,217
1732,276,
1735,331,283
1735,240,197
1736,172,153
1735,331,283
1735,213,177
1735,331,283
1736,121,108
1736,172,153
1737,172,153
1736,331,283
1737,200,177
1736,172,153
1737,172,153
1737,240,197
1737,270,230
1737,172,153
1737,331,283
1737,331,283
1737,240,197
1736,331,283
1737,372,318
1737,151,124
1737,240,197
1737,377,306
1737,240,197
1737,331,283
1737,350,299
1738,172,153
1738,344,286
1738,331,283
1738,241,228
1738,240,197
1737,172,153
1738,143,135
1738,270,219
1738,240,197
1737,331,283
1738,172,153
1739,331,283
1738,240,197
1738,121,108
1739,172,153
1739,379,315
1738,358,297
1739,344,286
1739,331,283
1739,331,283
1739,276,229
1739,331,283
1739,240,197
1739,194,183
1739,331,283
1739,240,197
1739,331,283
1739,237,224
1739,172,153
1739,331,283
1739,234,194
1739,172,153
1739,172,153
1739,331,283
1739,131,124
1739,172,153
1739,240,197
1739,172,153
1740,331,283
1740,331,283
1739,240,197
1740,261,217
1740,181,150
1740,172,153
1740,271,
1740,271,217
1740,331,283
1740,258,214
1740,331,283
1740,331,283
1739,172,153
1740,240,197
1740,172,153
1740,376,312
1740,,
1740,172,153
1740,331,283
1740,172,153
1740,243,197
1740,185,150
1740,349,290
1740,163,139
1740,318,258
1740,73,62
1741,315,262
1740,331,283
1740,276,261
1741,147,130
1741,188,152
1741,172,153
1741,331,283
1741,172,153
1741,240,197
1741,245,199
1741,,
1741,,
1741,331,283
1741,331,283
1741,331,283
1742,281,233
1741,172,153
1742,176,143
1742,172,153
1742,240,197
1742,193,173
1741,240,197
1742,331,283
1741,172,153
1742,172,153
1743,172,153
1742,240,197
1742,331,283
1742,331,283
1742,289,234
1743,301,244
1743,200,162
1743,343,285
1742,172,
1742,25,20
1742,172,153
1743,216,179
1742,240,197
1743,379,315
1743,172,
1743,240,197
1742,172,153
1743,210,170
1743,258,214
1743,253,239
1742,,
1743,262,212
1743,311,258
1743,179,145
1744,240,197
1743,498,414
1743,172,153
1743,414,344
1744,244,198
1743,331,283
1743,172,153
1744,280,227
1744,259,215
1744,188,165
1744,331,283
1745,124,108
1744,331,283
1744,172,153
1744,183,163
1744,276,224
1744,172,153
1744,221,179
1714,244,209
1714,180,144
1715,237,190
1715,144,120
1715,237,190
1716,237,190
1716,237,190
1717,237,190
1716,237,190
1717,126,109
1717,237,190
1717,237,190
1716,237,190
1718,237,190
1746,442,354
1773,68,53
1792,600,480
1795,237,220
1793,269,250
1797,273,230
1797,214,161
1797,28,28
1797,41,41
1798,284,280
1799,437,276
1799,250,156
1799,154,94
1799,27,23
1799,61,58
1800,7,7
1800,60,58
1801,307,258
1801,189,189
1802,147,120
1802,400,330
1803,150,90
1803,275,246
1803,103,93
1803,307,265
1804,247,213
1804,372,271
1804,200,198
1804,300,209
1804,193,104
1804,376,64
1804,304,275
1804,120,60
1804,114,103
1804,12,11
1804,107,80
1804,160,81
1805,231,172
1804,481,306
1805,378,327
1805,152,130
1805,12,10
1805,147,127
1805,105,58
1805,60,20
1805,116,89
1805,79,68
1806,100,100
1806,129,129
1806,228,171
1806,143,141
1806,224,224
1806,108,99
1805,,
1803,117,101
1806,149,136
1779,36,36
1782,517,500
1782,46,40
1783,29,24
1796,359,319
1797,46,46
1797,182,169
1798,153,132
1799,31,31
1800,120,111
1801,256,213
1802,200,66
1802,742,469
1802,400,330
1802,285,237
1803,519,369
1803,330,250
1803,248,206
1803,170,151
1803,221,200
1803,410,346
1786,271,251
1786,353,324
1787,353,324
1788,217,199
1787,353,324
1788,353,324
1790,201,184
1790,158,158
1789,271,251
1790,420,413
1790,141,117
1789,353,324
1791,226,224
1791,182,154
1791,386,376
1791,210,201
1791,451,427
1790,353,324
1791,363,322
1791,353,324
1792,302,290
1792,384,352
1792,137,130
1792,293,268
1792,282,243
1792,226,206
1792,325,255
1792,140,137
1792,234,185
1792,258,230
1793,557,520
1793,509,462
1793,281,264
1792,165,153
1793,268,266
1792,353,324
1792,353,324
1793,346,333
1793,118,115
1793,353,324
1793,156,150
1794,254,248
1793,349,344
1794,241,237
1794,423,411
1794,303,293
1794,542,538
1794,649,617
1794,48,45
1794,272,250
1794,157,151
1794,444,438
1793,258,230
1794,353,324
1795,207,188
1795,610,567
1794,353,324
1795,195,183
1794,353,324
1795,238,230
1795,400,364
1794,,
1796,473,254
1794,220,204
1795,166,161
1794,353,324
1795,349,295
1795,121,119
1794,7,6
1795,652,630
1795,297,260
1795,363,336
1794,363,336
1794,258,230
1795,663,623
1794,363,336
1795,380,358
1795,271,251
1795,545,534
1796,365,348
1795,258,230
1796,133,123
1795,353,324
1796,162,158
1795,363,336
1796,244,220
1796,296,252
1796,400,151
1796,371,340
1797,380,366
1796,174,168
1797,288,244
1797,102,99
1796,353,324
1797,241,238
1797,344,322
1797,216,211
1796,363,336
1797,199,187
1797,337,320
1799,271,251
1800,185,171
1799,258,230
1799,271,251
1799,271,251
1800,214,198
1799,271,251
1799,353,324
1800,398,369
1797,182,168
1797,447,413
1798,421,392
1797,271,239
1797,147,146
1797,101,95
1798,122,117
1798,334,310
1797,271,251
1797,,
1797,,
1797,271,251
1797,271,251
1797,363,336
1797,417,400
1797,258,230
1798,218,203
1798,224,223
1798,387,360
1798,232,177
1798,400,170
1798,414,407
1798,276,271
1797,271,251
1798,123,114
1798,438,406
1799,268,265
1799,174,172
1798,271,251
1798,353,324
1798,320,317
1799,270,263
1798,129,129
1799,157,144
1799,345,314
1798,271,251
1798,271,251
1799,255,236
1799,399,299
1798,353,324
1798,271,251
1799,193,189
1799,466,447
1799,456,423
1799,271,251
1799,271,251
1799,271,251
1799,413,383
1799,271,251
1799,353,324
1800,271,251
1800,271,251
1800,271,251
1800,210,195
1800,271,251
1800,271,251
1800,210,195
1800,271,251
1800,353,324
1800,113,105
1800,271,251
1800,353,324
1800,271,251
1801,75,68
1800,271,251
1801,134,121
1800,271,251
1800,353,324
1801,359,325
1800,271,251
1800,271,251
1801,377,342
1800,271,251
1800,271,251
1800,271,251
1800,271,251
1800,210,195
1800,271,251
1800,210,195
1800,353,324
1800,271,251
1801,349,320
1801,273,250
1801,390,353
1801,183,160
1801,390,353
1801,390,353
1802,142,129
1801,273,250
1801,273,250
1802,273,250
1803,392,347
1801,390,353
1802,390,353
1801,390,353
1802,273,250
1803,125,113
1803,218,188
1803,315,164
1803,204,201
1802,271,247
1803,551,541
1803,223,221
1803,90,85
1803,326,309
1803,181,164
1803,302,288
1803,187,165
1802,390,353
1803,390,353
1805,306,296
1803,371,350
1803,155,142
1803,140,127
1803,162,147
1803,291,245
1803,147,143
1803,411,372
1804,243,241
1804,307,291
1804,390,353
1804,246,245
1804,283,252
1804,390,380
1804,390,353
1804,241,230
1805,474,470
1804,396,380
1804,390,353
1804,121,110
1804,179,174
1804,274,254
1804,321,316
1804,105,91
1804,532,470
1805,177,162
1804,248,232
1804,333,319
1804,390,353
1805,408,370
1805,155,146
1806,126,123
1805,152,150
1805,201,197
1804,390,353
1806,380,150
1805,292,291
1804,390,353
1805,234,219
1806,175,159
1805,173,160
1804,390,353
1804,390,353
1805,137,124
1805,305,273
1807,133,126
1805,424,384
1805,390,353
1805,273,250
1806,202,182
1805,308,306
1806,422,395
1805,390,353
1806,316,291
1805,202,180
1806,210,180
1805,390,353
1806,124,117
1806,102,95
1806,129,126
1806,630,571
1806,270,245
1805,390,353
1806,229,222
1805,239,217
1806,113,108
1806,195,189
1807,68,61
1807,155,130
1807,248,203
1806,275,268
1806,295,280
1806,273,250
1806,298,287
1807,295,280
1806,165,153
1806,252,249
1806,218,211
1806,141,137
1806,293,289
1806,390,353
1807,458,420
1806,390,353
1806,331,329
1806,390,353
1806,390,353
1807,95,80
1807,300,271
1807,313,306
1807,261,258
1807,209,206
1807,423,370
1807,257,254
1806,273,250
1807,281,269
1807,149,135
1808,239,173
1808,221,218
1807,346,339
1807,142,129
1807,333,327
1807,296,288
1807,311,307
1808,210,200
1808,169,166
1808,265,240
1808,314,306
1807,390,353
1808,307,301
1808,336,334
1808,312,299
1807,390,353
1807,390,353
1807,390,353
1808,227,224
1807,390,353
1807,390,353
1808,121,119
1808,578,551
1808,172,170
1808,335,334
1808,174,172
1808,390,353
1809,412,408
1809,295,293
1809,266,264
1809,410,408
1809,144,129
1809,181,158
1809,225,205
1809,303,
1809,390,365
1809,343,342
1809,537,536
1808,273,250
1809,211,207
1809,735,712
1809,390,353
1809,187,180
1809,523,451
1809,202,200
1809,407,383
1809,576,552
1809,425,420
1810,311,286
1810,225,221
1810,466,382
1810,523,514
1809,470,458
1809,216,202
1810,351,333
1809,390,353
1810,252,236
1809,172,156
1810,377,340
1810,451,393
1810,319,313
1810,228,222
1810,254,249
1810,232,228
1810,390,353
1810,286,280
1810,390,353
1810,390,353
1810,480,437
1810,390,353
1810,169,152
1810,390,353
1810,65,0
1810,317,292
1810,273,250
1810,409,371
1810,270,254
1811,430,390
1810,390,353
1810,390,353
1810,273,250
1810,390,353
1810,183,160
1811,211,192
1810,390,353
1810,310,279
1811,9,8
1810,390,353
1810,183,160
1810,390,353
1715,118,105
1715,260,230
1715,260,230
1715,118,105
1715,260,230
1715,260,230
1715,118,105
1715,118,105
1715,406,356
1716,260,230
1716,71,64
1715,465,403
1716,260,230
1715,260,230
1715,118,105
1715,260,230
1715,118,105
1716,301,272
1716,118,105
1716,465,403
1716,260,230
1716,118,105
1716,260,230
1716,260,230
1716,292,260
1716,129,129
1716,260,230
1707,118,105
1708,260,230
1711,260,230
1708,260,230
1735,465,403
1710,260,230
1712,119,100
1709,129,129
1712,357,319
1721,118,105
1720,212,194
1720,118,105
1720,129,129
1712,260,230
1713,292,260
1720,118,105
1720,260,230
1713,260,230
1713,260,230
1720,260,230
1714,154,135
1713,260,230
1713,357,319
1713,492,412
1720,301,272
1713,465,403
1721,118,105
1714,465,403
1714,260,230
1714,465,403
1714,118,105
1715,260,230
1715,280,230
1715,,
1715,260,230
1715,260,230
1715,357,319
1715,118,105
1715,260,230
1716,260,230
1716,118,105
1720,492,412
1716,118,105
1716,492,412
1716,492,412
1716,406,356
1716,260,230
1716,492,412
1716,465,403
1716,260,230
1717,118,105
1716,118,105
1716,492,412
1716,492,412
1717,118,105
1717,406,356
1718,118,105
1718,406,356
1717,260,230
1717,260,230
1717,492,412
1717,260,230
1717,118,105
1717,465,403
1717,260,230
1717,492,412
1717,129,129
1717,118,105
1717,260,230
1717,260,230
1717,118,105
1717,212,194
1717,260,230
1717,212,194
1717,118,105
1717,118,105
1717,465,403
1793,57,54
1795,214,198
1796,271,251
1796,840,813
1796,90,89
1796,281,257
1797,119,100
1797,281,257
1794,350,323
1801,273,250
1802,52,48
1803,75,60
1803,500,446
1803,390,353
1717,260,230
1717,492,412
1718,492,412
1716,118,105
1718,260,230
1717,118,105
1718,492,412
1718,492,412
1718,406,356
1718,465,403
1718,191,171
1718,301,272
1718,260,230
1718,406,356
1718,465,403
1718,406,356
1719,112,99
1718,492,412
1718,118,105
1719,218,193
1718,357,319
1718,492,412
1718,118,105
1719,465,403
1719,406,356
1719,118,105
1719,492,412
1719,292,260
1719,129,129
1719,465,403
1719,492,412
1719,118,105
1719,118,105
1719,219,196
1720,665,557
1719,212,194
1719,118,105
1719,129,129
1719,260,230
1720,260,230
1720,260,230
1719,118,105
1720,465,403
1719,212,194
1720,260,230
1720,118,105
1721,118,105
1721,260,230
1721,118,105
1721,465,403
1722,292,260
1720,260,230
1721,,
1722,129,114
1721,572,517
1721,465,403
1721,118,105
1721,,
1721,,
1721,,
1721,129,129
1721,465,403
1723,260,230
1722,118,105
1721,212,194
1721,118,105
1721,260,230
1721,118,105
1721,118,105
1722,260,230
1724,131,116
1723,102,90
1723,465,403
1722,118,105
1722,118,105
1722,118,105
1723,212,194
1722,118,105
1722,260,230
1722,260,230
1722,301,272
1722,212,194
1723,118,105
1684,406,356
1729,571,478
1729,663,555
1745,463,401
1745,383,332
1745,336,291
1745,394,342
1746,313,271
1746,377,327
1746,449,389
1720,118,105
1807,144,142
1819,273,250
1820,390,353
1831,490,444
1832,490,444
1835,490,444
1836,490,444
1723,260,230
1724,628,562
1722,492,412
1722,492,412
1722,492,412
1723,384,344
1723,162,153
1723,397,355
1724,320,286
1723,321,284
1724,269,239
1723,406,356
1724,260,230
1723,260,230
1723,446,399
1724,609,557
1724,415,371
1724,384,344
1724,625,559
1724,624,541
1724,374,332
1724,599,519
1723,260,230
1724,113,107
1723,260,230
1723,301,272
1724,749,670
1724,212,194
1724,1037,918
1724,418,362
1725,129,129
1724,118,105
1724,298,273
1724,212,194
1724,118,105
1726,212,194
1724,118,105
1725,118,105
1725,341,305
1724,118,105
1724,212,194
1725,162,153
1724,301,272
1725,342,303
1724,118,105
1725,118,105
1725,492,412
1725,212,194
1725,52,46
1725,118,105
1726,118,105
1725,118,105
1725,212,194
1725,129,129
1725,118,105
1725,465,403
1725,118,105
1726,260,230
1726,118,105
1726,118,105
1726,492,412
1726,118,105
1726,260,230
1726,465,403
1726,102,92
1727,406,356
1727,212,194
1728,465,403
1726,118,105
1726,212,194
1727,118,105
1726,465,403
1727,492,412
1727,360,322
1727,400,358
1727,212,194
1727,118,105
1728,465,403
1728,118,105
1736,118,105
1735,478,400
1736,618,517
1735,72,65
1735,492,412
1738,433,375
1739,483,432
1739,467,391
1738,212,194
1738,699,585
1739,401,348
1739,37,32
1739,696,603
1738,465,403
1739,211,188
1739,412,357
1739,717,600
1738,465,403
1738,465,403
1738,425,356
1737,301,272
1740,211,188
1738,329,294
1737,212,194
1738,651,564
1738,490,425
1738,104,95
1738,465,416
1739,364,326
1737,18,16
1737,474,424
1737,160,139
1736,357,319
1737,453,393
1737,401,359
1736,301,272
1737,133,122
1737,652,565
1736,537,481
1736,416,372
1735,212,194
1737,450,403
1735,492,412
1735,465,403
1737,459,411
1736,465,403
1737,526,471
1737,159,144
1738,465,403
1738,301,272
1738,492,412
1739,301,272
1739,465,403
1739,465,403
1740,465,403
1740,212,194
1740,118,105
1739,212,194
1740,260,230
1767,386,267
1645,330,264
1740,492,412
1740,465,403
1740,211,188
1742,338,293
1740,465,403
1741,454,406
1740,301,272
1740,211,188
1740,,
1742,288,250
1742,476,413
1741,211,188
1744,260,230
1744,465,403
1746,427,370
1747,676,586
1747,617,535
1747,97,86
1747,301,272
1748,118,105
1748,301,272
1750,334,290
1749,406,356
1750,406,356
1750,260,230
1754,118,105
1754,253,224
1752,253,224
1754,184,163
1753,297,277
1754,297,277
1718,406,356
1719,357,319
1719,129,129
1720,149,133
1745,283,245
1747,347,272
1751,268,237
1750,406,356
1750,465,403
1782,353,324
1756,222,223
1756,789,770
1755,56,51
1767,295,261
1768,310,290
1769,297,277
1773,267,250
1774,277,259
1775,297,278
1774,283,265
1786,258,230
1787,353,324
1789,243,243
1788,258,230
1788,353,324
1789,529,485
1789,360,348
1789,388,367
1788,353,324
1789,213,195
1789,350,321
1790,231,227
1790,306,302
1790,353,324
1790,130,128
1790,327,320
1790,143,143
1791,145,141
1795,271,251
1777,353,324
1778,117,111
1778,225,213
1778,37,35
1778,353,324
1780,430,394
1779,353,324
1780,238,225
1780,186,180
1780,193,185
1753,316,284
1753,297,277
1778,330,302
1779,189,173
1766,297,277
1714,5,4
1715,66,57
1715,,
1715,47,41
1715,166,157
1715,36,31
1678,408,356
1676,408,356
1677,100,91
1666,288,216
1680,700,600
1684,233,200
1693,159,145
1692,169,145
1698,279,218
1714,406,356
1702,127,110
1673,67,50
1673,191,164
1752,290,225
1850,311,279
1813,347,306
1840,442,391
1850,324,303
1850,311,279
1849,388,362
1850,388,362
1849,,
1810,183,160
1802,149,126
1698,528,423
1768,120,90
1772,118,103
1792,130,119
1799,,
1724,204,122
1760,4,3
1729,271,217
1739,169,150
1776,324,275
1803,149,126
1803,149,126
1802,,
1649,149,126
1800,271,251
1770,149,126
1727,148,131
1764,149,126
1735,164,136
1700,115,98
1698,,
1670,330,264
1766,352,287
1777,370,341
1780,404,372
1776,359,328
1724,150,147
1724,148,131
1760,77,60
1725,237,190
1762,772,630
1766,529,432
1766,74,60
1772,286,245
1715,105,84
1717,237,190
1768,570,465
1776,310,266
1763,134,115
1770,83,65
1758,134,110
1744,181,155
1760,83,69
1761,83,69
1761,83,69
1761,95,74
1761,95,74
1761,95,74
1761,83,69
1761,95,74
1763,83,69
1765,83,69
1762,83,69
1765,83,69
1766,149,126
1766,149,126
1766,149,126
1774,149,126
1774,149,126
1775,149,126
1772,83,69
1792,130,106
1795,94,77
1796,130,106
1797,130,106
1804,101,88
1802,390,353
1805,149,130
1806,153,128
1807,153,128
1807,267,201
1807,267,201
1807,46,40
1796,121,100
1807,153,128
1807,101,88
1804,74,65
1804,110,90
1805,147,129
1803,390,353
1802,390,353
1807,50,
1783,130,106
1785,94,77
1785,97,80
1808,180,135
1808,248,209
1806,500,418
1807,267,201
1805,,
1807,155,130
1806,153,
1806,149,126
1807,101,88
1791,13,13
1808,101,88
1805,101,88
1807,167,140
1806,83,69
1806,267,201
1797,200,68
1804,101,88
1787,130,106
1806,153,128
1807,191,160
1806,65,54
1805,163,135
1805,172,144
1810,162,140
1806,83,69
1806,103,90
1807,152,133
1807,150,125
1795,94,77
1807,153,128
1787,149,126
1801,,
1810,237,205
1803,234,192
1796,216,190
1806,101,88
1806,267,201
1796,119,93
1807,183,160
1805,83,69
1799,119,93
1805,,
1804,101,88
1810,143,126
1807,101,88
1810,46,39
1806,267,201
1805,267,201
1804,273,
1810,397,343
1807,101,88
1807,153,128
1804,101,88
1806,101,88
1804,101,88
1804,153,128
1807,268,200
1788,149,126
1794,94,77
1792,149,126
1807,261,218
1792,84,70
1805,101,88
1791,149,126
1805,153,128
1806,101,88
1785,310,266
1789,149,126
1789,130,106
1789,149,126
1791,149,126
1793,149,126
1793,98,80
1796,63,57
1801,310,279
1801,35,30
1802,140,117
1802,149,126
1804,103,90
1805,83,69
1805,153,128
1806,101,88
1806,101,88
1808,153,128
1807,153,128
1719,62,53
1733,149,126
1804,159,132
1804,159,130
1751,95,74
1751,60,50
1752,40,33
1804,153,
1804,153,128
1805,267,201
1805,101,88
1805,101,88
1805,153,128
1805,110,92
1805,153,128
1805,159,130
1806,267,201
1806,101,88
1806,90,75
1806,109,81
1807,153,128
1807,101,88
1807,153,128
1808,101,88
1754,0,0
1756,149,
1756,149,
1803,153,128
1795,94,77
1807,153,128
1798,149,126
1801,101,88
1804,101,88
1797,,
1792,93,76
1807,,
1802,149,126
1794,149,126
1794,130,106
1705,30,24
1710,66,53
1711,66,53
1712,96,77
1738,83,69
1739,118,103
1739,83,69
1751,83,69
1750,181,155
1750,118,103
1751,83,69
1758,95,74
1767,118,103
1768,118,103
1769,250,208
1805,76,67
1805,211,176
1804,201,177
1805,124,101
1773,167,141
1807,80,70
1807,80,70
1805,80,70
1732,149,126
1770,149,126
1770,149,126
1772,165,140
1802,,
1763,95,74
1764,82,70
1809,104,97
1818,246,230
1754,151,126
1804,23,20
1768,151,126
1802,151,126
1798,105,90
1802,69,61
1803,153,128
1772,151,126
1825,348,290
1861,517,450
1860,540,500
1800,99,88
1808,68,54
1797,120,98
1797,123,98
1797,96,78
1797,72,59
1798,96,78
1800,128,102
1803,98,78
1804,112,88
1804,77,61
1812,123,100
1813,5,4
1812,140,114
1812,509,414
1814,133,118
1814,90,87
1814,107,97
1812,129,105
1814,418,347
1812,250,203
1812,230,187
1812,344,280
1791,105,86
1812,649,528
1812,344,280
1813,91,74
1805,43,38
1805,20,20
1790,95,77
1792,85,69
1806,140,114
1805,,
1857,,
1698,204,148
1686,140,114
1759,94,74
1684,55,46
1772,151,126
1802,83,70
1820,153,128
1803,109,106
1802,66,56
1766,246,220
1768,518,454
1766,492,412
1767,372,326
1767,372,326
1768,372,326
1768,372,326
1769,372,326
1769,372,326
1815,307,265
1816,287,252
1816,475,436
1817,307,265
1816,144,128
1817,220,210
1818,401,390
1817,288,259
1818,314,261
1818,317,287
1820,201,178
1822,475,436
1824,288,259
1824,288,259
1826,284,270
1825,220,210
1826,240,229
1827,277,264
1827,411,369
1827,284,270
1827,284,270
1826,284,270
1826,284,270
1828,690,563
1832,411,369
1835,411,369
1838,278,250
1839,411,369
1839,,
1848,845,700
1853,536,482
1829,284,270
1829,284,270
1850,189,180
1843,264,250
1830,411,369
1829,284,270
1835,411,369
1822,154,138
1822,130,113
1830,284,270
1829,284,270
1829,284,270
1843,241,230
1827,284,270
1838,560,200
1601,413,331
1601,346,277
1601,371,297
1595,380,304
1595,397,317
1595,371,297
1595,498,398
1595,413,331
1595,456,364
1595,413,331
1595,498,398
1595,456,364
1595,413,331
1595,456,364
1595,346,277
1595,456,364
1679,216,153
1681,216,153
1663,531,415
1681,216,153
1679,216,153
1681,216,153
1681,216,153
1679,216,153
1666,216,153
1681,216,153
1801,514,421
1838,490,444
1818,237,196
1818,237,196
1683,200,169
1805,70,24
1804,,
1742,151,126
1737,151,126
1798,519,486
1798,534,493
1798,384,356
1798,502,430
1799,524,486
1799,663,628
1799,404,374
1800,612,560
1800,495,458
1800,393,364
1801,496,449
1801,467,423
1801,502,455
1801,707,631
1802,537,479
1802,603,563
1802,492,446
1802,600,550
1802,385,349
1802,377,342
1802,626,558
1802,571,517
1802,623,565
1802,512,464
1802,530,473
1802,390,353
1803,499,475
1802,713,654
1802,395,358
1803,531,481
1803,460,432
1802,462,419
1803,841,750
1803,578,556
1803,464,420
1803,491,438
1803,818,750
1803,438,402
1803,400,362
1804,286,273
1803,403,428
1803,623,556
1804,372,337
1803,550,491
1804,406,394
1804,488,442
1804,417,378
1804,720,642
1804,451,414
1804,412,368
1804,390,353
1804,239,217
1804,746,676
1804,583,527
1804,370,335
1805,442,400
1804,585,522
1804,451,409
1805,465,433
1804,673,600
1804,117,106
1805,490,444
1805,653,582
1805,393,380
1805,377,369
1805,443,401
1805,510,462
1806,589,470
1806,410,392
1805,506,456
1805,583,520
1805,389,353
1806,625,573
1804,592,543
1805,554,494
1806,321,286
1805,591,535
1805,239,217
1806,316,224
1806,390,353
1806,390,353
1806,175,170
1806,555,495
1806,535,486
1806,396,228
1806,507,459
1819,255,243
1778,547,505
1779,224,222
1781,363,336
1781,190,174
1806,310,279
1793,353,324
1726,118,105
1725,212,194
1726,340,311
1729,492,412
1762,297,277
1728,406,356
1788,336,308
1791,274,267
1750,406,356
1728,492,412
1734,406,356
1755,329,308
1757,316,284
1744,465,403
1762,290,257
1706,260,230
1706,260,230
1706,260,230
1707,260,230
1707,357,319
1710,118,105
1711,260,230
1715,260,230
1720,118,105
1721,118,105
1721,129,129
1721,492,412
1721,292,260
1721,118,105
1722,118,105
1726,406,356
1727,492,412
1728,260,230
1728,492,412
1728,129,129
1728,118,105
1728,260,230
1727,406,356
1728,492,412
1728,492,412
1729,492,412
1726,406,356
1730,600,520
1734,273,236
1729,212,194
1724,368,329
1724,118,105
1756,352,287
1703,260,230
1836,490,444
1846,490,444
1805,475,436
1845,572,517
1846,572,517
1836,307,277
1729,212,194
1727,406,356
1729,492,412
1723,118,105
1725,118,105
1725,301,272
1725,118,105
1725,260,230
1740,465,403
1744,465,403
1748,431,374
1749,492,412
1752,297,277
1757,316,284
1758,253,224
1758,297,277
1757,253,224
1776,230,217
1776,152,141
1776,353,324
1776,363,336
1776,34,31
1777,373,353
1777,413,378
1711,260,230
1751,253,224
1784,331,
1777,322,295
1780,353,324
1777,299,283
1777,248,235
1780,426,400
1777,398,365
1780,402,368
1780,491,447
1780,230,217
1782,421,386
1789,31,29
1796,179,166
1792,232,200
1790,143,126
1782,177,126
1782,354,336
1793,323,269
1790,66,65
1792,461,422
1792,316,283
1789,353,323
1790,17,15
1791,380,305
1792,87,82
1793,79,70
1792,135,126
1793,351,324
1793,338,310
1794,526,488
1793,324,292
1781,569,529
1793,504,486
1794,392,352
1793,100,97
1793,282,276
1794,549,526
1793,400,369
1794,45,42
1790,409,409
1790,408,404
1794,396,363
1794,96,89
1794,113,105
1791,437,362
1794,342,308
1796,361,344
1796,526,493
1795,348,324
1794,28,26
1794,440,388
1795,442,379
1795,362,348
1795,360,355
1795,372,336
1796,393,372
1795,440,360
1796,456,354
1795,130,125
1795,200,199
1796,227,207
1797,67,58
1795,307,304
1793,55,50
1797,99,93
1797,70,66
1796,250,234
1796,537,515
1797,405,393
1797,220,199
1767,329,308
1817,273,250
1819,183,160
1778,353,324
1795,353,324
1762,200,187
1790,353,324
1790,331,305
1799,113,105
1798,107,95
1794,162,153
1778,618,560
1798,1086,939
1798,186,163
1798,73,68
1724,388,357
1799,455,440
1799,462,447
1799,117,109
1799,97,96
1791,444,354
1791,379,359
1792,421,398
1820,259,226
1820,50,46
1820,499,452
1820,276,240
1821,439,398
1821,531,481
1821,98,85
1821,676,608
1821,334,298
1821,475,435
1821,331,295
1821,255,222
1821,289,265
1821,76,69
1821,187,171
1821,149,135
1821,143,135
1821,234,204
1822,442,400
1822,566,513
1822,149,135
1822,239,208
1822,124,117
1823,423,383
1823,127,116
1823,33,29
1823,292,244
1823,326,284
1823,544,498
1823,233,213
1823,171,143
1823,254,233
1823,265,231
1823,319,278
1823,425,385
1824,488,442
1824,250,218
1824,109,100
1824,273,238
1825,582,519
1825,513,470
1825,88,77
1825,516,473
1825,167,158
1825,333,290
1825,337,301
1826,521,472
1826,140,117
1814,211,188
1814,390,353
1815,239,
1815,183,160
1815,183,160
1815,390,353
1815,390,353
1815,239,217
1815,183,160
1815,183,160
1815,390,353
1815,310,279
1815,390,353
1815,390,353
1815,390,353
1815,239,217
1815,390,353
1815,183,160
1815,345,301
1815,239,217
1816,390,353
1816,239,217
1816,183,160
1816,239,217
1816,390,353
1816,390,353
1816,183,160
1816,390,353
1819,680,300
1821,439,378
1831,25,23
1622,359,287
1622,359,287
1623,359,287
1623,359,287
1625,359,287
1623,359,287
1621,359,287
1620,359,287
1625,359,287
1619,359,287
1621,359,287
1621,359,287
1622,359,287
1622,359,287
1650,325,259
1624,359,287
1623,359,287
1638,359,287
1618,359,287
1621,359,287
1625,359,287
1619,359,287
1623,359,287
1624,359,287
1618,359,287
1620,359,287
1619,359,287
1602,400,320
1617,359,287
1602,304,243
1602,359,287
1621,359,287
1638,359,287
1603,359,287
1603,359,287
1619,359,287
1622,359,287
1621,359,287
1619,359,287
1619,359,287
1621,359,287
1621,224,166
1638,359,287
1604,359,287
1604,359,287
1613,338,270
1614,359,287
1615,359,287
1639,359,287
1619,359,287
1622,359,287
1654,325,259
1794,67,62
1794,160,132
1798,97,80
1805,73,61
1795,115,114
1798,71,59
1799,119,98
1799,162,134
1799,132,109
1799,63,52
1799,42,37
1811,287,250
1805,94,82
1805,87,77
1805,56,46
1806,118,97
1806,77,67
1806,76,64
1809,153,134
1794,154,127
1811,297,267
1811,39,35
1811,183,160
1811,175,152
1811,129,114
1811,208,181
1811,48,43
1799,105,93
1799,72,59
1799,95,78
1800,52,43
1800,109,90
1800,91,75
1800,69,57
1800,197,162
1801,307,265
1800,81,67
1801,113,99
1801,175,153
1801,98,80
1810,84,69
1801,91,80
1719,118,105
1831,691,565
1716,406,356
1753,316,284
1793,363,336
1797,363,336
1810,492,412
1812,492,412
1816,390,353
1816,390,353
1816,119,100
1816,390,353
1818,333,305
1819,390,353
1833,345,301
1840,490,444
1841,490,444
1574,56,48
1575,332,284
1792,474,427
1791,354,324
1793,129,129
1793,353,324
1793,258,230
1793,359,328
1793,113,105
1794,353,324
1794,,
1698,406,356
1793,209,205
1794,271,251
1795,386,351
1795,386,351
1795,386,351
1795,386,351
1795,353,324
1795,258,230
1795,353,324
1796,363,336
1796,353,324
1796,353,324
1797,310,262
1797,258,230
1797,271,251
1799,364,336
1797,359,328
1798,70,58
1789,460,437
1799,113,105
1799,271,251
1800,271,251
1783,271,251
1783,331,305
1783,39,36
1783,353,324
1800,363,336
1816,273,250
1820,390,353
1801,273,250
1766,316,284
1765,5,5
1679,388,357
1694,388,357
1703,357,319
1708,742,648
1718,83,76
1718,388,357
1718,59,54
1718,92,84
1719,86,79
1719,143,132
1719,79,72
1719,388,357
1719,138,127
1719,94,86
1720,388,357
1720,51,47
1720,388,357
1720,388,357
1720,73,67
1720,156,144
1720,80,74
1720,388,357
1720,388,357
1720,388,357
1720,388,357
1721,73,67
1721,388,357
1721,388,357
1721,388,357
1721,388,357
1721,85,78
1722,388,357
1721,388,357
1722,388,357
1721,388,357
1722,388,357
1722,388,357
1722,388,357
1722,206,190
1722,388,357
1722,388,357
1722,212,194
1722,388,357
1722,86,79
1723,388,357
1723,388,357
1723,388,357
1723,388,357
1723,388,357
1723,388,357
1723,388,357
1723,388,357
1723,465,403
1724,388,357
1724,388,357
1724,388,357
1724,388,357
1724,388,357
1724,388,357
1725,388,357
1725,388,357
1725,388,357
1725,388,357
1725,388,357
1725,388,357
1725,388,357
1725,388,357
1725,388,357
1725,388,357
1725,388,357
1725,289,259
1725,388,357
1725,388,357
1725,301,272
1725,388,357
1725,388,357
1726,465,403
1726,388,357
1726,388,357
1726,388,357
1726,250,230
1726,388,357
1726,388,357
1726,250,230
1726,240,221
1726,388,357
1726,388,357
1726,301,272
1726,388,357
1726,388,357
1727,388,357
1727,171,157
1727,388,357
1727,388,357
1727,75,69
1727,388,357
1727,388,357
1727,388,357
1727,388,357
1727,388,357
1727,388,357
1727,388,357
1727,388,357
1727,388,357
1727,388,357
1727,388,357
1727,51,47
1727,166,153
1727,301,272
1728,465,403
1728,388,357
1728,388,357
1728,388,357
1728,99,91
1728,68,59
1728,388,357
1728,388,357
1728,121,118
1729,388,357
1729,388,357
1729,388,357
1729,388,357
1729,388,357
1729,388,357
1729,388,357
1729,388,357
1729,388,357
1729,388,357
1729,388,357
1729,388,357
1729,388,357
1730,388,357
1730,113,104
1730,388,357
1730,388,357
1730,388,357
1730,388,357
1730,388,357
1730,388,357
1730,388,357
1731,388,357
1731,388,357
1731,388,357
1731,31,29
1732,388,357
1732,388,357
1732,388,357
1732,388,357
1733,388,357
1733,388,357
1733,492,412
1733,388,357
1733,388,357
1733,388,357
1756,130,115
1755,226,200
1757,210,180
1758,180,152
1755,102,92
1754,230,197
1756,409,350
1758,463,396
1755,331,270
1756,400,385
1758,352,287
1760,368,300
1762,355,290
1755,478,390
1757,446,364
1755,370,302
1761,230,197
1754,83,65
1755,115,90
1756,131,116
1755,113,97
1758,270,243
1755,83,65
1756,208,170
1760,190,95
1755,269,165
1754,352,287
1756,138,118
1754,102,92
1755,230,197
1756,148,127
1757,230,197
1756,316,260
1756,338,294
1755,124,103
1757,148,131
1755,29,26
1757,124,110
1758,148,131
1759,103,91
1755,352,287
1755,490,400
1757,537,438
1759,352,287
1760,352,288
1755,355,290
1757,446,364
1759,438,357
1760,480,392
1762,393,321
1757,324,277
1758,235,172
1756,250,217
1755,167,145
1756,243,211
1758,317,271
1759,223,191
1761,148,127
1756,417,344
1756,352,288
1755,230,197
1756,244,209
1756,327,267
1756,306,250
1740,331,283
1744,289,240
1752,276,209
1755,264,200
1755,171,151
1756,100,104
1756,150,128
1759,83,65
1756,40,31
1758,166,133
1756,449,390
1756,50,39
1756,298,255
1760,282,250
1761,250,222
1756,148,131
1756,230,197
1757,230,197
1758,180,161
1760,180,154
1756,55,43
1757,299,256
1756,230,197
1757,144,120
1758,,
1757,283,231
1756,453,370
1758,382,312
1759,352,287
1761,352,287
1762,352,287
1764,355,290
1765,352,287
1757,400,326
1757,180,160
1757,,
1757,429,350
1758,419,381
1757,230,197
1757,352,288
1757,230,197
1756,70,62
1756,83,65
1755,42,33
1757,340,291
1760,238,204
1757,50,40
1756,250,214
1756,50,43
1756,83,65
1757,148,127
1756,45,40
1757,352,
1756,357,306
1759,230,197
1761,230,197
1757,70,
1757,210,180
1758,460,375
1759,353,288
1757,,
1758,629,513
1758,674,550
1757,171,151
1758,228,186
1760,235,155
1760,336,288
1760,228,128
1757,170,151
1758,466,380
1759,352,287
1761,700,170
1757,700,599
1757,98,87
1757,,
1758,530,490
1759,797,650
1761,352,287
1757,230,197
1758,219,179
1758,232,199
1758,936,764
1760,632,516
1757,230,197
1758,180,160
1759,214,190
1758,837,683
1758,203,201
1759,250,214
1760,230,197
1758,255,218
1758,290,252
1760,240,205
1758,145,118
1757,,
1758,504,411
1759,377,308
1761,404,330
1758,396,323
1761,257,210
1759,312,287
1761,340,321
1759,434,354
1760,352,287
1760,227,201
1760,148,131
1759,140,130
1760,230,197
1761,230,197
1758,,
1758,,
1761,230,197
1765,270,220
1758,364,323
1758,,
1760,153,136
1763,154,140
1764,148,131
1758,230,197
1758,74,59
1758,271,232
1759,328,330
1758,352,287
1759,160,130
1759,158,140
1760,135,120
1759,359,293
1760,300,280
1762,322,263
1760,352,287
1759,80,71
1759,270,190
1760,103,91
1760,90,
1759,352,287
1759,104,104
1758,60,53
1758,139,123
1759,460,400
1760,352,287
1759,120,122
1759,,
1758,230,197
1760,230,197
1764,250,214
1766,339,290
1758,230,197
1758,328,268
1761,141,115
1758,334,279
1761,322,122
1759,119,100
1759,280,242
1761,417,340
1762,404,330
1758,230,197
1760,402,333
1759,230,197
1759,390,318
1761,547,446
1762,496,405
1759,180,205
1761,168,137
1759,110,98
1759,368,300
1759,352,288
1760,46,41
1759,99,88
1761,85,75
1760,321,275
1759,327,280
1761,299,258
1763,304,260
1760,352,288
1759,,
1759,301,270
1761,230,197
1763,368,315
1765,347,297
1767,220,268
1759,148,131
1760,127,113
1761,148,131
1760,352,288
1760,242,207
1760,640,522
1760,352,287
1760,263,225
1762,280,240
1759,,
1760,472,385
1761,331,270
1762,442,361
1763,500,410
1766,620,506
1769,368,300
1760,230,197
1760,650,530
1760,429,350
1761,500,408
1760,444,362
1760,280,240
1760,248,212
1761,230,197
1762,230,197
1763,230,197
1765,222,190
1766,249,183
1768,269,230
1769,313,268
1761,164,140
1761,230,
1760,255,208
1760,101,90
1761,148,131
1762,,
1760,360,360
1762,423,345
1760,700,682
1761,352,287
1760,128,115
1761,360,355
1762,371,350
1760,214,190
1762,125,111
1761,148,131
1759,148,
1761,700,400
1762,500,408
1760,354,208
1759,230,197
1760,,
1761,230,197
1761,179,159
1761,,
1760,352,288
1760,,
1761,371,264
1763,354,289
1760,,
1761,,
1762,304,270
1764,234,208
1761,352,288
1761,172,147
1761,83,65
1762,339,277
1761,193,165
1760,474,387
1761,429,350
1761,413,337
1762,352,288
1761,169,150
1762,298,255
1760,115,104
1761,230,197
1760,600,490
1761,160,117
1761,230,197
1760,230,197
1761,174,154
1762,148,131
1760,148,131
1761,230,197
1761,225,200
1761,148,131
1761,352,287
1761,192,170
1762,124,110
1760,83,65
1761,352,287
1755,192,157
1757,168,137
1758,147,120
1761,132,117
1761,169,150
1761,202,168
1760,148,131
1761,352,287
1763,741,605
1761,176,158
1761,102,92
1761,148,131
1761,148,131
1761,352,287
1763,441,360
1761,352,287
1761,83,65
1762,83,
1760,352,288
1761,184,150
1762,352,287
1764,225,184
1762,343,280
1763,423,345
1765,392,320
1760,203,180
1761,520,
1761,,
1762,170,139
1762,148,131
1761,278,238
1763,220,240
1763,290,248
1765,254,217
1761,124,110
1762,116,103
1763,76,67
1764,313,278
1765,148,131
1762,375,372
1763,333,285
1762,331,270
1764,335,273
1765,352,
1761,270,231
1762,352,287
1761,352,287
1762,319,260
1761,352,287
1762,352,287
1762,310,265
1763,304,260
1762,167,136
1761,148,131
1762,,
1762,147,130
1763,147,130
1761,,
1761,230,197
1761,190,163
1762,217,186
1761,352,288
1761,352,288
1762,130,106
1761,102,92
1762,230,197
1763,230,197
1765,280,240
1765,331,283
1767,269,230
1768,279,209
1769,234,200
1770,245,210
1763,638,521
1761,138,124
1762,175,150
1763,79,70
1762,250,222
1764,148,131
1763,404,330
1764,294,240
1762,316,258
1764,306,250
1763,466,380
1765,564,460
1762,137,117
1765,199,196
1766,275,225
1762,230,197
1765,234,213
1763,,
1762,263,225
1764,300,310
1763,352,287
1763,154,132
1764,230,197
1762,83,65
1762,375,175
1765,,
1763,352,287
1762,148,131
1763,304,270
1764,148,131
1765,148,131
1763,204,200
1764,246,211
1766,225,219
1763,277,237
1764,199,170
1762,148,131
1763,103,91
1762,102,92
1763,478,390
1764,371,303
1766,350,270
1764,169,150
1764,,
1764,229,187
1763,210,180
1763,360,350
1764,350,375
1763,453,370
1763,218,187
1762,,
1763,199,170
1764,187,160
1766,210,180
1763,340,282
1765,304,280
1766,300,245
1763,148,131
1764,350,291
1763,580,473
1763,352,287
1764,306,250
1767,147,120
1763,352,287
1762,171,151
1765,75,67
1763,450,410
1766,270,299
1764,245,210
1763,352,288
1764,358,292
1766,250,220
1771,325,265
1771,368,300
1772,343,280
1773,224,183
1764,190,174
1766,240,170
1764,169,150
1764,253,228
1765,333,300
1764,422,344
1766,376,317
1768,380,355
1770,346,282
1771,352,287
1764,222,190
1766,227,194
1764,113,92
1764,133,118
1765,176,156
1765,417,340
1763,164,140
1765,73,57
1763,148,131
1764,269,230
1765,148,131
1764,636,519
1766,450,30
1764,205,182
1766,238,197
1768,214,190
1769,198,176
1765,392,320
1765,286,245
1767,264,226
1765,299,286
1763,165,146
1764,148,131
1764,53,47
1764,254,217
1765,243,208
1766,230,197
1768,299,256
1764,206,183
1764,106,103
1764,148,131
1765,148,131
1766,124,110
1764,144,128
1763,148,131
1765,148,131
1766,137,117
1768,175,133
1769,116,103
1767,14,12
1764,442,361
1766,306,250
1768,515,420
1769,500,
1764,222,190
1763,102,92
1765,102,92
1767,102,92
1763,148,131
1764,205,167
1764,200,177
1765,186,173
1766,205,182
1768,177,157
1764,417,340
1764,365,324
1765,410,364
1763,230,197
1765,241,206
1767,211,202
1763,148,131
1765,203,180
1764,368,300
1766,476,474
1767,404,330
1764,182,161
1765,169,150
1763,,
1764,377,308
1766,347,283
1763,336,230
1763,148,131
1766,130,108
1765,79,70
1764,234,200
1764,147,120
1763,190,
1764,352,287
1764,50,39
1769,79,50
1765,200,240
1764,527,430
1766,380,310
1765,332,212
1766,109,98
1769,140,126
1766,106,78
1764,101,90
1765,101,90
1765,23,20
1765,230,197
1766,123,100
1765,222,190
1767,83,65
1767,83,65
1766,200,180
1766,319,283
1764,417,340
1764,335,230
1766,265,165
1768,240,205
1764,422,344
1766,439,358
1764,404,330
1765,510,430
1766,390,28
1764,208,170
1765,139,123
1766,129,114
1765,330,293
1765,104,92
1767,110,106
1765,175,150
1764,171,151
1767,159,141
1768,154,153
1769,169,150
1765,192,177
1766,200,193
1768,220,219
1768,207,200
1771,336,288
1773,230,197
1774,230,197
1776,328,302
1777,337,311
1765,331,283
1766,210,111
1771,315,270
1764,197,169
1766,276,236
1765,304,296
1766,357,296
1768,331,270
1765,273,234
1765,283,251
1766,401,327
1767,453,370
1768,352,287
1769,410,377
1770,,
1766,200,250
1765,192,170
1767,271,240
1768,135,120
1770,124,110
1765,141,125
1765,225,184
1767,283,231
1765,170,151
1767,190,160
1769,280,193
1764,83,65
1766,429,350
1764,192,170
1766,200,193
1768,192,170
1764,230,197
1764,,
1766,148,131
1764,148,131
1768,148,131
1771,35,31
1765,77,68
1767,127,111
1769,143,127
1766,161,96
1766,180,198
1765,270,220
1767,383,333
1769,267,218
1770,342,279
1766,169,150
1768,144,128
1766,148,131
1766,352,287
1765,190,163
1767,234,200
1765,192,164
1766,364,312
1767,329,309
1768,325,278
1769,333,285
1771,290,248
1772,338,289
1774,350,300
1775,280,240
1766,319,260
1766,306,250
1767,380,310
1766,230,197
1767,230,197
1766,346,282
1766,428,349
1767,441,360
1768,352,287
1766,123,100
1767,352,287
1766,204,175
1767,184,154
1766,303,213
1766,138,118
1768,230,197
1766,164,140
1768,230,197
1766,425,336
1766,152,130
1766,323,283
1765,,
1765,348,
1766,139,123
1767,171,152
1768,131,116
1766,382,340
1766,92,82
1766,186,159
1766,230,197
1768,143,112
1765,148,
1766,390,318
1758,326,269
1766,402,328
1768,262,214
1771,257,210
1769,72,60
1766,81,72
1766,284,252
1770,352,287
1766,109,101
1767,331,283
1766,211,172
1775,640,522
1767,380,255
1766,461,297
1769,290,237
1766,377,364
1766,194,192
1768,222,190
1766,377,308
1769,245,200
1766,394,308
1767,447,365
1768,392,320
1769,233,190
1767,299,279
1766,69,61
1766,421,400
1767,521,425
1768,356,356
1766,210,180
1767,352,287
1767,275,235
1767,241,206
1767,362,295
1768,279,228
1769,411,335
1770,446,364
1767,55,49
1767,332,284
1767,289,196
1766,83,65
1767,264,180
1769,270,220
1770,479,391
1767,160,154
1769,171,151
1770,171,151
1767,300,275
1767,440,359
1768,506,340
1767,176,156
1769,143,127
1770,282,250
1767,234,230
1769,330,243
1767,83,65
1767,157,134
1767,124,110
1766,83,
1767,219,214
1766,83,65
1767,296,283
1769,294,240
1770,291,287
1771,245,200
1768,119,97
1767,83,65
1767,161,138
1767,60,48
1767,355,290
1769,417,340
1770,412,336
1770,381,311
1772,490,400
1775,288,235
1768,344,281
1769,293,239
1770,352,
1768,288,235
1769,240,229
1768,311,254
1769,248,202
1771,270,220
1768,116,103
1767,344,268
1768,241,214
1768,352,287
1767,468,440
1768,405,340
1769,495,449
1767,195,169
1769,229,196
1770,230,197
1768,368,300
1769,337,275
1767,449,366
1769,368,300
1770,417,340
1771,490,400
1772,380,310
1773,290,237
1774,453,370
1768,470,250
1768,265,216
1769,352,287
1768,311,261
1767,426,348
1768,370,280
1768,400,360
1768,230,219
1769,289,236
1771,336,274
1768,141,121
1768,325,324
1770,417,340
1771,407,332
1768,101,90
1769,184,163
1769,195,170
1769,171,151
1767,,
1768,172,140
1768,101,90
1768,120,100
1768,240,246
1767,,
1771,178,152
1772,288,250
1767,83,65
1767,230,197
1768,231,230
1768,406,360
1769,227,185
1768,234,200
1770,164,140
1772,239,205
1768,380,250
1767,83,65
1768,148,131
1768,148,131
1768,96,96
1768,254,225
1770,157,139
1767,,
1767,60,60
1768,83,65
1769,169,150
1768,304,260
1768,331,270
1769,230,197
1769,296,280
1768,230,197
1768,169,150
1769,326,266
1770,338,295
1771,348,284
1769,147,130
1769,160,80
1769,240,213
1769,148,127
1768,271,232
1769,140,120
1769,310,325
1768,338,276
1768,102,92
1769,355,317
1770,272,233
1771,371,318
1768,352,287
1770,466,380
1770,440,423
1772,490,400
1768,331,270
1770,417,340
1770,352,287
1769,327,280
1770,280,240
1771,254,217
1774,230,197
1769,201,154
1770,225,200
1771,113,100
1773,60,53
1775,148,131
1769,134,133
1770,131,112
1769,152,130
1770,166,144
1769,346,296
1770,409,350
1771,340,291
1773,230,197
1775,304,260
1769,447,200
1769,146,125
1769,102,92
1771,44,40
1773,42,38
1769,218,178
1769,266,262
1770,345,295
1769,343,280
1768,190,171
1768,83,65
1768,132,
1768,83,65
1769,144,128
1768,148,131
1769,145,124
1770,233,190
1771,349,285
1769,128,100
1769,270,220
1770,352,287
1772,345,281
1768,230,197
1769,269,230
1778,247,222
1770,352,287
1772,460,380
1770,64,55
1770,203,180
1769,283,242
1769,490,400
1770,400,326
1771,569,464
1772,447,365
1770,77,60
1770,350,335
1771,294,240
1774,352,287
1775,430,410
1770,148,131
1770,148,131
1769,338,261
1771,347,283
1773,352,287
1775,352,287
1776,420,385
1769,171,151
1770,,
1769,83,65
1771,207,169
1771,326,266
1772,352,287
1770,114,89
1770,368,300
1772,386,200
1769,,
1769,362,295
1769,453,370
1771,494,403
1770,99,77
1769,230,197
1769,471,384
1770,534,436
1772,480,392
1773,303,247
1774,352,287
1775,352,287
1769,163,145
1769,263,225
1770,276,240
1770,322,263
1771,407,332
1771,352,287
1774,196,160
1770,566,290
1770,309,192
1770,234,200
1771,211,181
1769,224,223
1771,270,220
1771,245,200
1770,342,279
1769,180,177
1770,230,197
1771,230,197
1773,146,125
1775,280,240
1776,240,199
1770,256,219
1770,360,294
1769,,
1770,441,360
1770,352,287
1747,365,303
1745,209,185
1746,371,308
1746,310,254
1746,421,360
1746,406,346
1746,271,217
1747,382,317
1747,390,324
1747,271,217
1747,208,173
1747,433,360
1747,557,463
1747,421,350
1747,779,629
1746,271,217
1747,499,400
1747,196,
1747,354,287
1747,271,217
1748,506,420
1747,240,197
1748,265,215
1747,271,217
1747,349,269
1747,236,191
1748,247,200
1747,,
1748,449,373
1748,271,217
1748,524,384
1748,179,169
1748,332,269
1748,260,161
1748,276,209
1748,273,241
1748,406,226
1747,276,209
1747,,
1748,239,194
1747,400,
1748,398,331
1747,171,161
1748,276,209
1748,370,300
1747,345,280
1747,386,351
1748,331,268
1748,439,365
1749,222,180
1749,488,405
1749,226,185
1748,,
1749,331,268
1749,276,209
1749,276,209
1749,276,209
1748,247,200
1749,484,440
1749,410,332
1749,409,340
1749,309,273
1749,295,252
1748,271,217
1749,259,210
1748,330,140
1749,308,280
1749,276,209
1748,271,217
1749,332,284
1749,294,260
1749,566,470
1749,294,260
1749,367,313
1748,370,320
1750,361,319
1749,416,356
1748,360,292
1749,392,335
1750,341,280
1749,276,209
1750,222,196
1749,276,209
1749,337,280
1749,,
1750,276,
1749,386,351
1750,237,209
1750,506,384
1750,276,209
1750,187,153
1750,276,209
1749,276,209
1750,276,209
1750,183,162
1750,276,209
1749,271,217
1750,276,209
1749,273,236
1750,276,209
1750,276,244
1750,276,209
1749,184,140
1749,276,209
1750,374,342
1750,276,209
1750,214,189
1749,273,236
1750,271,217
1751,276,209
1750,276,209
1750,276,
1751,261,230
1750,356,288
1750,271,217
1751,400,249
1751,276,209
1751,276,209
1751,434,383
1750,400,260
1751,333,293
1751,276,209
1750,271,217
1751,276,209
1751,276,209
1751,273,236
1751,49,44
1752,380,350
1751,493,402
1751,362,295
1752,304,260
1752,294,240
1752,250,214
1751,283,215
1752,328,285
1752,211,160
1752,395,300
1752,329,250
1752,220,218
1752,369,336
1752,334,273
1751,276,209
1751,276,209
1752,196,174
1751,275,245
1752,215,184
1751,250,208
1752,230,160
1751,161,140
1752,261,223
1752,300,285
1751,372,327
1753,359,293
1752,433,233
1752,200,165
1752,220,225
1752,223,182
1753,250,208
1753,276,209
1753,232,189
1752,224,195
1753,273,236
1753,391,319
1753,383,350
1752,329,250
1753,190,170
1753,260,256
1753,328,249
1753,250,208
1753,250,208
1753,337,275
1753,352,320
1753,339,277
1753,310,253
1752,420,317
1753,225,193
1753,386,351
1752,390,296
1753,244,212
1753,100,89
1753,359,293
1754,280,240
1753,380,310
1753,207,180
1754,250,227
1754,292,250
1754,295,241
1753,250,208
1754,292,250
1754,320,315
1754,225,193
1754,208,180
1753,250,208
1754,154,133
1754,282,230
1754,387,316
1754,198,150
1754,289,247
1754,365,298
1753,368,300
1754,250,208
1754,336,272
1753,250,208
1754,240,200
1754,276,209
1754,250,208
1753,352,306
1754,342,279
1755,343,280
1755,257,220
1755,256,219
1754,260,212
1754,273,236
1755,196,174
1755,390,270
1755,242,210
1755,324,280
1755,135,130
1754,276,209
1755,276,209
1755,385,314
1755,276,209
1755,224,170
1754,270,231
1755,53,41
1754,208,200
1755,276,251
1755,306,262
1755,327,267
1755,330,269
1754,276,
1755,276,209
1754,173,148
1755,312,267
1755,114,90
1756,395,300
1756,358,300
1756,383,328
1755,250,208
1755,369,301
1755,250,209
1755,257,223
1756,198,150
1755,276,209
1755,250,208
1756,268,223
1756,256,222
1756,326,266
1755,160,160
1756,284,247
1756,399,326
1755,120,106
1756,352,287
1757,251,215
1756,250,208
1756,250,209
1757,360,311
1757,400,346
1757,350,266
1756,504,411
1757,352,287
1756,250,209
1757,250,208
1756,250,208
1757,276,209
1757,371,318
1756,289,250
1757,345,295
1756,230,197
1756,180,154
1757,438,375
1758,331,283
1758,198,
1758,300,262
1758,425,354
1757,200,177
1758,414,377
1757,,
1758,205,160
1758,220,240
1759,293,251
1758,250,208
1758,220,183
1759,549,500
1759,245,212
1758,336,288
1759,658,599
1759,150,122
1758,250,209
1758,329,250
1759,250,208
1759,479,365
1759,286,238
1758,276,209
1758,527,400
1758,,
1759,250,208
1759,250,208
1760,225,220
1760,386,351
1760,290,220
1759,75,66
1761,500,357
1760,329,230
1760,341,310
1760,440,359
1759,474,360
1759,230,199
1759,,
1759,330,285
1760,442,361
1759,292,252
1759,250,209
1759,250,181
1759,491,409
1760,330,292
1759,,
1760,525,428
1760,183,157
1760,656,597
1759,92,70
1760,199,166
1760,200,152
1759,486,420
1761,196,163
1761,145,110
1761,387,350
1760,68,59
1761,593,450
1761,580,440
1760,250,209
1761,340,294
1761,270,250
1761,263,215
1760,276,209
1760,367,
1761,250,208
1760,659,500
1761,85,73
1761,244,211
1761,220,190
1760,204,170
1761,386,351
1761,315,239
1761,507,385
1761,276,209
1760,491,420
1761,292,250
1760,250,209
1762,368,300
1762,450,392
1761,460,
1761,,
1762,282,230
1761,225,200
1762,627,512
1762,368,300
1762,539,440
1761,276,209
1761,349,285
1761,273,236
1762,444,370
1761,395,300
1762,159,130
1761,567,463
1762,395,300
1762,176,151
1763,331,270
1762,,
1762,250,209
1763,437,332
1763,438,394
1763,293,239
1763,83,65
1762,250,209
1763,276,209
1762,,
1763,209,185
1763,167,127
1763,276,209
1763,276,209
1762,500,
1762,250,190
1763,260,307
1762,211,160
1764,273,220
1764,446,364
1764,450,391
1764,340,258
1764,116,103
1764,150,130
1764,226,204
1764,650,530
1763,588,535
1764,250,208
1764,386,351
1764,255,218
1763,516,421
1764,580,480
1764,276,209
1763,608,496
1763,276,209
1764,219,180
1764,276,209
1763,250,208
1764,300,252
1764,320,473
1764,303,247
1764,420,350
1764,400,350
1764,230,197
1763,276,209
1764,363,330
1764,276,209
1763,276,209
1763,565,461
1764,152,127
1764,249,203
1764,429,390
1765,200,190
1766,300,259
1765,56,50
1765,441,360
1765,250,208
1765,226,204
1765,250,208
1765,250,208
1764,169,150
1766,294,240
1765,613,500
1765,290,220
1764,450,400
1764,367,
1765,461,350
1766,512,418
1764,169,150
1765,75,64
1764,169,150
1764,196,
1764,250,208
1765,412,336
1765,280,261
1765,138,113
1765,354,289
1765,196,174
1766,58,44
1764,281,213
1765,343,280
1765,280,290
1765,196,174
1764,276,209
1765,41,31
1765,225,193
1765,501,380
1765,250,208
1765,276,209
1766,380,310
1766,124,110
1766,64,50
1766,276,209
1766,496,405
1766,158,132
1765,250,208
1766,84,70
1765,124,103
1767,250,208
1766,276,209
1765,276,209
1765,246,187
1766,75,67
1765,169,150
1766,180,160
1765,415,315
1766,384,320
1766,564,460
1765,581,441
1767,53,48
1766,273,236
1766,499,362
1766,250,208
1766,60,50
1767,353,288
1767,276,209
1766,276,209
1767,386,351
1766,169,
1767,399,345
1767,276,209
1766,273,236
1767,330,250
1767,386,351
1766,315,257
1767,275,235
1766,250,208
1767,276,209
1767,66,58
1768,238,207
1767,276,209
1767,276,209
1767,276,209
1767,306,250
1767,272,222
1766,250,208
1766,276,209
1767,250,209
1767,449,341
1767,100,82
1768,230,197
1769,417,340
1768,233,190
1768,276,209
1768,275,250
1768,250,209
1767,276,209
1768,285,262
1767,276,209
1768,593,450
1767,196,174
1767,196,174
1768,313,268
1767,259,230
1768,390,370
1767,300,
1768,230,197
1767,276,209
1768,169,150
1768,171,151
1767,250,208
1768,310,262
1769,287,234
1769,352,287
1768,250,208
1769,386,351
1770,231,200
1769,250,208
1769,49,41
1768,250,208
1768,250,208
1769,158,140
1769,250,208
1768,276,
1768,88,73
1769,273,236
1769,207,157
1768,250,208
1769,250,208
1769,294,252
1769,270,205
1768,171,151
1769,276,209
1768,433,329
1770,276,209
1769,150,125
1769,276,209
1770,298,257
1770,386,351
1770,250,208
1769,250,208
1770,527,400
1770,250,208
1769,296,262
1769,198,165
1770,276,209
1769,240,200
1770,129,110
1770,319,276
1769,276,209
1769,250,208
1770,235,178
1770,184,160
1769,196,174
1770,142,118
1769,350,292
1769,150,150
1770,273,236
1770,273,236
1770,250,208
1770,311,236
1770,352,287
1757,250,240
1762,447,383
1770,276,209
1771,308,280
1770,250,208
1770,,
1771,250,208
1771,250,208
1771,250,208
1770,250,208
1771,276,209
1771,276,209
1771,386,351
1770,,
1771,230,197
1771,250,208
1770,169,150
1770,276,209
1771,300,259
1771,352,287
1771,250,208
1771,230,197
1770,352,287
1771,352,287
1770,,
1771,273,236
1771,171,151
1771,196,174
1771,152,115
1772,250,208
1771,250,208
1772,250,208
1772,313,285
1772,250,208
1771,250,208
1772,250,208
1772,250,208
1771,153,133
1772,296,256
1772,334,304
1772,276,209
1772,250,208
1772,250,208
1771,352,287
1772,276,209
1771,250,208
1772,250,208
1773,276,209
1772,276,209
1772,250,208
1771,352,287
1772,551,450
1771,250,208
1772,230,200
1771,275,255
1773,228,190
1772,250,208
1772,250,209
1772,250,208
1773,260,237
1773,250,208
1773,250,208
1773,250,208
1773,250,208
1773,192,170
1773,174,132
1773,250,208
1773,250,208
1773,250,208
1773,278,253
1772,340,258
1772,30,
1773,313,270
1773,368,300
1774,273,236
1773,250,208
1773,352,287
1773,250,208
1773,386,351
1772,343,280
1773,394,340
1773,250,208
1774,250,208
1774,54,49
1773,175,150
1774,150,128
1774,230,197
1773,250,208
1775,350,300
1774,435,376
1774,250,208
1774,250,208
1773,,
1774,97,86
1774,325,296
1774,250,208
1773,386,351
1774,487,370
1773,169,150
1773,171,151
1774,347,300
1774,250,208
1774,273,236
1773,305,268
1775,293,244
1775,250,208
1774,250,208
1774,551,459
1775,400,326
1775,230,197
1774,500,380
1775,380,310
1774,250,208
1774,110,96
1775,250,208
1775,230,197
1775,273,236
1775,352,287
1774,,
1774,369,307
1775,322,263
1774,250,208
1774,461,350
1774,250,208
1776,359,328
1775,65,51
1776,214,197
1776,403,396
1775,352,287
1775,450,367
1775,615,502
1775,352,287
1776,214,197
1776,359,328
1776,359,328
1775,420,343
1776,214,197
1776,300,277
1776,359,328
1776,359,328
1776,330,310
1777,113,105
1776,210,195
1776,214,198
1776,,
1776,,
1776,355,325
1777,370,359
1777,214,197
1777,490,449
1777,655,600
1776,356,326
1777,119,93
1778,500,399
1779,163,150
1778,430,391
1781,420,385
1780,,
1781,250,229
1781,210,195
1782,240,230
1781,323,296
1782,590,500
1783,329,305
1782,310,266
1782,430,
1782,,
1783,225,130
1784,300,220
1784,212,199
1783,432,396
1784,359,328
1784,380,340
1785,400,514
1784,382,350
1783,262,242
1783,276,209
1783,218,200
1784,344,315
1784,359,328
1784,448,410
1784,287,265
1784,415,380
1785,177,162
1784,490,450
1785,306,280
1785,197,180
1785,520,476
1785,232,214
1785,230,150
1785,412,377
1785,489,448
1785,22,18
1785,350,303
1785,214,197
1785,225,213
1785,335,307
1786,360,330
1787,240,220
1785,393,360
1786,218,200
1786,169,102
1785,210,195
1786,437,405
1786,360,330
1785,415,373
1786,163,150
1787,382,350
1787,382,350
1786,414,379
1787,68,53
1787,108,100
1786,459,420
1787,410,401
1787,226,210
1788,284,260
1787,354,324
1789,276,265
1788,359,328
1788,450,412
1787,150,136
1787,359,328
1788,35,35
1788,240,221
1788,169,154
1788,230,202
1787,453,415
1788,109,107
1788,449,330
1787,455,417
1788,105,97
1788,427,355
1788,409,402
1788,248,230
1790,73,68
1789,121,117
1789,320,299
1789,390,241
1789,394,361
1789,408,398
1788,359,328
1789,175,170
1789,381,349
1790,310,284
1790,330,281
1789,151,140
1790,338,310
1790,270,263
1789,283,210
1790,359,328
1790,359,328
1791,377,368
1789,169,150
1790,181,168
1790,72,66
1790,80,74
1789,395,360
1790,256,176
1790,359,328
1789,237,158
1791,262,262
1790,,
1791,316,297
1790,210,189
1791,79,79
1790,291,267
1791,154,152
1791,83,73
1791,764,700
1791,299,271
1791,369,89
1791,80,79
1791,140,136
1791,372,399
1790,426,390
1790,396,363
1791,140,128
1791,336,312
1792,157,132
1790,58,57
1790,249,228
1792,356,352
1791,122,122
1791,279,229
1792,287,253
1791,244,224
1791,146,126
1791,,
1791,243,223
1792,237,223
1792,243,232
1791,,
1792,328,279
1792,70,70
1791,165,158
1791,381,366
1792,359,328
1791,113,105
1791,304,283
1791,359,328
1791,371,284
1792,359,328
1791,231,190
1792,380,223
1791,293,280
1792,333,313
1792,235,221
1793,359,328
1793,330,214
1793,239,220
1792,326,317
1792,248,226
1793,273,266
1792,200,135
1792,232,260
1793,156,118
1793,243,208
1792,240,226
1793,596,558
1793,300,298
1793,400,355
1792,370,353
1793,348,324
1794,416,411
1793,49,45
1794,162,136
1792,159,129
1792,56,
1792,310,266
1793,190,189
1793,400,200
1792,412,392
1793,311,285
1793,70,69
1792,321,216
1793,374,343
1793,382,379
1792,101,101
1793,364,333
1793,154,140
1793,127,124
1793,368,337
1793,219,201
1793,227,208
1793,309,283
1793,350,314
1793,345,316
1793,432,393
1793,461,455
1793,416,372
1793,453,415
1794,413,398
1793,210,195
1793,119,93
1794,411,407
1794,,
1794,,
1794,,
1794,,
1795,420,410
1795,75,74
1794,,
1795,438,401
1794,,
1794,,
1794,181,156
1796,449,411
1796,52,52
1795,119,93
1795,,
1796,337,328
1796,404,398
1796,197,196
1797,359,328
1797,94,87
1798,342,313
1798,402,368
1797,273,236
1798,378,346
1799,276,209
1799,381,349
1800,359,328
1800,348,319
1800,412,375
1799,310,266
1799,,
1801,310,279
1800,359,328
1801,275,247
1802,191,172
1801,310,279
1802,275,247
1803,260,234
1802,310,279
1804,242,218
1803,389,350
1804,269,242
1804,,
1805,393,353
1806,277,249
1806,310,279
1806,310,279
1806,203,203
1807,267,240
1808,374,336
1787,321,300
1788,421,350
1789,49,45
1791,310,311
1791,176,159
1792,211,171
1792,162,136
1794,505,460
1796,415,377
1801,321,294
1795,467,443
1795,534,524
1795,416,401
1795,444,433
1795,420,413
1790,444,400
1790,139,125
1790,279,254
1790,288,262
1790,197,190
1790,274,249
1790,303,296
1790,443,403
1790,386,292
1790,103,94
1790,331,301
1790,332,302
1790,320,291
1790,198,191
1790,290,220
1790,232,211
1790,339,315
1790,386,351
1790,490,372
1790,462,453
1790,294,285
1790,435,364
1791,414,394
1790,426,323
1791,297,270
1790,302,296
1790,316,240
1791,386,351
1791,523,476
1791,37,28
1791,524,450
1791,264,200
1790,397,301
1791,509,434
1791,223,183
1791,296,269
1791,261,198
1791,317,316
1791,330,300
1791,238,214
1791,498,427
1791,402,346
1791,276,209
1791,240,196
1791,290,220
1791,233,212
1791,102,97
1791,262,232
1791,263,250
1791,638,600
1791,245,223
1790,,
1791,549,500
1791,382,380
1792,440,400
1791,403,306
1791,527,400
1791,225,192
1791,442,380
1791,443,336
1791,390,355
1791,321,292
1792,220,200
1792,386,351
1791,190,144
1791,300,255
1792,396,360
1792,379,345
1792,371,338
1791,249,227
1792,386,351
1791,216,200
1791,314,286
1792,218,214
1792,230,198
1791,390,296
1792,258,235
1792,271,206
1792,452,411
1792,336,306
1792,20,18
1792,418,380
1792,56,56
1792,211,192
1792,238,203
1792,187,170
1792,198,150
1792,261,257
1792,335,254
1792,406,405
1792,329,317
1792,183,139
1792,276,209
1792,200,102
1794,310,266
1793,276,209
1792,,
1793,364,331
1793,386,351
1793,241,219
1793,260,210
1793,386,351
1793,136,122
1793,386,351
1793,276,209
1792,,
1792,386,351
1793,122,111
1793,68,58
1793,,
1793,169,150
1794,138,114
1793,276,209
1742,276,209
1742,239,162
1750,386,351
1749,271,217
1750,273,236
1752,250,209
1765,250,208
1783,169,150
1792,226,204
1725,325,306
1725,556,506
1730,156,125
1730,596,477
1732,152,122
1734,123,123
1737,212,212
1736,315,117
1738,302,198
1738,479,384
1739,282,250
1739,71,71
1740,421,337
1740,330,300
1740,271,217
1741,271,217
1740,548,439
1740,367,313
1740,271,217
1741,196,174
1742,386,351
1742,271,217
1741,367,313
1742,271,217
1741,271,217
1741,271,217
1741,202,162
1741,271,217
1742,271,217
1743,495,450
1742,271,217
1743,45,41
1742,271,217
1743,435,410
1744,271,217
1744,312,342
1744,26,21
1744,383,307
1744,658,599
1744,314,286
1744,355,350
1743,271,217
1744,292,252
1749,80,72
1750,211,192
1748,367,313
1748,271,217
1748,271,217
1748,271,217
1750,525,447
1749,271,217
1749,273,236
1750,271,217
1749,271,217
1749,271,217
1750,226,204
1750,367,313
1749,271,217
1750,226,204
1751,207,188
1751,276,209
1750,271,217
1750,408,348
1751,196,174
1752,245,204
1752,152,137
1752,298,248
1752,386,351
1753,250,208
1752,291,242
1753,276,209
1752,430,358
1752,281,234
1752,312,284
1752,250,209
1753,250,208
1753,250,209
1754,389,379
1754,389,380
1755,226,204
1755,244,203
1754,158,132
1754,250,209
1754,281,234
1754,250,209
1755,359,327
1755,174,145
1755,248,207
1764,546,499
1764,152,133
1764,48,43
1765,214,180
1765,59,52
1764,347,310
1765,101,88
1766,128,115
1765,332,
1766,325,281
1765,568,500
1766,167,149
1766,251,221
1767,212,185
1767,350,320
1767,257,208
1767,347,310
1767,208,190
1767,88,80
1767,431,349
1768,339,310
1769,282,258
1769,75,66
1768,247,214
1768,406,370
1768,524,479
1768,293,268
1768,171,153
1768,172,129
1768,100,
1769,332,303
1769,189,165
1768,34,30
1769,462,422
1769,267,244
1769,470,413
1769,483,420
1769,386,236
1769,281,257
1770,300,264
1770,250,177
1770,54,52
1770,210,180
1770,131,109
1770,286,249
1770,209,190
1770,125,104
1770,292,292
1771,454,413
1771,448,382
1771,103,91
1771,418,380
1771,154,137
1772,368,335
1772,319,290
1772,386,351
1772,250,208
1772,225,205
1772,250,208
1772,411,350
1773,270,246
1773,250,208
1772,533,485
1773,418,380
1773,386,351
1773,386,351
1772,250,209
1773,463,421
1773,250,208
1774,385,350
1773,250,209
1774,37,33
1774,59,52
1774,379,345
1773,250,209
1774,250,209
1775,371,338
1774,250,209
1774,409,372
1775,386,351
1775,250,208
1774,,
1775,412,351
1776,169,150
1774,169,150
1775,268,223
1776,527,480
1776,169,150
1775,169,150
1775,169,150
1776,310,266
1776,386,351
1776,386,351
1776,345,314
1776,429,390
1777,386,267
1777,398,362
1776,610,520
1777,440,400
1776,310,266
1777,279,254
1777,540,460
1777,230,197
1777,169,150
1777,386,351
1777,169,150
1778,685,609
1778,445,382
1778,475,432
1778,170,151
1779,766,697
1784,190,173
1784,428,365
1786,330,300
1784,210,180
1784,132,113
1784,288,262
1784,659,600
1784,386,351
1784,648,638
1784,386,267
1785,234,162
1784,451,410
1786,960,810
1784,326,280
1784,302,275
1785,434,300
1784,590,537
1784,154,140
1784,169,150
1785,310,266
1785,608,553
1786,641,550
1785,313,293
1785,350,300
1785,246,238
1785,,
1786,367,313
1786,158,140
1785,169,150
1786,584,531
1785,169,150
1785,169,150
1787,410,283
1786,348,317
1787,552,470
1787,344,293
1786,222,202
1786,64,57
1785,169,150
1786,90,80
1786,97,86
1787,321,222
1787,616,525
1786,78,81
1787,356,308
1787,166,126
1787,174,132
1787,692,630
1787,681,620
1787,578,526
1789,190,131
1787,226,204
1787,440,400
1788,310,266
1787,549,500
1788,264,240
1787,386,351
1788,237,203
1788,434,300
1787,62,55
1788,446,440
1787,154,75
1787,46,41
1788,522,445
1788,342,310
1789,210,145
1789,659,600
1787,88,84
1788,674,574
1788,275,250
1788,29,14
1788,259,236
1789,230,159
1787,62,62
1788,341,310
1789,660,601
1788,104,94
1788,349,318
1788,149,149
1789,203,175
1788,211,182
1789,469,324
1789,359,327
1789,257,234
1789,474,431
1788,65,59
1789,354,322
1790,220,152
1789,,
1789,277,252
1790,258,178
1789,220,200
1790,533,446
1790,279,193
1790,478,330
1789,465,423
1791,521,360
1789,129,114
1789,310,266
1790,637,580
1790,378,261
1790,454,314
1790,386,267
1790,423,385
1790,372,257
1790,449,310
1790,503,458
1790,353,244
1790,289,200
1789,34,29
1790,330,300
1790,127,113
1790,216,187
1790,223,203
1789,83,74
1790,333,284
1790,253,230
1790,363,330
1790,183,157
1790,210,191
1790,510,464
1791,434,300
1791,386,267
1790,270,243
1790,352,320
1790,373,339
1790,327,279
1791,200,160
1790,563,480
1791,503,458
1791,154,140
1790,169,150
1791,402,278
1790,169,150
1790,549,500
1790,410,373
1790,938,854
1791,334,310
1790,169,150
1791,210,180
1791,352,300
1792,220,186
1791,184,158
1790,169,
1791,550,464
1791,97,86
1790,30,30
1791,310,266
1791,,
1792,386,267
1791,113,105
1791,386,351
1792,285,259
1792,226,204
1791,276,209
1792,408,350
1791,310,266
1791,,
1791,310,266
1792,310,266
1791,250,215
1791,310,266
1792,91,81
1792,189,168
1792,386,351
1792,310,266
1792,,
1793,122,105
1792,386,351
1793,415,378
1792,310,266
1792,310,266
1793,51,48
1792,310,266
1793,,
1793,273,236
1710,,
1714,708,597
1714,180,160
1715,326,278
1769,390,276
1771,226,188
1717,35,28
1713,316,241
1715,262,210
1716,270,242
1719,211,169
1723,386,267
1722,237,190
1729,191,153
1735,96,77
1739,217,238
1750,139,113
1750,437,378
1751,160,138
1751,111,59
1754,196,174
1753,250,208
1764,98,87
1763,340,302
1764,109,94
1764,323,291
1764,204,174
1767,127,112
1766,306,269
1765,335,279
1766,300,168
1766,710,646
1766,,
1767,384,320
1769,297,270
1769,352,320
1772,386,351
1773,250,208
1775,103,94
1776,348,317
1776,,
1778,441,401
1778,360,309
1783,,
1784,406,351
1784,110,98
1785,386,351
1785,169,150
1790,300,290
1714,136,125
1715,120,118
1719,161,143
1716,270,257
1716,411,402
1716,260,250
1717,200,200
1718,257,206
1718,260,249
1743,271,217
1750,386,351
1755,347,289
1763,383,345
1763,174,157
1764,400,398
1764,400,370
1765,383,372
1764,333,300
1765,400,386
1765,480,400
1766,353,294
1766,434,391
1767,277,252
1767,514,372
1766,,
1767,398,359
1767,440,390
1768,434,395
1767,416,375
1767,427,385
1767,210,138
1768,272,220
1768,400,360
1768,420,348
1769,322,295
1770,333,277
1770,148,134
1769,320,300
1770,310,258
1770,247,225
1770,372,335
1773,64,50
1772,169,150
1773,158,155
1775,101,90
1775,252,218
1775,276,209
1775,77,66
1776,200,197
1776,220,220
1776,220,220
1777,148,143
1777,123,121
1777,310,266
1777,281,253
1778,261,238
1784,499,482
1783,310,266
1783,310,266
1785,226,204
1783,310,266
1785,323,245
1785,425,409
1786,226,204
1785,276,209
1785,309,240
1786,308,295
1785,430,404
1786,115,102
1786,302,275
1785,169,150
1786,461,450
1787,377,216
1786,276,209
1787,137,117
1787,462,428
1787,212,191
1787,424,318
1787,229,94
1788,85,62
1787,310,266
1788,293,250
1787,380,347
1788,164,108
1788,446,440
1788,524,450
1788,154,117
1789,284,196
1788,617,556
1789,99,88
1789,400,350
1789,37,28
1789,277,252
1789,118,111
1789,143,124
1789,198,170
1790,350,309
1790,298,256
1790,130,123
1790,202,170
1790,128,97
1790,62,47
1790,121,121
1790,432,393
1791,44,38
1790,226,204
1790,310,266
1791,83,74
1792,435,373
1791,141,107
1791,310,266
1792,337,307
1791,386,351
1793,230,207
1791,310,266
1792,207,157
1792,332,269
1791,310,266
1791,310,266
1791,310,266
1792,82,62
1793,310,266
1792,,
1792,310,266
1793,276,209
1792,310,266
1792,310,266
1793,,
1782,386,267
1787,174,120
1790,333,230
1791,333,230
1710,160,160
1711,524,400
1711,242,185
1711,314,245
1714,400,147
1714,296,226
1714,100,76
1714,185,141
1716,300,90
1716,273,219
1716,487,403
1716,164,113
1717,61,61
1718,535,426
1718,129,111
1718,464,298
1719,170,136
1719,163,139
1721,323,294
1720,307,246
1720,383,307
1721,285,228
1721,273,236
1722,237,190
1722,386,351
1722,237,190
1727,184,147
1728,424,361
1729,316,269
1729,592,504
1728,,
1729,273,236
1730,357,347
1730,367,313
1729,271,217
1730,130,104
1731,257,222
1732,367,
1732,386,351
1732,271,217
1733,230,196
1733,400,341
1733,420,358
1733,300,256
1733,271,217
1733,271,217
1733,271,217
1735,370,320
1735,273,236
1734,,
1735,271,217
1735,271,217
1735,271,217
1735,271,217
1735,271,217
1735,271,217
1736,402,327
1736,271,217
1736,271,217
1736,367,313
1736,271,217
1736,367,313
1737,196,169
1738,359,310
1738,351,212
1738,352,300
1738,192,175
1738,426,317
1739,295,251
1737,271,217
1737,273,236
1738,196,174
1739,271,240
1739,271,217
1739,271,217
1739,523,419
1739,333,302
1739,482,411
1739,367,313
1738,271,217
1739,273,236
1739,320,243
1739,304,277
1739,375,324
1740,367,313
1739,271,217
1740,455,403
1740,196,174
1740,260,208
1740,201,161
1739,271,217
1740,231,185
1740,367,313
1739,367,
1740,273,236
1740,271,217
1740,271,217
1741,271,
1740,273,236
1741,271,217
1741,271,217
1741,196,174
1741,196,174
1740,271,217
1740,271,217
1741,271,217
1741,212,170
1740,271,217
1740,271,217
1741,315,254
1740,196,174
1741,273,236
1741,191,165
1740,271,217
1741,307,246
1740,271,217
1741,273,236
1741,355,307
1741,172,149
1741,,
1741,271,217
1741,271,217
1741,271,217
1742,386,351
1742,271,217
1742,341,222
1742,196,174
1741,196,174
1741,271,217
1741,271,217
1741,271,217
1741,271,217
1742,386,351
1742,415,367
1741,196,174
1742,271,217
1742,273,236
1742,386,351
1742,271,217
1742,271,217
1743,196,174
1744,271,217
1742,271,217
1744,271,217
1743,500,426
1744,273,236
1743,271,217
1743,220,190
1743,276,209
1743,386,351
1743,375,300
1744,472,408
1743,271,217
1744,171,137
1744,273,236
1744,273,236
1744,271,217
1744,273,236
1743,,
1744,271,217
1747,271,217
1748,386,351
1749,395,350
1749,150,
1748,271,217
1748,271,217
1749,273,236
1749,437,350
1749,273,236
1749,273,236
1750,386,351
1749,273,236
1749,271,217
1749,271,217
1749,271,217
1749,276,209
1749,271,217
1751,367,313
1749,271,217
1749,271,217
1750,367,313
1750,280,265
1750,367,313
1751,250,208
1750,196,174
1750,271,
1750,271,217
1750,,
1750,576,511
1751,525,443
1752,250,208
1752,367,313
1753,367,313
1752,250,208
1752,250,209
1752,250,208
1753,412,351
1753,367,313
1753,250,208
1754,367,313
1753,367,313
1755,318,271
1755,367,313
1755,250,208
1755,562,511
1755,250,208
1755,203,169
1755,290,247
1754,250,208
1755,277,236
1756,469,400
1755,250,208
1756,318,280
1756,276,209
1755,367,313
1756,540,504
1764,318,306
1765,100,96
1766,360,297
1766,296,286
1766,85,77
1766,322,236
1766,295,258
1766,555,370
1767,270,157
1767,214,201
1767,243,233
1767,196,162
1767,348,290
1769,274,249
1769,233,212
1769,340,324
1769,353,321
1770,402,320
1769,468,399
1769,169,150
1770,131,109
1770,489,445
1771,552,530
1771,331,291
1771,368,335
1771,363,309
1772,348,317
1772,495,413
1772,495,422
1772,60,53
1773,41,37
1772,,
1771,250,208
1771,,
1772,367,313
1772,473,430
1773,534,455
1773,379,324
1773,596,542
1773,424,406
1773,516,430
1774,320,314
1773,250,208
1774,408,384
1775,393,347
1775,419,400
1774,556,474
1774,250,209
1775,423,385
1775,386,351
1775,276,209
1775,334,304
1775,444,415
1775,367,313
1775,469,400
1775,500,455
1776,367,313
1776,493,420
1776,310,266
1776,378,322
1776,599,545
1776,540,460
1776,385,350
1776,367,313
1776,367,313
1776,367,313
1777,367,313
1777,273,233
1777,440,400
1776,694,591
1777,330,300
1777,367,313
1777,367,313
1777,569,518
1777,807,734
1777,387,330
1777,618,562
1778,488,444
1778,487,370
1778,347,296
1778,507,488
1778,329,280
1778,556,506
1778,631,577
1779,446,208
1777,310,266
1778,268,230
1778,412,351
1779,618,570
1781,44,39
1782,169,150
1783,736,730
1783,225,200
1784,420,358
1784,470,403
1784,624,568
1784,392,357
1784,76,67
1783,386,351
1784,376,342
1784,469,400
1784,577,527
1784,203,185
1784,624,568
1784,414,355
1784,548,499
1769,297,277
1769,349,328
1769,448,375
1691,260,230
1691,260,230
1796,300,276
1805,590,546
1769,297,277
1771,212,194
1771,297,277
1771,297,277
1771,297,277
1771,253,224
1773,297,277
1771,311,291
1772,297,277
1772,354,331
1772,293,274
1772,297,277
1772,297,277
1772,521,487
1772,386,351
1773,297,277
1774,349,328
1782,353,324
1784,353,324
1783,354,324
1775,492,412
1809,475,436
1818,530,473
1774,297,277
1774,297,277
1779,364,336
1779,448,375
1779,354,324
1776,363,336
1778,353,324
1780,354,324
1783,258,230
1783,353,324
1783,364,336
1784,258,230
1784,353,324
1784,353,324
1784,353,324
1785,359,328
1785,271,251
1785,353,324
1785,353,324
1785,271,251
1785,353,324
1786,354,324
1787,250,226
1787,359,328
1787,331,305
1787,269,250
1787,287,240
1788,17,14
1788,416,381
1788,353,324
1788,353,324
1788,43,44
1788,43,39
1788,354,324
1790,220,214
1791,59,57
1790,100,86
1791,95,88
1789,244,232
1793,224,209
1789,80,57
1810,273,250
1801,530,473
1801,475,436
1803,390,353
1803,327,321
1805,402,369
1801,183,160
1798,271,251
1786,353,324
1785,353,324
1784,353,324
1783,353,324
1782,353,324
1781,113,105
1781,353,324
1782,92,89
1714,118,105
1712,118,105
1826,449,421
1819,390,353
1814,390,353
1710,244,209
1827,452,420
1820,550,290
1709,260,230
1707,118,105
1812,390,353
1706,260,230
1812,390,353
1817,239,217
1818,530,473
1704,260,230
1817,390,353
1816,390,353
1823,390,353
1812,390,353
1822,390,353
1819,310,
1701,260,230
1810,390,353
1813,390,353
1699,406,356
1699,406,356
1817,530,473
1819,390,353
1810,390,353
1818,273,250
1816,273,250
1814,530,473
1825,390,353
1824,390,353
1821,530,473
1736,406,356
1736,388,357
1736,386,351
1736,386,351
1736,388,357
1736,231,209
1736,118,105
1737,465,403
1737,301,272
1737,465,403
1737,386,351
1737,118,105
1737,301,272
1737,465,403
1740,452,396
1737,574,503
1739,345,312
1739,409,370
1738,211,188
1738,406,356
1738,301,272
1739,379,329
1738,465,403
1738,465,403
1739,284,260
1739,465,403
1743,465,403
1743,393,341
1739,301,272
1739,386,351
1739,388,357
1739,388,357
1741,386,351
1742,301,272
1742,301,272
1743,312,282
1742,301,272
1742,465,403
1743,389,348
1742,301,272
1743,465,403
1743,465,403
1743,465,403
1743,465,403
1743,301,272
1743,301,272
1743,465,403
1744,16,15
1743,407,368
1744,465,403
1744,301,272
1744,386,351
1744,388,357
1744,388,357
1744,301,272
1744,301,272
1744,465,403
1744,118,105
1744,301,272
1744,465,403
1744,301,272
1744,386,351
1745,301,272
1745,386,351
1745,465,403
1745,465,403
1745,465,403
1745,386,351
1745,388,357
1745,388,357
1745,260,230
1746,388,357
1747,491,426
1746,121,118
1746,388,357
1746,465,403
1746,388,357
1746,471,408
1746,301,272
1746,118,105
1746,386,351
1746,301,272
1746,465,403
1746,386,351
1746,386,351
1748,260,230
1747,406,356
1748,301,272
1747,386,351
1747,386,351
1749,301,272
1750,333,289
1747,406,356
1749,465,403
1749,118,105
1750,301,269
1748,465,403
1750,507,440
1750,118,105
1750,301,272
1750,386,351
1750,388,357
1751,11,10
1750,330,286
1751,297,267
1750,301,272
1750,465,403
1750,406,356
1750,465,403
1750,260,230
1750,301,272
1750,212,194
1750,465,403
1750,465,403
1750,388,357
1750,388,357
1752,395,355
1751,316,284
1751,316,284
1751,297,277
1751,316,284
1751,297,277
1751,386,351
1751,253,224
1751,297,277
1751,316,284
1751,316,284
1751,386,351
1751,386,351
1752,297,277
1752,253,224
1752,297,277
1752,484,435
1752,316,284
1752,297,277
1752,316,284
1753,277,248
1752,253,224
1752,253,224
1752,297,277
1752,297,277
1752,316,284
1753,264,234
1752,316,284
1752,316,284
1752,316,284
1754,422,379
1753,329,308
1753,297,277
1753,297,277
1753,388,357
1753,297,277
1753,297,277
1753,212,194
1753,187,175
1753,316,284
1753,118,105
1753,316,284
1753,297,277
1753,316,284
1754,264,234
1753,316,284
1753,316,284
1753,316,284
1753,316,284
1754,297,277
1754,297,277
1754,297,277
1756,233,218
1754,386,351
1754,316,284
1754,316,284
1754,297,277
1754,297,277
1754,388,357
1754,316,284
1754,386,351
1756,326,305
1755,316,284
1755,316,284
1755,316,284
1755,316,284
1755,297,277
1755,341,307
1755,316,284
1755,297,277
1755,316,284
1755,297,277
1756,316,284
1756,388,357
1756,297,277
1757,228,205
1756,316,284
1756,297,277
1756,297,277
1756,297,277
1757,202,179
1756,388,357
1756,316,284
1757,317,296
1756,297,277
1757,253,224
1757,297,277
1757,253,224
1757,316,284
1757,297,277
1757,297,277
1757,316,284
1758,297,277
1758,316,284
1757,297,277
1757,297,277
1758,349,328
1757,297,277
1759,297,277
1759,325,320
1759,338,331
1759,297,277
1759,349,328
1759,297,277
1759,349,328
1759,297,277
1759,297,277
1759,297,277
1759,297,277
1760,236,222
1759,242,233
1759,320,318
1759,253,224
1759,316,284
1759,298,194
1759,357,334
1759,253,224
1760,297,277
1760,253,224
1760,297,277
1760,253,224
1760,252,236
1760,297,277
1760,253,224
1760,316,284
1760,297,277
1760,349,328
1760,297,277
1760,118,105
1760,278,246
1760,316,284
1760,448,375
1761,352,329
1761,452,378
1761,269,238
1761,253,224
1761,389,364
1761,297,277
1761,322,301
1762,297,277
1762,297,277
1764,296,237
1764,297,277
1765,448,375
1766,296,237
1767,386,351
1767,386,351
1766,297,277
1766,296,237
1767,253,224
1767,297,277
1767,297,277
1767,349,328
1767,316,284
1768,293,262
1768,386,351
1768,386,351
1768,253,224
1768,297,277
1768,350,327
1768,297,277
1768,297,277
1768,253,224
1768,404,378
1768,297,277
1769,297,277
1770,297,277
1770,352,329
1770,297,277
1770,253,224
1770,253,224
1770,297,277
1770,297,277
1770,404,378
1770,253,224
1770,297,277
1775,461,431
1774,297,277
1774,297,277
1774,297,277
1774,297,277
1774,439,410
1774,297,277
1774,407,381
1782,254,224
1781,353,324
1781,353,324
1782,486,445
1782,353,324
1781,324,297
1782,351,292
1781,353,324
1782,100,97
1781,256,226
1781,305,274
1781,622,587
1782,363,336
1782,353,324
1782,353,324
1782,258,230
1782,353,324
1782,258,230
1782,354,324
1782,353,324
1782,271,251
1782,258,230
1782,258,230
1782,353,324
1782,501,459
1783,271,251
1783,403,369
1783,353,324
1783,258,230
1783,353,324
1783,353,324
1783,353,324
1783,258,230
1783,403,369
1783,101,97
1783,482,456
1783,450,412
1783,130,124
1783,354,324
1783,353,324
1783,353,324
1783,353,324
1784,269,250
1784,353,324
1784,363,336
1784,354,324
1784,353,324
1784,353,324
1784,353,324
1785,656,606
1784,353,324
1784,354,324
1784,258,230
1784,353,324
1784,354,324
1784,258,230
1784,258,230
1784,353,324
1785,353,324
1785,354,324
1785,258,230
1785,353,324
1785,364,336
1785,269,250
1785,167,153
1785,353,324
1786,710,610
1786,152,139
1786,353,324
1786,27,25
1787,353,324
1787,354,324
1787,363,336
1787,353,324
1787,363,336
1787,353,324
1787,258,230
1787,353,324
1788,376,344
1787,353,324
1787,388,357
1788,409,375
1788,258,230
1788,258,230
1789,418,395
1788,271,251
1789,418,398
1788,353,324
1788,353,324
1788,363,336
1788,353,324
1788,508,465
1788,373,341
1789,364,336
1790,357,331
1789,353,324
1789,353,324
1789,354,324
1789,456,433
1789,353,324
1789,271,257
1789,269,250
1789,684,627
1789,271,251
1789,269,250
1790,353,324
1790,354,324
1790,353,324
1791,514,439
1790,353,324
1790,354,324
1790,353,324
1790,353,324
1791,364,336
1791,353,324
1791,353,324
1791,373,343
1791,353,324
1792,533,490
1791,353,324
1791,390,364
1791,271,251
1791,271,251
1792,430,419
1793,520,469
1792,258,230
1792,353,324
1792,399,390
1792,271,251
1792,354,324
1792,353,324
1793,353,324
1793,447,408
1793,363,336
1794,377,345
1793,473,425
1793,353,324
1793,353,324
1793,432,418
1794,363,336
1794,470,437
1795,271,251
1795,353,324
1796,503,473
1795,479,437
1795,723,600
1795,353,324
1795,267,258
1795,258,230
1795,354,324
1795,353,324
1796,353,324
1796,364,336
1796,363,336
1795,353,324
1796,363,336
1798,742,689
1797,271,251
1797,258,230
1797,278,278
1797,353,324
1797,363,336
1799,624,587
1798,363,336
1800,230,217
1800,679,626
1800,271,251
1800,271,251
1799,364,336
1801,390,353
1801,622,555
1802,390,353
1802,530,473
1803,156,135
1804,390,353
1805,529,472
1802,239,217
1804,390,353
1805,390,353
1806,572,472
1806,389,353
1807,390,353
1807,239,217
1806,238,216
1807,390,353
1807,390,353
1807,401,367
1807,530,473
1807,390,353
1807,390,353
1808,529,472
1806,491,446
1808,390,353
1807,390,353
1808,475,436
1808,390,353
1809,390,353
1809,390,353
1809,239,217
1810,239,217
1809,390,353
1809,390,353
1810,390,353
1810,390,353
1810,475,436
1810,475,436
1810,475,436
1810,390,353
1810,390,353
1811,390,353
1811,390,353
1811,390,353
1812,530,473
1812,481,430
1811,475,436
1812,239,217
1812,475,436
1812,390,353
1812,390,353
1812,390,353
1812,390,353
1812,390,353
1811,390,353
1813,390,353
1813,530,
1813,390,353
1812,390,353
1814,390,353
1813,239,217
1813,390,353
1812,390,353
1813,390,353
1812,390,353
1813,390,353
1812,390,353
1814,390,353
1813,390,353
1814,530,473
1815,530,473
1814,390,353
1814,390,353
1814,390,353
1814,390,353
1815,390,353
1816,239,217
1815,390,353
1815,390,353
1815,390,353
1814,390,353
1815,390,353
1815,390,353
1815,390,353
1816,390,353
1816,390,353
1816,390,353
1815,390,353
1816,390,353
1816,530,473
1816,390,353
1827,490,444
1839,490,444
1770,320,286
1795,353,324
1840,118,105
1805,530,473
1834,372,331
1839,572,517
1840,307,277
1840,449,421
1839,490,444
1818,530,473
1818,239,217
1818,400,360
1818,313,304
1818,183,160
1818,390,353
1818,298,224
1818,390,353
1819,390,353
1818,390,353
1823,227,208
1827,304,295
1827,537,492
1753,329,308
1753,297,277
1754,352,288
1755,253,224
1755,253,224
1756,253,224
1759,262,245
1756,251,235
1758,297,277
1760,316,284
1763,297,278
1750,406,356
1752,329,308
1755,329,308
1818,390,353
1818,372,370
1818,432,391
1818,359,350
1818,239,217
1818,390,353
1818,54,47
1818,575,517
1818,239,217
1818,320,290
1818,255,231
1818,239,217
1818,112,102
1818,229,208
1827,397,377
1827,485,439
1827,163,147
1827,490,444
1828,244,225
1829,345,301
1830,118,105
1830,430,415
1830,283,257
1830,490,444
1830,307,277
1831,307,277
1831,490,444
1831,307,277
1831,307,277
1832,490,444
1832,307,277
1832,118,105
1832,490,444
1832,490,444
1831,490,444
1831,490,444
1831,9,8
1831,307,277
1831,490,444
1831,9,8
1830,26,24
1829,517,506
1829,345,301
1791,426,419
1791,353,324
1792,353,324
1792,353,324
1792,353,324
1849,623,564
1792,353,324
1816,239,217
1792,353,324
1793,500,458
1793,320,312
1793,353,324
1793,471,431
1793,353,324
1793,258,230
1793,353,324
1793,353,324
1793,353,324
1793,258,230
1793,353,324
1794,421,394
1793,363,336
1793,353,324
1793,353,324
1794,353,324
1794,363,336
1816,239,217
1816,239,217
1792,353,324
1816,390,353
1816,390,353
1816,390,353
1794,353,324
1816,390,353
1816,239,217
1794,353,324
1820,321,291
1821,299,271
1823,310,281
1824,390,353
1825,390,353
1820,390,353
1818,273,250
1817,390,353
1820,385,349
1821,404,366
1818,390,353
1817,390,353
1817,239,217
1818,239,217
1823,64,58
1797,622,580
1816,390,353
1817,530,473
1817,555,503
1817,530,472
1817,183,160
1817,530,473
1817,390,353
1817,390,353
1817,390,353
1817,234,220
1818,390,353
1818,390,353
1818,390,353
1818,390,353
1818,390,353
1827,449,421
1828,578,533
1828,118,105
1828,603,557
1829,490,444
1828,345,301
1829,449,421
1830,118,105
1841,392,368
1819,390,353
1819,183,160
1819,180,179
1819,239,224
1819,495,428
1819,239,217
1819,557,365
1819,239,217
1819,390,353
1819,348,342
1818,422,418
1818,299,276
1818,390,353
1818,299,276
1818,183,160
1818,169,153
1818,239,217
1818,357,334
1818,343,311
1819,390,353
1819,390,353
1819,390,353
1819,162,141
1820,211,191
1819,183,160
1819,561,334
1819,445,433
1819,390,353
1819,302,301
1819,390,353
1819,390,353
1819,390,353
1819,390,353
1820,390,353
1819,273,250
1820,430,230
1819,331,295
1820,530,473
1820,390,353
1820,390,353
1820,621,554
1820,475,436
1820,273,250
1820,425,385
1820,390,353
1820,502,455
1820,501,454
1820,421,381
1821,214,194
1820,239,217
1820,530,473
1820,429,389
1821,566,513
1821,417,378
1821,242,222
1821,416,377
1821,642,573
1821,475,436
1821,405,367
1821,449,407
1821,490,444
1827,475,436
1713,260,230
1713,118,105
1827,315,289
1827,607,569
1827,578,533
1825,406,368
1825,265,240
1825,475,436
1826,474,429
1825,492,446
1825,265,243
1825,306,281
1826,304,272
1825,475,436
1825,475,436
1824,309,283
1823,239,217
1841,118,105
1823,214,196
1818,530,473
1819,530,473
1824,475,436
1824,275,252
1824,306,280
1822,393,356
1822,390,353
1822,390,353
1821,242,219
1822,280,254
1822,472,428
1822,390,353
1822,390,353
1799,,
1681,97,85
1696,200,179
1773,301,281
1798,169,150
1806,690,631
1796,363,336
1712,260,230
1841,431,405
1842,392,368
1856,400,364
1611,118,105
1664,406,356
1665,406,356
1671,292,260
1671,244,209
1671,357,319
1671,244,209
1676,292,260
1677,244,209
1677,244,209
1679,357,319
1682,357,319
1685,260,230
1685,260,230
1685,260,230
1686,357,319
1687,260,230
1756,316,284
1757,37,37
1760,158,140
1777,353,324
1800,359,328
1801,121,118
1830,490,444
1830,490,444
1831,490,444
1696,260,230
1697,118,105
1697,260,230
1697,260,230
1698,260,230
1698,260,230
1697,260,230
1697,118,105
1697,118,105
1698,118,105
1697,292,260
1697,118,105
1697,260,230
1698,118,105
1698,118,105
1710,260,230
1725,244,209
1727,118,105
1727,465,403
1729,386,351
1727,331,283
1728,465,403
1728,465,403
1728,465,403
1747,331,283
1760,297,277
1760,297,277
1760,316,284
1760,316,284
1760,253,224
1601,388,310
1601,413,330
1601,394,315
1601,397,317
1601,385,308
1596,413,331
1597,392,314
1600,356,285
1599,371,297
1598,359,287
1596,34,27
1595,359,287
1598,430,344
1597,30,24
1597,375,300
1598,371,297
1596,346,277
1599,404,323
1604,365,292
1605,329,263
1605,312,250
1605,384,307
1605,338,270
1605,296,236
1605,386,309
1605,342,274
1606,346,277
1607,388,311
1608,296,236
1608,287,230
1608,371,297
1608,329,263
1608,430,344
1608,317,253
1608,312,250
1608,413,331
1608,300,124
1609,413,331
1609,329,263
1609,405,324
1609,397,317
1610,376,300
1610,375,300
1610,405,324
1610,398,319
1610,424,339
1610,384,307
1610,369,295
1610,378,302
1610,380,304
1611,392,313
1611,303,169
1611,364,292
1611,375,300
1611,374,299
1611,368,295
1611,363,290
1611,386,309
1611,358,287
1611,348,279
1612,329,263
1612,348,279
1612,340,272
1612,368,294
1612,355,284
1612,358,287
1612,354,283
1613,386,308
1613,381,305
1613,374,299
1613,366,293
1613,341,273
1613,343,274
1614,361,289
1616,377,301
1616,397,317
1616,351,281
1617,412,330
1617,352,282
1617,354,284
1617,372,297
1617,355,284
1617,365,292
1618,339,271
1618,380,304
1618,371,297
1618,380,304
1618,397,317
1618,371,297
1619,352,281
1619,357,285
1619,413,331
1619,368,294
1619,349,279
1619,413,331
1619,455,364
1619,395,316
1619,350,147
1619,375,300
1619,413,331
1620,424,339
1620,368,294
1620,427,341
1620,406,325
1620,345,276
1620,443,354
1620,580,464
1621,388,310
1621,525,420
1621,329,263
1621,450,360
1621,346,277
1621,424,339
1621,159,127
1621,370,296
1621,478,382
1621,397,317
1621,397,317
1621,371,297
1622,413,331
1622,456,364
1622,413,331
1622,397,317
1624,374,299
1624,339,271
1624,371,297
1625,353,282
1625,393,314
1625,356,285
1626,413,331
1626,363,290
1627,369,295
1629,371,297
1630,382,306
1631,359,288
1631,371,297
1631,346,277
1631,371,297
1700,243,195
1633,355,284
1634,346,277
1634,371,297
1634,346,277
1634,342,274
1634,355,284
1635,378,302
1636,386,308
1638,371,297
1638,363,290
1638,363,290
1638,371,297
1639,371,297
1639,363,290
1639,387,309
1639,371,297
1640,371,297
1609,359,287
1609,359,287
1622,346,277
1622,503,402
1622,528,422
1622,413,331
1622,258,206
1622,454,363
1622,397,317
1623,155,124
1623,386,309
1623,372,297
1623,360,288
1623,378,302
1623,388,311
1623,385,308
1623,354,283
1623,394,315
1623,339,271
1623,380,304
1624,384,307
1624,343,274
1624,387,309
1624,379,303
1624,348,278
1624,364,292
1624,335,268
1624,368,294
1624,528,422
1625,365,292
1625,331,265
1625,335,268
1625,346,277
1625,372,297
1625,345,276
1625,332,265
1625,372,297
1625,358,286
1625,413,331
1626,359,287
1627,329,263
1626,369,295
1626,329,263
1626,382,306
1626,324,259
1626,371,297
1626,354,283
1626,368,294
1626,413,331
1627,371,296
1627,413,331
1627,312,250
1627,368,294
1627,296,236
1627,371,297
1627,383,307
1628,340,272
1628,341,273
1628,367,294
1625,334,287
1628,334,267
1628,360,288
1628,371,297
1628,357,286
1629,341,273
1629,380,304
1629,296,236
1629,371,297
1629,350,280
1629,329,263
1629,325,260
1630,354,284
1630,372,297
1630,371,297
1630,329,263
1630,356,285
1630,346,277
1630,330,264
1631,352,282
1631,312,250
1631,367,294
1631,329,263
1631,363,290
1631,339,271
1631,370,296
1631,377,301
1631,397,317
1632,371,297
1632,368,294
1632,354,284
1632,371,297
1632,350,280
1632,339,271
1636,367,294
1636,371,297
1636,371,297
1636,330,264
1636,362,290
1636,371,297
1636,343,274
1636,356,285
1637,346,277
1637,346,277
1637,360,288
1637,363,290
1638,364,291
1638,371,297
1638,355,284
1638,363,290
1638,371,297
1638,334,267
1639,363,290
1639,371,297
1639,371,297
1639,340,272
1640,371,297
1641,352,250
1637,371,297
1638,346,277
1618,383,306
1618,231,185
1618,355,284
1619,413,331
1619,313,250
1619,413,331
1619,268,214
1620,288,230
1619,155,124
1619,390,312
1619,469,375
1620,413,331
1620,159,127
1620,456,364
1620,481,385
1620,366,293
1623,324,259
1623,312,250
1623,304,243
1623,371,297
1623,412,330
1624,329,263
1624,346,277
1624,371,297
1625,344,275
1625,371,297
1625,334,267
1625,381,305
1625,312,250
1626,296,236
1637,371,297
1618,359,287
1624,363,290
1596,162,136
1604,359,287
1607,359,287
1609,346,277
1618,20,16
1619,340,272
1619,323,258
1619,348,278
1619,360,288
1619,419,335
1620,426,341
1619,335,268
1672,935,664
1634,375,300
1634,500,400
1634,500,400
1635,438,350
1635,350,280
1635,216,151
1602,356,285
1621,359,287
1602,380,304
1622,161,129
1602,439,351
1602,359,287
1647,325,259
1621,359,287
1603,359,287
1603,359,287
1622,214,159
1621,359,287
1609,397,317
1621,276,221
1615,359,287
1656,325,259
1615,359,287
1616,359,287
1619,359,287
1577,371,297
1564,359,287
1617,359,287
1621,310,231
1623,378,302
1605,395,316
1601,359,287
1601,359,287
1568,359,287
1559,377,
1557,359,287
1557,359,287
1633,346,277
1595,359,287
1616,376,301
1616,359,287
1615,388,311
1616,359,287
1616,159,118
1616,269,200
1616,329,263
1620,381,304
1656,325,259
1656,325,259
1652,216,153
1653,325,259
1628,303,242
1567,287,230
1588,340,272
1588,359,287
1573,367,294
1657,680,225
1621,359,287
1621,413,330
1635,359,287
1624,364,292
1621,706,565
1623,368,294
1623,384,307
1625,33,26
1626,328,262
1631,371,297
1621,397,317
1628,330,264
1624,359,287
1628,312,250
1629,315,252
1629,359,287
1632,354,283
1631,371,297
1633,329,263
1633,329,263
1636,346,277
1636,355,284
1635,363,290
1632,354,283
1632,329,263
1632,346,277
1633,329,263
1633,337,269
1633,312,250
1633,346,277
1633,371,297
1633,346,277
1633,296,236
1636,363,290
1634,363,291
1634,366,293
1634,347,278
1634,372,298
1633,343,274
1635,352,281
1635,211,150
1635,354,284
1575,304,243
1549,120,89
1626,26,21
1620,,
1616,,
1632,359,287
1632,359,287
1632,359,287
1632,359,287
1633,359,287
1633,359,287
1633,359,287
1634,359,287
1633,359,287
1635,359,287
1635,359,287
1635,359,287
1635,359,287
1635,359,287
1634,359,287
1634,359,287
1634,359,287
1634,359,287
1637,397,318
1634,359,287
1635,359,287
1635,359,287
1635,359,287
1635,359,287
1635,359,287
1637,351,281
1635,359,287
1635,359,287
1635,359,287
1636,359,287
1636,359,287
1636,359,287
1636,359,287
1639,359,287
1636,359,287
1638,359,287
1636,359,287
1636,359,287
1636,359,287
1636,359,287
1636,359,287
1636,359,287
1636,359,287
1636,359,287
1636,359,287
1637,359,287
1637,359,287
1638,359,287
1637,359,287
1637,359,287
1639,359,287
1637,359,287
1638,359,287
1638,359,287
1637,359,287
1637,359,287
1637,359,287
1637,359,287
1637,359,287
1636,359,287
1638,359,287
1638,359,287
1638,359,287
1639,359,287
1638,359,287
1638,359,287
1638,359,287
1619,359,287
1638,359,287
1638,359,287
1638,359,287
1638,359,287
1639,359,287
1638,359,287
1639,359,287
1638,359,287
1638,359,287
1638,359,287
1638,359,287
1639,359,287
1639,359,287
1640,359,287
1653,325,259
1654,325,259
1584,359,287
1631,359,287
1631,359,287
1631,359,287
1630,359,287
1630,359,287
1630,359,287
1627,359,287
1627,359,287
1627,359,287
1627,359,287
1627,359,287
1626,359,287
1625,359,287
1626,359,287
1625,359,287
1626,359,287
1626,359,287
1626,359,287
1627,359,287
1628,359,287
1628,359,287
1628,359,287
1628,359,287
1625,359,287
1625,359,287
1625,359,287
1625,359,287
1587,359,287
1586,325,287
1587,400,320
1587,359,287
1589,359,287
1589,371,297
1589,359,287
1589,411,329
1593,371,297
1593,346,277
1593,310,248
1592,334,287
1592,334,287
1592,346,277
1591,334,287
1589,334,287
1593,355,284
1593,363,290
1594,38,30
1600,375,300
1599,359,287
1604,359,287
1604,359,287
1604,359,287
1604,359,287
1606,359,287
1606,359,287
1606,359,287
1606,359,287
1608,359,287
1608,359,287
1608,359,287
1608,359,287
1608,359,287
1608,359,287
1610,380,304
1608,359,287
1608,359,287
1608,359,287
1608,359,287
1608,359,287
1608,359,287
1609,359,287
1609,359,287
1609,359,287
1609,359,287
1609,236,176
1609,359,287
1609,359,287
1609,359,287
1609,359,287
1609,359,287
1609,359,287
1609,359,287
1609,359,287
1609,359,287
1609,359,287
1611,339,271
1609,359,287
1609,216,181
1609,359,287
1609,359,287
1610,236,176
1609,359,287
1611,380,304
1609,359,287
1610,359,287
1610,359,287
1610,359,287
1610,359,287
1610,359,287
1610,359,287
1610,359,287
1610,359,287
1609,359,287
1609,430,344
1609,359,287
1610,359,287
1610,359,287
1610,359,287
1609,359,287
1610,359,287
1610,359,287
1610,359,287
1610,359,287
1610,359,287
1611,359,287
1611,359,287
1608,359,287
1611,359,287
1615,359,287
1617,430,344
1616,413,331
1616,413,331
1621,359,287
1617,359,287
1619,359,287
1621,359,287
1621,359,287
1622,359,287
1624,359,287
1635,359,287
1637,359,287
1638,359,287
1618,359,287
1619,359,287
1624,359,287
1619,359,287
1625,359,287
1625,329,263
1620,359,287
1622,359,287
1623,359,287
1623,359,287
1625,359,287
1625,359,287
1638,359,287
1592,388,311
1622,359,287
1627,359,287
1652,325,259
1619,359,287
1619,359,287
1620,421,337
1619,359,287
1623,359,287
1625,359,287
1624,359,287
1620,359,287
1611,340,272
1619,359,287
1621,359,287
1621,359,287
1621,359,287
1622,359,287
1622,359,287
1622,359,287
1624,371,297
1623,359,287
1625,332,265
1624,359,287
1624,359,287
1627,359,287
1625,359,287
1638,288,216
1619,359,287
1620,359,287
1622,359,287
1650,325,259
1658,325,259
1618,359,287
1619,254,203
1624,236,150
1620,359,287
1620,359,287
1621,321,287
1621,359,287
1621,359,287
1621,359,287
1594,364,291
1621,359,287
1707,316,241
1709,592,452
1709,275,210
1709,300,289
1710,485,431
1710,250,200
1710,500,382
1710,390,328
1710,426,356
1710,366,250
1710,412,360
1711,291,255
1711,64,49
1711,207,200
1711,316,241
1712,465,396
1712,,
1712,316,241
1712,316,241
1713,300,229
1713,250,204
1713,316,241
1713,80,61
1713,316,241
1713,470,349
1713,266,215
1713,500,360
1713,418,363
1713,95,81
1714,260,142
1714,287,229
1714,413,315
1714,433,400
1713,295,225
1714,440,410
1714,294,224
1714,183,97
1714,450,376
1714,110,71
1714,270,230
1714,505,215
1714,375,350
1714,48,44
1715,386,272
1715,118,60
1715,350,259
1714,240,211
1715,200,175
1715,470,398
1715,220,200
1715,467,362
1715,341,322
1715,397,372
1715,242,202
1714,316,
1715,105,91
1715,110,80
1715,430,302
1716,331,300
1715,256,122
1715,560,500
1715,507,356
1716,230,125
1716,152,104
1715,417,365
1716,200,50
1715,504,437
1715,164,100
1716,407,407
1716,370,162
1716,213,70
1716,153,82
1716,190,95
1716,74,49
1715,8,6
1716,463,155
1716,276,209
1716,358,321
1716,260,206
1717,134,110
1716,408,350
1717,315,280
1717,107,86
1717,362,290
1717,294,285
1717,160,139
1717,183,179
1717,523,486
1717,310,278
1717,516,455
1717,248,203
1717,232,202
1718,530,459
1717,418,401
1718,105,95
1718,165,155
1718,140,112
1718,205,178
1718,138,116
1718,309,282
1719,440,372
1718,195,145
1719,231,198
1719,215,196
1719,88,73
1719,228,188
1719,180,162
1719,214,214
1719,282,250
1719,357,295
1719,52,42
1719,239,149
1719,392,360
1719,62,53
1720,150,106
1720,126,37
1720,356,303
1720,304,250
1720,169,157
1720,142,114
1720,149,133
1720,180,140
1720,213,208
1720,418,313
1720,266,257
1720,280,259
1721,332,266
1720,402,359
1720,180,150
1720,226,205
1720,530,460
1720,137,114
1720,97,82
1721,241,213
1721,439,396
1720,183,164
1721,120,114
1721,250,229
1721,221,195
1721,412,360
1720,367,313
1721,200,192
1721,150,136
1721,432,349
1721,170,158
1721,161,148
1721,137,104
1721,326,250
1721,300,281
1722,250,213
1722,131,104
1722,259,254
1722,239,214
1722,239,221
1722,394,353
1722,299,254
1722,147,132
1722,105,87
1722,309,254
1722,202,167
1722,329,312
1722,140,128
1722,335,317
1722,280,248
1722,205,84
1722,112,111
1721,237,190
1722,405,381
1722,109,84
1722,390,305
1722,367,313
1722,386,351
1722,525,323
1723,407,330
1722,214,196
1722,420,414
1723,365,303
1722,150,138
1723,423,290
1723,278,263
1723,300,260
1726,196,174
1726,399,340
1726,295,220
1726,450,440
1727,222,217
1727,153,130
1727,203,173
1727,300,274
1727,410,398
1727,300,277
1727,172,150
1727,208,167
1727,114,101
1727,334,296
1727,492,419
1727,416,278
1727,271,217
1727,192,154
1727,394,340
1727,60,68
1728,454,364
1728,541,461
1728,89,87
1728,368,313
1728,354,354
1728,450,367
1728,215,181
1729,434,173
1728,210,202
1729,472,445
1728,325,260
1729,453,401
1729,497,442
1729,227,255
1729,200,165
1729,216,210
1729,180,144
1729,400,341
1729,172,165
1730,470,450
1730,308,290
1730,554,444
1730,280,241
1730,345,335
1730,280,279
1730,544,436
1730,129,103
1730,428,413
1730,62,62
1730,287,272
1730,480,413
1731,150,120
1730,372,317
1730,135,124
1730,176,166
1730,195,172
1730,,
1731,367,313
1731,350,302
1731,336,286
1731,384,59
1731,201,183
1731,620,564
1731,350,280
1731,326,278
1731,283,279
1731,369,314
1731,500,454
1732,175,6
1731,400,157
1731,203,177
1732,424,361
1731,333,288
1732,426,392
1732,373,358
1732,220,192
1732,597,565
1731,271,217
1732,430,366
1732,302,257
1732,460,362
1732,295,268
1732,128,118
1733,576,491
1732,386,351
1733,410,388
1732,367,
1733,515,499
1733,239,204
1733,452,452
1734,313,300
1734,120,100
1734,400,341
1734,480,409
1734,367,313
1733,271,217
1734,531,459
1734,319,256
1735,380,326
1735,313,267
1735,267,217
1734,273,236
1735,304,248
1735,156,142
1735,294,250
1735,230,185
1736,382,325
1736,85,68
1736,371,316
1736,435,295
1736,265,229
1736,615,457
1736,360,311
1737,446,406
1736,360,328
1737,412,366
1737,516,188
1737,308,269
1737,206,185
1737,400,309
1737,271,217
1803,383,233
1803,116,105
1803,130,108
1803,297,247
1803,80,67
1803,180,150
1803,292,235
1804,160,81
1805,412,391
1805,174,158
1805,138,104
1806,190,42
1806,304,300
1806,226,216
1806,53,53
1806,40,40
1808,337,230
1809,69,69
1810,200,194
1810,131,127
1811,263,235
1798,310,266
1800,82,70
1800,268,227
1652,207,125
1741,240,197
1659,400,220
1659,398,318
1661,292,260
1661,346,259
1662,351,280
1662,455,391
1663,382,331
1649,400,319
1649,376,300
1658,94,75
1658,201,160
1659,422,178
1659,123,98
1660,1065,850
1661,175,140
1661,125,100
1662,194,155
1662,163,130
1662,150,120
1663,150,120
1663,50,40
1667,1124,900
1669,867,650
1674,59,47
1677,181,145
1686,500,392
1587,359,287
1818,215,100
1720,789,709
1576,97,83
1563,100,93
1563,100,93
1563,100,93
1565,100,92
1565,100,92
1565,100,93
1565,100,93
1714,195,80
1568,78,54
1568,78,54
1568,78,54
1568,78,54
1568,78,54
1568,359,287
1794,46,42
1567,75,51
1567,75,51
1567,75,51
1567,75,51
1688,251,
1767,230,
1770,44,
1775,226,
1775,226,
1787,169,
1787,169,
1691,179,158
1708,273,236
1767,169,
1768,386,
1767,386,
1770,196,
1770,196,
1786,600,
1657,,
1652,,
1652,,
1651,200,170
1654,60,20
1527,325,260
1715,158,140
1715,162,140
1715,272,249
1716,514,430
1656,450,380
1656,192,121
1658,,
1661,,
1654,145,109
1737,324,321
1737,480,409
1737,157,150
1737,553,443
1737,596,542
1737,216,150
1738,640,535
1738,247,237
1738,61,53
1738,500,458
1737,271,217
1738,175,140
1738,376,361
1738,360,262
1738,367,313
1738,400,300
1738,298,295
1738,95,89
1738,377,321
1738,414,389
1738,450,229
1738,298,271
1738,494,257
1738,321,147
1738,146,101
1738,115,99
1738,304,290
1738,537,406
1739,700,384
1738,539,482
1739,202,173
1739,433,283
1739,422,338
1739,451,280
1739,246,197
1739,409,231
1739,4,3
1739,268,172
1739,360,274
1739,340,260
1739,442,243
1739,141,135
1740,71,65
1739,380,304
1739,550,538
1739,322,316
1740,240,158
1740,381,316
1739,203,193
1739,177,167
1740,160,87
1739,250,230
1739,375,375
1739,76,65
1740,402,329
1740,399,311
1740,563,345
1740,666,642
1739,200,192
1740,407,337
1740,497,462
1740,105,89
1740,340,314
1740,360,290
1740,260,234
1740,385,365
1739,,
1740,289,270
1740,356,346
1740,313,302
1739,547,498
1740,258,225
1740,200,185
1740,418,401
1740,140,139
1740,432,409
1741,272,225
1741,220,175
1740,135,125
1740,140,136
1741,670,580
1741,400,379
1740,271,217
1740,271,217
1741,271,217
1741,199,189
1741,203,187
1741,180,160
1741,316,266
1741,190,143
1741,103,99
1741,237,224
1741,386,351
1741,152,140
1741,509,453
1740,271,217
1741,250,238
1741,382,316
1741,22,20
1741,106,99
1741,213,189
1741,337,292
1741,317,300
1741,431,322
1741,529,474
1741,216,201
1741,604,574
1740,271,217
1740,,
1741,193,177
1741,253,245
1741,336,278
1741,582,572
1741,266,253
1742,144,124
1741,402,281
1742,657,598
1741,320,265
1742,407,269
1741,439,344
1741,213,183
1741,160,140
1742,271,217
1742,262,243
1742,420,230
1742,231,223
1742,373,360
1742,400,360
1742,271,217
1742,273,236
1741,271,217
1742,240,207
1742,148,126
1742,440,250
1742,287,262
1742,420,314
1742,464,364
1742,325,325
1742,233,231
1742,438,430
1743,273,236
1742,440,375
1742,360,
1743,273,248
1743,111,101
1743,284,251
1743,386,351
1742,220,215
1743,508,500
1743,426,383
1743,225,198
1743,205,177
1743,100,100
1743,329,296
1743,313,293
1743,451,361
1743,300,245
1743,525,517
1743,271,217
1743,480,440
1743,446,428
1743,214,207
1743,450,400
1743,455,440
1744,107,91
1743,362,342
1744,475,405
1743,420,407
1743,440,406
1743,70,53
1744,500,473
1744,401,379
1744,271,217
1744,250,228
1744,322,273
1743,367,313
1744,305,284
1744,355,339
1743,150,133
1744,360,355
1744,404,401
1744,271,217
1744,233,201
1744,435,371
1744,151,121
1744,460,373
1744,550,488
1745,230,234
1743,273,236
1744,386,351
1744,379,310
1744,375,304
1744,367,
1744,500,416
1744,325,284
1745,175,269
1744,276,209
1745,386,351
1745,500,488
1745,357,325
1745,565,481
1745,606,585
1745,380,346
1744,,
1744,271,217
1744,,
1745,271,217
1746,,
1746,,
1748,386,351
1747,200,199
1749,248,226
1749,386,351
1749,271,217
1749,243,197
1749,260,200
1749,503,458
1749,332,311
1749,450,383
1749,298,285
1749,147,145
1749,192,154
1749,223,201
1749,250,250
1749,371,346
1750,39,34
1750,245,223
1750,402,380
1750,220,97
1750,91,80
1749,107,120
1749,247,198
1750,492,394
1750,512,446
1750,218,186
1750,213,202
1749,154,140
1750,221,200
1750,501,451
1750,598,402
1749,386,351
1750,360,203
1751,367,313
1750,245,220
1750,230,148
1750,458,417
1750,273,
1751,225,192
1750,209,185
1750,445,430
1751,315,224
1751,222,168
1751,273,236
1750,417,325
1751,481,272
1750,44,40
1751,230,196
1750,226,204
1751,206,173
1750,601,543
1750,372,316
1751,340,57
1750,72,71
1751,323,248
1750,320,310
1750,196,174
1751,232,129
1750,428,389
1751,176,159
1751,250,159
1751,387,399
1751,338,324
1751,472,430
1751,349,331
1751,460,419
1751,377,370
1751,51,37
1751,188,160
1751,269,257
1751,88,78
1751,471,468
1751,120,120
1751,382,367
1751,418,380
1751,332,314
1751,279,247
1751,618,576
1751,386,351
1751,337,327
1751,151,134
1751,439,436
1752,312,282
1752,658,658
1752,525,234
1752,560,448
1752,556,475
1752,470,266
1752,155,134
1752,381,347
1752,139,116
1752,434,251
1752,271,244
1752,110,83
1752,476,384
1752,219,189
1752,700,484
1752,609,585
1752,500,485
1753,480,426
1753,380,328
1753,495,474
1753,209,178
1753,150,129
1753,450,410
1753,312,266
1753,316,309
1753,782,723
1753,656,559
1753,176,155
1753,341,324
1752,300,284
1753,413,376
1753,354,269
1754,276,209
1752,250,209
1753,512,466
1753,460,405
1753,225,215
1754,217,178
1753,144,124
1753,340,320
1753,107,105
1753,210,128
1753,211,180
1754,160,145
1753,327,272
1754,124,103
1754,387,246
1754,503,429
1754,280,221
1754,121,105
1753,309,263
1753,346,307
1754,526,260
1754,383,349
1754,351,363
1754,148,136
1754,163,147
1753,744,653
1754,480,421
1754,302,287
1754,238,181
1754,354,214
1754,161,161
1754,145,125
1754,350,333
1754,242,221
1754,12,
1754,120,121
1754,227,207
1754,233,191
1754,450,436
1753,250,209
1753,331,330
1755,442,378
1754,377,316
1754,388,345
1754,450,383
1754,287,245
1753,,
1755,226,204
1754,300,300
1754,441,367
1754,406,360
1755,146,129
1755,158,144
1755,250,209
1754,106,85
1755,266,242
1755,306,279
1754,169,150
1755,492,419
1755,300,256
1755,250,209
1755,352,300
1755,291,146
1755,466,453
1755,240,218
1755,295,251
1755,183,152
1755,466,392
1755,250,209
1755,215,191
1754,500,450
1754,338,
1755,4,4
1755,407,392
1755,609,519
1755,230,229
1756,169,150
1755,414,412
1754,250,209
1755,386,351
1755,352,336
1755,462,410
1755,142,103
1755,208,173
1755,298,254
1756,276,209
1755,338,257
1756,129,97
1756,250,209
1755,575,490
1755,242,242
1755,300,280
1756,239,239
1755,,
1755,166,147
1756,60,55
1756,386,351
1756,419,409
1755,386,351
1756,700,700
1755,514,514
1756,276,209
1755,386,351
1756,217,165
1756,208,173
1756,879,800
1756,210,179
1755,420,360
1756,116,106
1756,,
1757,367,313
1763,85,82
1763,270,268
1763,105,79
1764,419,383
1764,239,220
1764,205,201
1764,407,133
1763,326,236
1764,456,315
1764,403,388
1764,227,212
1764,176,162
1764,542,500
1764,130,113
1764,179,163
1764,288,241
1764,365,352
1764,368,339
1764,156,118
1765,455,438
1764,311,288
1764,44,37
1765,220,164
1765,270,257
1764,133,93
1764,35,31
1764,223,199
1764,160,144
1764,276,
1765,310,290
1764,452,388
1764,250,209
1765,228,225
1765,63,55
1765,230,200
1764,500,486
1765,425,414
1765,318,301
1765,428,420
1765,186,179
1765,369,270
1765,220,178
1765,113,90
1765,44,40
1765,399,378
1765,304,265
1765,324,236
1766,110,64
1765,391,379
1765,206,205
1765,107,96
1766,500,242
1766,280,116
1765,398,352
1765,417,403
1765,25,
1765,305,245
1765,194,110
1765,408,400
1766,176,156
1766,406,222
1765,452,444
1765,120,120
1766,398,198
1766,560,426
1766,367,330
1766,220,161
1766,292,280
1766,379,340
1766,355,337
1765,,
1766,487,453
1766,550,257
1766,230,211
1766,611,557
1766,396,248
1766,401,208
1766,422,320
1766,557,462
1766,522,455
1766,52,50
1766,182,127
1766,83,73
1765,13,
1766,71,69
1765,34,
1767,332,309
1766,77,58
1767,344,200
1767,338,243
1767,390,260
1767,462,420
1766,182,105
1767,436,412
1767,264,257
1767,565,564
1767,218,166
1767,209,207
1767,2,2
1767,383,380
1767,257,197
1767,470,421
1767,189,95
1767,386,378
1767,348,318
1767,426,421
1767,95,71
1767,513,482
1767,405,381
1767,207,125
1767,313,250
1768,101,91
1768,135,122
1768,339,312
1767,368,349
1766,276,
1767,91,82
1768,304,168
1768,320,291
1768,285,259
1767,89,80
1768,425,413
1768,286,228
1768,480,462
1768,209,174
1768,534,486
1768,375,361
1768,536,531
1768,453,438
1768,66,61
1768,228,222
1768,222,215
1768,570,386
1768,451,436
1768,427,420
1769,528,486
1768,373,246
1768,213,208
1768,386,303
1768,17,17
1769,691,642
1769,268,218
1769,429,365
1769,473,430
1769,75,68
1769,393,305
1769,565,488
1769,122,115
1769,170,169
1769,331,275
1769,238,197
1769,221,168
1770,251,223
1769,415,395
1769,177,165
1769,70,70
1769,66,
1770,55,46
1769,93,68
1770,111,65
1770,229,204
1769,208,158
1769,445,397
1770,611,504
1770,360,218
1770,431,410
1770,301,237
1770,370,315
1770,434,434
1769,390,338
1770,312,302
1770,390,325
1770,115,105
1770,136,116
1770,528,323
1770,253,237
1770,72,60
1770,334,322
1770,350,315
1770,377,345
1770,422,388
1771,234,201
1770,468,395
1770,382,293
1771,242,233
1770,444,371
1770,520,439
1770,582,530
1770,473,456
1770,100,36
1770,241,181
1771,580,525
1771,466,429
1771,170,
1771,360,314
1770,425,411
1771,162,130
1771,577,535
1771,241,201
1771,225,221
1771,261,250
1771,320,308
1771,700,249
1771,326,297
1772,135,120
1772,420,307
1772,362,338
1772,193,138
1772,571,560
1772,472,399
1772,250,209
1772,485,480
1772,298,217
1772,519,400
1772,386,351
1772,267,227
1772,169,150
1773,250,209
1772,412,306
1772,346,282
1772,370,337
1772,465,396
1772,83,71
1772,250,208
1773,169,150
1773,367,313
1772,172,171
1773,350,343
1772,169,150
1772,336,303
1773,664,604
1773,217,211
1773,367,313
1773,292,266
1773,259,258
1773,372,317
1773,507,422
1773,466,431
1773,112,85
1773,460,392
1773,537,489
1774,446,380
1773,276,209
1774,386,351
1774,364,340
1774,386,351
1773,367,313
1774,449,443
1774,392,375
1774,423,385
1774,456,416
1774,499,491
1774,250,209
1775,214,193
1774,171,130
1774,482,411
1774,374,319
1774,169,150
1774,462,436
1774,252,
1774,288,279
1774,370,358
1774,352,342
1774,386,351
1774,343,339
1775,320,308
1775,101,96
1775,460,449
1775,453,386
1774,53,47
1775,421,359
1775,483,412
1774,25,
1776,184,167
1775,386,351
1776,491,486
1775,341,330
1775,270,270
1776,334,306
1775,369,334
1775,428,365
1775,447,381
1776,542,462
1775,239,223
1776,435,434
1776,360,360
1776,417,360
1776,286,260
1776,328,249
1776,79,60
1776,287,240
1776,340,330
1777,315,270
1776,385,350
1776,169,150
1776,461,393
1776,450,428
1776,87,77
1776,293,222
1776,330,300
1775,,
1776,234,220
1778,388,268
1777,222,202
1776,300,299
1777,405,397
1777,73,66
1777,400,338
1776,170,129
1777,421,345
1777,112,
1777,120,106
1776,,
1777,525,522
1777,270,232
1776,250,219
1777,222,207
1777,410,407
1777,303,296
1777,649,631
1777,100,97
1777,400,390
1777,517,432
1777,515,407
1778,130,112
1777,599,550
1777,367,313
1777,367,340
1777,300,296
1778,386,386
1777,508,500
1778,586,560
1778,393,298
1778,280,260
1778,326,297
1778,198,150
1778,667,506
1778,300,298
1778,319,290
1778,480,437
1777,310,266
1778,596,546
1778,333,291
1778,608,553
1778,555,476
1778,321,275
1778,310,266
1782,147,130
1784,386,267
1783,176,150
1783,127,113
1784,317,270
1783,530,482
1783,659,600
1783,577,573
1785,386,267
1784,113,100
1784,301,228
1784,495,450
1784,215,196
1784,440,400
1783,150,
1783,714,650
1783,233,180
1784,118,105
1784,332,285
1784,127,109
1784,583,500
1784,464,395
1784,169,150
1784,374,340
1784,328,300
1784,340,235
1785,484,440
1784,369,317
1784,407,370
1784,386,351
1785,610,555
1784,264,234
1784,238,231
1783,386,351
1784,308,264
1785,487,400
1784,326,297
1784,621,565
1785,233,200
1785,319,290
1785,117,100
1785,386,351
1785,367,313
1784,553,420
1785,300,310
1785,561,481
1785,330,300
1786,106,90
1785,549,500
1786,194,167
1785,528,450
1785,445,297
1785,492,464
1785,140,124
1785,225,200
1786,489,410
1785,,
1786,444,404
1785,551,528
1785,,
1785,,
1786,434,300
1786,517,393
1786,15,14
1785,440,400
1785,470,368
1786,443,403
1786,462,425
1786,297,270
1785,421,359
1785,386,267
1785,407,366
1785,406,308
1786,300,297
1786,387,332
1786,419,361
1786,551,501
1786,607,570
1786,223,213
1787,352,300
1787,349,297
1787,435,380
1786,367,357
1787,367,200
1786,269,221
1787,14,12
1787,134,127
1786,80,78
1786,181,137
1786,352,300
1787,643,407
1787,863,588
1786,290,264
1786,412,313
1787,198,180
1787,285,195
1786,450,443
1787,424,364
1787,569,518
1787,14,13
1786,453,344
1787,453,425
1787,74,70
1787,316,290
1787,391,260
1787,120,115
1787,392,340
1787,341,333
1787,361,274
1787,260,220
1787,243,196
1787,240,165
1787,411,350
1787,375,332
1787,306,261
1787,237,216
1788,237,162
1787,383,326
1787,449,425
1788,258,220
1787,48,47
1787,317,274
1788,475,458
1786,386,351
1786,276,209
1788,438,399
1788,275,223
1787,247,236
1787,367,313
1787,320,295
1787,516,435
1788,320,273
1788,426,363
1788,510,464
1788,274,211
1788,219,187
1787,398,346
1788,608,553
1788,353,320
1787,437,358
1788,203,181
1788,454,413
1788,136,134
1788,29,26
1788,209,190
1788,425,362
1788,385,366
1788,351,299
1788,320,291
1788,602,594
1788,222,202
1788,445,398
1789,176,160
1788,462,351
1789,376,342
1788,534,486
1789,423,292
1789,446,380
1789,586,405
1788,382,290
1789,291,265
1788,265,241
1788,306,261
1789,396,360
1788,213,204
1789,390,355
1789,415,378
1788,40,
1788,378,287
1789,141,128
1789,488,444
1789,377,343
1789,200,152
1789,480,451
1789,250,197
1788,386,
1789,132,100
1789,555,473
1789,262,199
1789,375,332
1789,216,195
1789,430,411
1789,164,150
1789,149,128
1789,450,383
1789,395,341
1789,209,203
1789,216,192
1789,286,260
1790,440,400
1790,484,440
1789,315,270
1790,267,265
1789,598,454
1790,254,218
1790,546,465
1790,318,241
1790,501,438
1790,226,206
1789,326,297
1790,466,460
1789,339,305
1790,303,270
1790,220,200
1790,417,350
1789,461,350
1790,429,390
1790,408,348
1790,449,409
1790,218,198
1790,341,340
1790,305,278
1790,318,289
1789,302,229
1790,129,110
1790,200,196
1790,297,270
1790,341,293
1784,386,351
1784,736,636
1785,522,448
1785,386,351
1785,310,266
1785,966,835
1785,130,118
1785,600,400
1785,593,540
1785,523,476
1785,500,455
1785,549,500
1785,386,351
1785,351,347
1786,188,160
1785,,
1786,375,346
1786,304,277
1786,399,370
1786,506,430
1786,710,605
1786,153,135
1786,376,151
1786,376,299
1786,280,83
1786,838,763
1786,166,141
1786,459,424
1786,304,247
1786,835,760
1787,469,400
1786,411,410
1786,78,76
1787,336,286
1787,270,236
1786,400,238
1787,275,250
1787,516,452
1787,365,360
1787,332,283
1787,286,260
1787,353,255
1787,789,718
1787,118,105
1787,470,419
1787,635,540
1788,347,316
1788,276,251
1787,227,206
1787,469,400
1787,359,315
1788,414,359
1788,424,287
1787,75,78
1787,334,
1788,342,258
1788,779,682
1788,542,493
1788,541,485
1788,533,316
1788,180,112
1789,165,153
1788,514,512
1788,495,441
1788,454,361
1788,540,472
1789,270,205
1789,672,565
1789,496,488
1789,504,423
1789,700,683
1790,181,155
1790,399,363
1790,476,408
1790,411,353
1790,310,266
1790,438,376
1790,237,180
1790,528,450
1790,316,288
1791,226,204
1790,583,500
1790,546,530
1790,169,150
1791,420,360
1790,386,351
1791,367,313
1791,352,300
1790,386,267
1791,545,538
1790,41,36
1791,386,351
1791,310,266
1792,386,351
1791,310,266
1792,367,313
1792,417,360
1792,310,266
1792,310,266
1793,367,313
1714,305,233
1714,197,150
1715,521,495
1716,462,420
1715,375,300
1716,200,174
1716,302,260
1716,100,89
1717,91,73
1717,424,340
1718,367,294
1719,180,154
1718,250,200
1719,122,98
1719,105,93
1719,120,118
1719,112,99
1720,130,127
1720,62,50
1720,220,214
1721,56,50
1721,300,289
1721,200,196
1721,250,222
1722,89,79
1722,290,268
1723,80,78
1723,100,95
1724,40,39
1727,493,420
1728,516,431
1729,226,209
1729,261,222
1733,416,333
1733,144,115
1735,169,150
1737,290,232
1740,423,385
1742,386,351
1743,514,468
1744,70,56
1744,386,351
1744,198,180
1744,,
1749,22,18
1749,386,351
1749,227,193
1751,386,351
1751,386,351
1751,250,208
1752,47,39
1752,273,236
1753,386,351
1753,386,351
1753,386,351
1752,386,351
1753,386,351
1754,374,342
1754,250,208
1754,258,215
1755,250,209
1755,386,351
1754,226,204
1755,386,351
1754,386,351
1755,226,204
1756,386,351
1755,386,351
1756,421,396
1764,309,281
1764,598,544
1764,386,351
1764,555,505
1764,250,208
1764,386,351
1764,276,209
1765,627,571
1765,386,351
1766,296,256
1765,381,347
1765,398,362
1766,571,520
1765,366,357
1766,595,541
1766,496,451
1765,541,530
1766,178,162
1766,630,573
1766,379,376
1767,399,363
1767,618,562
1767,335,305
1767,359,332
1767,345,327
1768,347,347
1768,478,468
1768,129,139
1768,481,461
1768,424,415
1768,291,297
1768,244,190
1769,445,441
1767,,
1768,316,288
1769,387,352
1768,420,360
1769,485,456
1769,291,293
1769,259,249
1770,358,326
1770,511,465
1770,385,379
1770,399,363
1770,165,125
1770,490,446
1770,357,325
1771,309,281
1771,470,428
1771,355,307
1771,636,579
1772,495,450
1772,623,597
1772,73,66
1772,571,520
1772,420,400
1772,336,325
1772,386,351
1772,510,464
1773,579,527
1774,386,351
1774,451,410
1774,621,565
1774,367,313
1774,739,630
1774,364,331
1774,250,208
1774,470,428
1774,386,351
1774,598,544
1774,42,37
1774,204,186
1773,,
1774,381,362
1773,386,351
1775,206,136
1775,114,114
1774,423,401
1774,376,368
1775,482,474
1775,473,469
1775,211,145
1775,15,15
1776,229,200
1776,230,189
1775,360,338
1775,189,172
1774,,
1774,,
1775,265,236
1775,169,
1776,455,438
1776,221,219
1776,155,139
1776,474,225
1776,168,98
1776,380,377
1776,62,51
1776,330,325
1776,371,338
1776,293,154
1776,169,150
1776,522,475
1776,401,365
1777,376,342
1776,495,450
1776,196,174
1777,169,128
1777,359,328
1777,347,316
1777,288,247
1777,169,150
1777,169,150
1776,169,150
1777,60,53
1778,250,213
1778,560,496
1778,480,415
1778,414,377
1778,126,107
1778,418,380
1778,570,500
1778,169,150
1778,484,440
1778,630,500
1777,386,351
1777,,
1778,838,719
1778,198,170
1778,405,369
1779,57,51
1779,475,432
1778,310,266
1778,141,127
1778,,
1778,302,272
1783,310,266
1782,386,351
1782,386,351
1782,367,313
1784,196,178
1784,418,380
1784,81,72
1783,169,150
1784,455,414
1784,640,582
1784,536,488
1784,666,606
1784,220,200
1784,286,260
1784,246,224
1784,367,317
1784,111,95
1784,133,118
1785,190,144
1785,184,167
1785,330,300
1785,463,400
1785,376,342
1785,545,496
1785,330,300
1784,386,351
1785,220,200
1785,273,248
1784,169,150
1785,340,309
1785,210,191
1785,440,380
1784,,
1785,466,424
1786,440,400
1785,564,526
1785,,
1786,457,416
1786,415,411
1785,169,150
1785,,
1786,290,247
1786,568,500
1786,198,181
1786,386,351
1786,391,356
1786,686,624
1786,357,322
1787,557,507
1786,310,266
1786,587,504
1786,371,334
1786,464,401
1786,113,60
1786,124,94
1786,451,410
1786,196,174
1786,258,228
1787,478,435
1787,422,380
1786,210,189
1787,421,383
1787,109,99
1786,253,228
1787,495,450
1787,735,669
1787,372,317
1787,523,476
1787,144,130
1787,470,403
1787,248,220
1786,,
1787,304,287
1787,221,190
1787,368,316
1787,116,185
1787,,
1788,581,531
1788,435,396
1788,440,400
1788,607,475
1788,419,344
1788,451,410
1788,451,402
1787,490,420
1788,455,393
1787,276,
1788,259,236
1788,299,272
1789,186,160
1788,193,180
1788,607,552
1787,,
1788,133,133
1788,436,377
1788,231,228
1789,302,257
1789,446,406
1788,114,
1789,390,354
1788,400,393
1789,613,558
1788,417,358
1789,300,285
1788,570,
1789,472,326
1789,298,206
1788,267,216
1788,310,266
1789,222,202
1789,454,413
1789,411,374
1789,202,179
1789,355,305
1789,303,276
1789,216,209
1789,462,420
1789,167,127
1789,394,338
1789,430,428
1789,323,286
1789,362,311
1789,405,350
1789,538,490
1789,421,379
1790,549,500
1790,59,52
1789,573,495
1789,214,190
1790,287,261
1790,220,200
1790,613,558
1789,374,284
1790,420,382
1790,440,400
1790,163,140
1790,490,420
1790,,
1790,236,204
1790,451,400
1791,397,358
1790,251,215
1790,269,245
1790,120,118
1790,70,60
1790,467,401
1790,88,78
1790,,
1791,356,340
1791,484,440
1792,233,200
1790,399,342
1791,173,131
1791,550,380
1790,147,130
1791,205,142
1791,526,501
1791,206,182
1791,62,55
1791,324,280
1791,519,468
1791,174,154
1792,428,361
1791,78,69
1791,421,383
1791,310,266
1791,310,266
1792,498,453
1792,386,351
1792,260,262
1791,169,150
1792,77,66
1791,,
1791,310,266
1792,171,130
1792,143,82
1791,310,266
1792,108,82
1793,310,266
1792,276,209
1792,169,150
1792,,
1792,169,150
1792,179,159
1793,386,351
1792,386,351
1792,386,351
1793,310,266
1714,425,324
1714,319,234
1721,391,349
1721,417,200
1721,340,303
1721,200,197
1722,350,344
1723,346,296
1723,227,201
1723,234,231
1723,105,90
1724,274,210
1724,522,460
1724,403,349
1724,371,357
1724,411,332
1725,337,287
1724,351,338
1724,625,575
1724,300,267
1725,238,194
1724,292,
1725,292,260
1725,138,66
1725,210,207
1725,300,294
1725,100,99
1724,367,313
1725,501,478
1725,540,509
1725,220,205
1725,110,109
1725,525,501
1725,482,466
1726,350,290
1726,491,431
1726,358,314
1726,43,38
1726,363,338
1725,148,131
1726,399,390
1726,235,227
1726,314,275
1726,278,244
1726,120,110
1726,643,569
1726,372,326
1726,268,219
1726,372,326
1727,333,292
1727,776,661
1727,300,296
1727,356,273
1728,516,464
1728,348,341
1728,400,356
1728,400,313
1729,371,325
1729,300,278
1729,450,363
1729,400,383
1730,361,327
1730,200,183
1730,224,196
1731,356,340
1730,,
1732,131,106
1731,334,312
1731,150,138
1732,372,326
1732,523,491
1732,200,183
1733,408,399
1733,431,337
1734,402,383
1734,404,377
1734,324,284
1735,400,386
1735,300,263
1735,393,382
1735,277,261
1736,479,473
1736,372,326
1736,405,389
1737,543,135
1737,304,302
1737,434,417
1737,501,439
1738,400,355
1738,245,222
1738,435,415
1738,442,380
1739,500,134
1739,500,471
1739,525,460
1739,600,553
1739,552,536
1740,372,326
1740,550,527
1741,372,326
1740,454,377
1740,300,276
1741,392,320
1741,200,175
1741,372,326
1741,500,439
1741,355,333
1742,700,645
1742,400,385
1742,410,367
1742,500,439
1742,551,508
1743,284,251
1743,372,326
1743,507,461
1744,372,326
1744,560,536
1750,367,313
1763,250,209
1764,80,71
1769,500,
1773,333,230
1777,476,329
1783,616,588
1783,310,266
1784,518,467
1785,386,267
1787,310,266
1787,200,189
1787,,
1788,820,630
1789,148,102
1790,318,220
1790,434,300
1792,310,214
1715,418,335
1729,754,642
1729,478,383
1735,477,382
1737,513,437
1737,86,73
1737,303,230
1737,60,
1741,271,217
1755,333,303
1765,375,312
1766,489,445
1766,304,243
1766,196,174
1767,25,22
1767,,
1769,350,329
1772,169,150
1772,226,204
1773,367,334
1776,429,390
1775,250,209
1777,452,411
1777,386,351
1782,169,150
1785,152,130
1784,371,338
1785,315,287
1787,171,118
1787,250,176
1786,369,280
1785,169,150
1785,,
1785,386,351
1785,195,166
1785,310,266
1786,386,351
1787,359,308
1787,321,275
1787,157,134
1787,245,210
1787,127,109
1790,250,173
1789,229,158
1789,310,266
1789,339,234
1788,414,286
1789,155,107
1789,409,372
1788,140,120
1790,334,231
1790,403,340
1790,386,267
1790,262,226
1790,337,233
1791,434,300
1790,134,115
1791,386,267
1790,796,550
1790,299,250
1790,579,485
1790,273,236
1793,741,674
1790,310,266
1790,45,40
1791,310,266
1792,550,414
1792,360,311
1791,386,267
1721,69,59
1728,219,187
1778,156,134
1755,189,163
1784,491,476
1715,470,418
1715,389,285
1771,552,530
1772,324,280
1785,175,150
1784,386,351
1786,91,89
1787,52,
1787,367,313
1787,309,91
1788,116,
1787,35,
1789,118,102
1790,330,300
1791,58,49
1790,93,80
1790,81,72
1791,275,262
1792,276,209
1793,183,24
1787,362,250
1714,230,129
1717,260,
1719,201,200
1719,250,250
1718,237,190
1719,226,204
1720,215,176
1720,190,154
1721,214,182
1721,158,118
1720,260,
1721,250,233
1721,257,211
1721,100,99
1721,208,208
1722,241,227
1722,343,289
1722,325,277
1722,175,145
1724,342,340
1724,392,370
1724,360,324
1726,278,237
1727,400,80
1728,31,26
1726,386,
1728,114,114
1727,123,123
1728,315,302
1728,538,450
1728,386,351
1729,107,91
1729,31,25
1729,307,301
1730,348,310
1730,360,307
1730,355,300
1731,166,143
1732,275,263
1731,287,287
1731,367,313
1732,211,211
1739,425,410
1741,402,402
1742,432,368
1742,185,180
1743,490,434
1743,271,217
1743,484,473
1743,271,217
1744,547,547
1744,131,105
1744,600,522
1743,271,217
1745,180,177
1744,425,418
1747,271,217
1748,386,351
1749,559,499
1749,110,109
1749,543,494
1749,282,260
1750,271,217
1750,600,408
1750,271,217
1750,345,250
1751,500,496
1751,304,278
1751,169,163
1752,275,275
1752,386,351
1752,232,214
1752,386,351
1752,302,297
1752,115,115
1752,113,110
1752,621,530
1752,543,463
1752,81,78
1753,471,471
1753,250,208
1754,232,209
1753,386,351
1754,386,351
1754,131,116
1754,386,351
1754,386,351
1754,250,208
1754,219,204
1755,386,351
1754,58,54
1755,386,351
1755,212,177
1754,273,
1756,386,351
1756,603,599
1764,612,606
1764,373,318
1764,337,292
1764,190,148
1764,286,284
1765,444,404
1764,652,650
1764,673,660
1765,196,118
1765,334,294
1765,466,456
1765,192,151
1765,356,277
1766,243,236
1766,373,367
1766,262,250
1766,703,678
1766,220,220
1766,319,315
1767,451,451
1768,348,348
1767,297,297
1767,616,584
1767,189,189
1768,485,463
1768,183,177
1768,514,506
1768,238,238
1768,220,220
1768,152,152
1768,179,179
1768,323,323
1768,344,344
1769,418,399
1769,448,448
1769,283,235
1769,222,222
1769,160,170
1770,320,309
1770,451,438
1770,411,398
1770,172,153
1770,486,472
1770,305,262
1770,288,207
1770,351,341
1770,285,260
1771,568,538
1771,404,397
1771,273,273
1771,51,51
1771,325,288
1771,397,380
1772,606,598
1772,482,467
1772,291,291
1773,250,249
1773,550,537
1773,330,310
1773,292,259
1773,500,461
1773,250,209
1774,380,280
1775,405,400
1775,833,777
1775,397,384
1775,501,495
1775,299,226
1776,500,496
1776,79,78
1778,553,553
1776,346,310
1777,386,351
1777,879,862
1777,553,545
1777,519,519
1778,242,220
1778,386,267
1777,169,150
1777,310,266
1778,130,130
1778,481,481
1778,657,600
1779,396,211
1782,800,800
1783,840,804
1784,427,392
1785,386,351
1786,592,515
1786,533,508
1787,500,500
1788,450,516
1788,310,266
1788,133,90
1788,520,489
1789,517,517
1790,600,
1790,374,364
1790,463,463
1790,230,230
1790,190,190
1790,190,190
1791,600,600
1792,107,107
1792,386,351
1792,310,266
1792,310,266
1793,103,103
1786,166,115
1732,256,247
1733,510,266
1733,271,217
1735,271,217
1737,271,217
1739,271,217
1743,393,358
1751,90,
1751,256,218
1751,123,98
1753,152,137
1755,255,230
1764,306,255
1714,393,300
1754,403,381
1743,271,217
1743,484,473
1729,271,217
1701,655,500
1705,316,241
1703,500,107
1703,162,124
1704,112,64
1703,275,251
1705,209,197
1705,563,288
1707,446,340
1708,28,21
1708,550,413
1708,476,369
1709,357,298
1710,292,244
1710,75,57
1712,202,154
1712,272,228
1712,316,241
1703,40,31
1755,250,209
1820,244,200
1754,250,209
1793,970,670
1708,450,265
1701,600,458
1679,120,92
1817,179,159
1706,58,44
1753,24,18
1755,280,233
1774,169,150
1774,169,150
1784,511,371
1783,386,351
1784,386,267
1786,386,
1786,646,588
1787,88,80
1786,386,267
1788,310,266
1696,332,322
1788,177,152
1789,310,266
1791,112,104
1803,325,247
1803,400,312
1803,760,700
1803,453,396
1803,47,41
1803,349,319
1802,547,448
1803,412,368
1803,401,367
1803,223,204
1860,,
1806,91,83
1826,348,287
1826,497,410
1769,322,244
1768,,
1805,310,232
1805,310,279
