Year of arrival at port of disembarkation,Total embarked,Total disembarked,Total died
1650,325,259,66
1650,330,264,66
1650,244,209,35
1650,244,209,35
1650,406,356,50
1650,181,155,26
1650,338,291,47
1650,244,209,35
1650,244,209,35
1650,244,209,35
1650,325,259,66
1650,150,113,37
1651,1280,1100,180
1651,200,170,30
1651,181,155,26
1651,700,618,82
1651,330,264,66
1651,492,385,107
1651,347,281,66
1651,650,574,76
1651,700,400,300
1651,244,209,35
1652,325,259,66
1652,351,258,93
1652,273,191,82
1652,179,158,21
1652,273,191,82
1652,170,138,32
1652,338,291,47
1652,216,153,63
1652,346,259,87
1652,145,109,36
1652,145,109,36
1652,207,125,82
1652,325,259,66
1652,179,158,21
1652,347,281,66
1652,244,209,35
1652,325,259,66
1652,328,285,43
1653,334,234,100
1653,273,191,82
1653,273,191,82
1653,381,331,50
1653,325,259,66
1653,380,352,28
1653,406,356,50
1653,325,259,66
1653,340,271,69
1654,338,291,47
1654,212,182,30
1654,328,285,43
1654,259,207,52
1654,325,259,66
1654,325,259,66
1654,60,20,40
1654,378,56,322
1654,325,259,66
1654,325,259,66
1654,325,259,66
1654,325,259,66
1654,314,242,72
1654,314,242,72
1654,145,109,36
1654,145,109,36
1654,150,129,21
1654,145,109,36
1654,145,109,36
1654,145,109,36
1654,145,109,36
1654,170,146,24
1654,145,109,36
1655,145,109,36
1655,145,109,36
1655,145,109,36
1655,145,109,36
1655,145,109,36
1655,145,109,36
1655,330,264,66
1655,325,259,66
1655,328,285,43
1655,347,281,66
1655,455,391,64
1655,320,244,76
1655,253,250,3
1655,86,70,16
1655,145,109,36
1655,145,109,36
1655,145,109,36
1655,86,69,17
1655,145,109,36
1655,145,109,36
1655,145,109,36
1656,17,14,3
1656,192,121,71
1656,450,380,70
1656,23,18,5
1656,20,16,4
1656,325,259,66
1656,251,174,77
1656,325,259,66
1656,325,259,66
1656,325,259,66
1656,239,192,47
1656,104,87,17
1656,325,259,66
1656,330,264,66
1656,141,121,20
1656,94,80,14
1656,705,563,142
1656,163,140,23
1656,54,47,7
1656,600,479,121
1656,216,153,63
1656,325,259,66
1656,325,259,66
1657,273,191,82
1657,680,225,455
1657,325,259,66
1657,267,213,54
1657,330,264,66
1657,251,174,77
1657,259,207,52
1657,697,290,407
1657,80,56,24
1657,259,207,52
1657,338,291,47
1657,347,281,66
1657,330,264,66
1657,160,128,32
1658,145,109,36
1658,259,207,52
1658,338,291,47
1658,145,109,36
1658,145,109,36
1658,337,253,84
1658,288,216,72
1658,1601,1200,401
1658,325,259,66
1658,330,264,66
1658,500,174,326
1658,330,264,66
1658,117,82,35
1658,450,283,167
1658,346,300,46
1658,94,75,19
1658,201,160,41
1658,140,112,28
1658,273,191,82
1658,262,228,34
1658,145,109,36
1658,362,241,121
1658,145,109,36
1658,272,222,50
1659,145,109,36
1659,422,178,244
1659,400,319,81
1659,195,85,110
1659,627,500,127
1659,328,285,43
1659,316,241,75
1659,328,285,43
1659,461,400,61
1659,273,191,82
1659,325,259,66
1659,123,98,25
1659,325,259,66
1659,328,285,43
1659,398,318,80
1659,557,300,257
1659,338,291,47
1659,145,109,36
1659,259,207,52
1659,273,191,82
1659,145,109,36
1659,145,109,36
1659,398,318,80
1659,400,220,180
1659,385,331,54
1659,145,109,36
1660,328,285,43
1660,338,291,47
1660,478,411,67
1660,338,291,47
1660,145,109,36
1660,328,285,43
1660,259,207,52
1660,259,207,52
1660,218,174,44
1660,330,264,66
1660,133,106,27
1660,1065,850,215
1660,145,109,36
1660,145,109,36
1660,145,109,36
1660,338,291,47
1660,367,316,51
1660,190,163,27
1661,347,281,66
1661,179,158,21
1661,209,180,29
1661,225,180,45
1661,175,140,35
1661,259,207,52
1661,292,260,32
1661,125,100,25
1661,338,291,47
1661,259,207,52
1661,346,259,87
1661,35,27,8
1661,316,247,69
1661,145,109,36
1661,82,71,11
1661,273,191,82
1661,179,158,21
1661,330,264,66
1661,259,207,52
1661,346,259,87
1661,338,291,47
1662,347,281,66
1662,125,100,25
1662,179,158,21
1662,330,264,66
1662,330,264,66
1662,328,285,43
1662,145,109,36
1662,330,264,66
1662,217,195,22
1662,47,38,9
1662,273,191,82
1662,700,559,141
1662,36,35,1
1662,150,120,30
1662,347,281,66
1662,273,191,82
1662,455,391,64
1662,351,280,71
1662,194,155,39
1662,317,247,70
1662,163,130,33
1663,455,391,64
1663,338,291,47
1663,150,120,30
1663,273,191,82
1663,164,128,36
1663,351,281,70
1663,251,174,77
1663,338,291,47
1663,338,291,47
1663,50,40,10
1663,101,85,16
1663,373,150,223
1663,180,125,55
1663,259,197,62
1663,229,159,70
1663,300,270,30
1663,224,175,49
1663,9,8,1
1663,251,174,77
1663,273,191,82
1663,338,291,47
1663,251,174,77
1663,531,415,116
1663,179,158,21
1663,316,247,69
1663,21,17,4
1663,382,331,51
1664,179,158,21
1664,245,170,75
1664,242,168,74
1664,267,185,82
1664,302,282,20
1664,471,405,66
1664,223,155,68
1664,301,272,29
1664,316,241,75
1664,345,325,20
1664,346,272,74
1664,112,90,22
1664,421,348,73
1664,328,285,43
1664,316,247,69
1664,400,307,93
1664,340,236,104
1664,404,307,97
1664,309,250,59
1664,338,291,47
1664,245,170,75
1664,455,391,64
1664,337,253,84
1664,347,281,66
1664,398,276,122
1664,184,130,54
1664,321,223,98
1664,337,253,84
1664,135,93,42
1664,119,100,19
1664,406,356,50
1664,256,178,78
1664,209,145,64
1664,179,158,21
1664,373,320,53
1664,251,174,77
1664,215,149,66
1664,316,247,69
1664,294,230,64
1664,204,155,49
1664,280,194,86
1664,478,363,115
1664,278,193,85
1664,108,92,16
1664,200,138,62
1664,382,331,51
1664,404,307,97
1664,287,230,57
1664,338,291,47
1664,330,330,0
1664,251,174,77
1665,286,217,69
1665,273,191,82
1665,338,291,47
1665,341,237,104
1665,404,307,97
1665,143,112,31
1665,300,243,57
1665,404,307,97
1665,238,165,73
1665,268,186,82
1665,622,498,124
1665,195,152,43
1665,275,215,60
1665,191,164,27
1665,300,208,92
1665,251,174,77
1665,455,391,64
1665,316,247,69
1665,666,462,204
1665,251,174,77
1665,131,91,40
1665,278,211,67
1665,174,150,24
1665,474,329,145
1665,406,356,50
1665,577,500,77
1665,298,233,65
1665,259,244,15
1665,338,291,47
1665,232,161,71
1665,338,291,47
1665,129,98,31
1665,455,391,64
1665,316,247,69
1666,216,153,63
1666,576,400,176
1666,605,485,120
1666,235,188,47
1666,316,241,75
1666,225,156,69
1666,338,291,47
1666,398,319,79
1666,235,188,47
1666,316,247,69
1666,147,102,45
1666,235,188,47
1666,210,146,64
1666,328,285,43
1666,338,291,47
1666,316,241,75
1666,275,191,84
1666,293,203,90
1666,170,118,52
1666,352,244,108
1666,338,291,47
1666,215,149,66
1666,288,216,72
1667,338,291,47
1667,244,209,35
1667,404,307,97
1667,338,291,47
1667,212,170,42
1667,1124,900,224
1667,455,391,64
1667,455,391,64
1667,253,178,75
1667,338,291,47
1667,488,420,68
1667,291,233,58
1667,291,233,58
1667,375,300,75
1667,291,233,58
1667,272,207,65
1667,312,250,62
1667,316,241,75
1667,240,208,32
1668,21,16,5
1668,455,391,64
1668,273,191,82
1668,243,209,34
1668,273,191,82
1668,330,264,66
1668,328,285,43
1668,330,264,66
1668,177,152,25
1668,564,452,112
1668,251,174,77
1668,338,291,47
1668,148,127,21
1668,189,155,34
1668,328,285,43
1668,131,106,25
1668,143,123,20
1668,217,187,30
1668,250,215,35
1668,216,186,30
1668,273,191,82
1668,244,210,34
1668,259,207,52
1668,280,219,61
1668,251,174,77
1668,316,247,69
1668,338,291,47
1668,269,231,38
1668,338,291,47
1668,328,198,130
1668,213,166,47
1668,215,187,28
1668,276,211,65
1669,273,191,82
1669,30,26,4
1669,273,191,82
1669,867,650,217
1669,455,391,64
1669,337,253,84
1669,422,262,160
1669,338,291,47
1669,328,285,43
1669,520,447,73
1669,273,191,82
1669,251,174,77
1669,455,391,64
1669,549,472,77
1669,338,291,47
1669,147,126,21
1669,338,291,47
1669,455,391,64
1669,230,200,30
1669,455,391,64
1669,429,300,129
1669,131,113,18
1669,338,291,47
1669,548,471,77
1669,524,450,74
1669,173,150,23
1669,266,186,80
1669,392,320,72
1669,455,391,64
1669,338,291,47
1669,330,264,66
1669,328,285,43
1669,194,136,58
1670,338,291,47
1670,328,285,43
1670,338,291,47
1670,563,443,120
1670,330,264,66
1670,412,288,124
1670,249,174,75
1670,434,334,100
1670,234,195,39
1670,338,291,47
1670,328,285,43
1670,278,212,66
1670,110,95,15
1670,338,291,47
1670,273,191,82
1670,330,264,66
1670,337,253,84
1670,328,285,43
1670,455,391,64
1670,455,391,64
1670,338,291,47
1670,338,291,47
1670,251,174,77
1670,328,285,43
1670,273,191,82
1671,455,391,64
1671,244,209,35
1671,455,391,64
1671,76,58,18
1671,367,280,87
1671,338,291,47
1671,337,253,84
1671,316,241,75
1671,455,391,64
1671,455,391,64
1671,233,163,70
1671,338,291,47
1671,328,285,43
1671,278,215,63
1671,273,191,82
1671,550,473,77
1671,338,291,47
1671,338,291,47
1671,386,295,91
1671,72,51,21
1671,292,260,32
1671,455,391,64
1671,292,260,32
1671,337,253,84
1671,150,129,21
1671,338,291,47
1671,71,50,21
1671,244,209,35
1671,357,319,38
1671,227,160,67
1671,273,191,82
1671,229,160,69
1671,54,42,12
1671,455,391,64
1671,58,44,14
1671,337,253,84
1671,455,391,64
1671,338,291,47
1671,338,291,47
1671,304,210,94
1672,337,253,84
1672,935,664,271
1672,459,350,109
1672,800,687,113
1672,429,369,60
1672,275,210,65
1672,455,391,64
1672,470,404,66
1672,330,264,66
1672,455,391,64
1672,338,291,47
1672,338,291,47
1672,314,242,72
1672,316,241,75
1672,330,264,66
1672,285,218,67
1672,244,209,35
1672,149,119,30
1672,180,125,55
1672,316,241,75
1672,455,391,64
1672,498,428,70
1673,500,100,400
1673,316,241,75
1673,1110,900,210
1673,285,218,67
1673,455,391,64
1673,455,391,64
1673,474,331,143
1673,820,586,234
1673,473,413,60
1673,191,164,27
1673,338,291,47
1673,487,419,68
1673,67,50,17
1673,275,220,55
1674,327,262,65
1674,531,415,116
1674,330,264,66
1674,316,247,69
1674,316,247,69
1674,130,110,20
1674,656,553,103
1674,467,394,73
1674,467,394,73
1674,342,322,20
1674,399,277,122
1674,291,202,89
1674,215,204,11
1674,59,47,12
1674,455,384,71
1674,330,264,66
1674,100,85,15
1674,377,280,97
1674,691,544,147
1674,439,394,45
1674,516,470,46
1674,251,174,77
1674,330,264,66
1674,316,247,69
1674,330,264,66
1674,150,126,24
1674,179,158,21
1675,125,110,15
1675,481,414,67
1675,333,231,102
1675,462,351,111
1675,521,417,104
1675,468,403,65
1675,407,318,89
1675,151,105,46
1675,563,458,105
1675,396,317,79
1675,604,550,54
1675,524,477,47
1675,91,73,18
1675,387,310,77
1675,192,150,42
1675,251,174,77
1675,316,247,69
1675,151,126,25
1675,316,247,69
1675,112,90,22
1675,408,319,89
1675,409,328,81
1675,104,72,32
1675,115,80,35
1675,151,126,25
1675,157,109,48
1675,316,241,75
1675,301,209,92
1675,316,241,75
1675,12,10,2
1675,467,394,73
1676,346,300,46
1676,346,300,46
1676,408,356,52
1676,343,242,101
1676,256,220,36
1676,315,224,91
1676,600,574,26
1676,500,494,6
1676,292,260,32
1676,391,313,78
1676,408,356,52
1676,350,301,49
1676,400,324,76
1676,524,477,47
1676,250,198,52
1676,144,100,44
1676,467,394,73
1676,61,42,19
1676,524,477,47
1676,103,86,17
1676,467,394,73
1676,467,394,73
1676,235,163,72
1676,133,92,41
1676,251,174,77
1676,302,286,16
1676,430,372,58
1676,500,422,78
1676,256,178,78
1676,299,239,60
1676,232,161,71
1676,304,210,94
1676,343,306,37
1676,450,379,71
1677,194,155,39
1677,437,375,62
1677,270,238,32
1677,340,240,100
1677,512,400,112
1677,500,450,50
1677,474,417,57
1677,500,422,78
1677,243,195,48
1677,290,256,34
1677,467,394,73
1677,243,195,48
1677,402,281,121
1677,611,477,134
1677,105,80,25
1677,317,247,70
1677,317,247,70
1677,100,91,9
1677,222,154,68
1677,219,152,67
1677,173,120,53
1677,313,241,72
1677,475,371,104
1677,410,167,243
1677,316,241,75
1677,200,175,25
1677,524,450,74
1677,150,120,30
1677,250,191,59
1677,122,98,24
1677,400,337,63
1677,243,195,48
1677,400,313,87
1677,244,209,35
1677,181,145,36
1677,244,209,35
1678,766,582,184
1678,376,286,90
1678,199,138,61
1678,350,280,70
1678,219,152,67
1678,283,245,38
1678,243,195,48
1678,348,268,80
1678,209,163,46
1678,465,372,93
1678,1100,935,165
1678,260,230,30
1678,399,376,23
1678,417,329,88
1678,447,385,62
1678,222,180,42
1678,200,160,40
1678,251,174,77
1678,467,394,73
1678,316,241,75
1678,497,388,109
1678,238,186,52
1678,251,174,77
1678,406,356,50
1678,406,356,50
1678,408,356,52
1678,418,318,100
1678,400,313,87
1678,179,158,21
1678,125,87,38
1678,250,200,50
1678,243,195,48
1678,316,241,75
1678,300,234,66
1678,53,45,8
1678,246,197,49
1678,467,394,73
1678,243,195,48
1678,134,107,27
1678,200,169,31
1678,244,209,35
1678,500,422,78
1679,505,293,212
1679,326,226,100
1679,311,216,95
1679,217,197,20
1679,337,233,104
1679,293,180,113
1679,337,233,104
1679,468,403,65
1679,137,110,27
1679,147,102,45
1679,337,233,104
1679,149,126,23
1679,216,153,63
1679,357,319,38
1679,149,126,23
1679,120,92,28
1679,316,241,75
1679,216,153,63
1679,122,93,29
1679,364,331,33
1679,316,241,75
1679,316,241,75
1679,474,417,57
1679,380,366,14
1679,316,241,75
1679,316,241,75
1679,316,241,75
1679,290,245,45
1679,260,230,30
1679,316,241,75
1679,316,241,75
1679,216,153,63
1679,243,195,48
1679,375,300,75
1679,388,357,31
1679,320,200,120
1679,87,70,17
1679,202,140,62
1679,75,60,15
1679,500,422,78
1679,51,40,11
1679,254,239,15
1679,356,172,184
1679,191,152,39
1679,151,105,46
1679,278,193,85
1679,398,336,62
1679,209,177,32
1679,223,176,47
1679,500,422,78
1679,500,422,78
1679,207,184,23
1679,400,313,87
1679,400,313,87
1679,100,80,20
1679,230,218,12
1679,70,55,15
1679,179,160,19
1679,550,417,133
1679,270,244,26
1679,75,60,15
1680,551,478,73
1680,37,34,3
1680,430,391,39
1680,182,126,56
1680,251,174,77
1680,277,216,61
1680,243,195,48
1680,251,174,77
1680,251,174,77
1680,565,490,75
1680,406,356,50
1680,560,400,160
1680,410,325,85
1680,243,195,48
1680,100,80,20
1680,71,59,12
1680,55,44,11
1680,244,209,35
1680,243,195,48
1680,243,195,48
1680,406,356,50
1680,467,394,73
1680,406,356,50
1680,260,230,30
1680,94,75,19
1680,36,33,3
1680,622,473,149
1680,307,182,125
1680,150,120,30
1680,400,313,87
1680,243,195,48
1680,483,407,76
1680,700,600,100
1680,350,295,55
1680,500,422,78
1680,600,546,54
1680,483,483,0
1680,149,126,23
1680,513,484,29
1680,433,394,39
1680,600,220,380
1680,170,141,29
1680,330,298,32
1680,708,476,232
1680,401,278,123
1680,404,307,97
1680,243,195,48
1680,207,144,63
1680,520,479,41
1680,214,180,34
1680,150,120,30
1680,524,477,47
1680,237,185,52
1680,385,325,60
1680,433,394,39
1681,212,73,139
1681,227,162,65
1681,479,415,64
1681,408,310,98
1681,235,59,176
1681,243,195,48
1681,250,172,78
1681,66,55,11
1681,118,105,13
1681,139,111,28
1681,243,195,48
1681,70,67,3
1681,253,178,75
1681,288,219,69
1681,467,394,73
1681,292,260,32
1681,213,199,14
1681,146,101,45
1681,288,200,88
1681,549,476,73
1681,243,195,48
1681,243,195,48
1681,316,241,75
1681,216,153,63
1681,483,440,43
1681,216,153,63
1681,216,153,63
1681,216,153,63
1681,282,220,62
1681,62,50,12
1681,251,174,77
1681,243,195,48
1681,243,195,48
1681,243,195,48
1681,216,153,63
1681,316,241,75
1681,237,190,47
1681,376,260,116
1681,222,180,42
1681,254,250,4
1681,137,110,27
1681,112,90,22
1681,692,630,62
1681,427,295,132
1681,228,174,54
1681,500,455,45
1681,400,313,87
1681,529,470,59
1681,292,260,32
1681,400,313,87
1681,280,196,84
1681,320,175,145
1681,316,241,75
1681,97,85,12
1681,232,130,102
1681,155,118,37
1681,500,321,179
1681,492,410,82
1681,40,20,20
1681,400,170,230
1681,243,195,48
1681,243,195,48
1681,420,290,130
1681,402,281,121
1681,362,250,112
1681,521,439,82
1681,243,195,48
1681,500,452,48
1681,310,261,49
1681,500,455,45
1681,400,313,87
1681,237,190,47
1681,467,394,73
1681,550,504,46
1681,316,241,75
1681,83,77,6
1681,469,407,62
1681,467,394,73
1682,524,477,47
1682,302,255,47
1682,404,307,97
1682,672,511,161
1682,315,300,15
1682,579,440,139
1682,280,163,117
1682,395,296,99
1682,326,261,65
1682,243,195,48
1682,207,158,49
1682,316,241,75
1682,316,241,75
1682,243,195,48
1682,243,195,48
1682,243,195,48
1682,243,195,48
1682,438,380,58
1682,316,241,75
1682,316,241,75
1682,474,417,57
1682,404,307,97
1682,437,350,87
1682,243,195,48
1682,243,195,48
1682,524,477,47
1682,179,158,21
1682,243,195,48
1682,357,319,38
1682,404,307,97
1682,500,455,45
1682,500,422,78
1682,316,241,75
1682,243,195,48
1682,317,247,70
1682,355,308,47
1682,243,195,48
1682,243,195,48
1682,250,232,18
1682,160,70,90
1682,160,111,49
1682,243,195,48
1682,243,195,48
1682,686,521,165
1682,467,355,112
1682,100,90,10
1682,475,371,104
1682,316,241,75
1682,200,169,31
1682,243,195,48
1682,35,24,11
1682,253,120,133
1682,24,19,5
1682,200,180,20
1682,218,178,40
1682,230,217,13
1682,146,119,27
1682,164,114,50
1682,508,386,122
1683,313,241,72
1683,208,189,19
1683,230,133,97
1683,133,124,9
1683,243,195,48
1683,243,195,48
1683,243,195,48
1683,316,241,75
1683,381,331,50
1683,243,195,48
1683,243,195,48
1683,243,195,48
1683,317,247,70
1683,362,275,87
1683,187,150,37
1683,154,120,34
1683,304,210,94
1683,304,210,94
1683,27,22,5
1683,87,70,17
1683,130,90,40
1683,243,195,48
1683,243,195,48
1683,75,60,15
1683,334,254,80
1683,243,195,48
1683,251,174,77
1683,118,105,13
1683,467,394,73
1683,243,195,48
1683,243,195,48
1683,62,48,14
1683,250,191,59
1683,316,241,75
1683,200,169,31
1683,174,121,53
1683,347,240,107
1683,279,242,37
1683,396,301,95
1683,258,226,32
1683,600,417,183
1683,164,104,60
1683,507,474,33
1683,520,440,80
1683,467,394,73
1683,467,394,73
1683,315,208,107
1683,448,221,227
1683,531,231,300
1683,260,175,85
1683,196,176,20
1683,170,147,23
1683,231,160,71
1683,289,200,89
1683,500,455,45
1683,197,137,60
1683,220,188,32
1683,243,195,48
1683,404,307,97
1683,243,195,48
1683,243,195,48
1683,243,195,48
1683,118,116,2
1683,171,169,2
1683,154,123,31
1683,317,254,63
1683,289,200,89
1683,316,241,75
1683,378,202,176
1683,289,200,89
1683,216,191,25
1683,118,100,18
1683,550,417,133
1683,200,191,9
1683,488,419,69
1683,282,252,30
1684,270,234,36
1684,524,477,47
1684,316,241,75
1684,243,195,48
1684,467,394,73
1684,181,163,18
1684,260,230,30
1684,492,412,80
1684,406,356,50
1684,316,241,75
1684,200,180,20
1684,319,249,70
1684,215,190,25
1684,292,260,32
1684,380,290,90
1684,316,247,69
1684,529,459,70
1684,651,495,156
1684,130,110,20
1684,90,74,16
1684,311,216,95
1684,243,195,48
1684,245,197,48
1684,342,260,82
1684,500,455,45
1684,343,235,108
1684,330,134,196
1684,55,46,9
1684,153,136,17
1684,230,215,15
1684,530,443,87
1684,610,580,30
1684,320,256,64
1684,200,139,61
1684,397,306,91
1684,424,340,84
1684,212,161,51
1684,233,200,33
1684,500,422,78
1684,232,160,72
1684,146,101,45
1684,168,116,52
1684,437,427,10
1684,500,491,9
1684,309,250,59
1684,200,170,30
1684,179,158,21
1684,244,209,35
1684,275,216,59
1684,243,195,48
1684,600,516,84
1684,282,214,68
1684,282,221,61
1684,410,122,288
1684,179,136,43
1684,176,153,23
1685,560,502,58
1685,243,195,48
1685,243,195,48
1685,243,195,48
1685,406,356,50
1685,467,394,73
1685,467,394,73
1685,243,195,48
1685,317,247,70
1685,316,247,69
1685,243,195,48
1685,200,180,20
1685,243,195,48
1685,243,195,48
1685,258,179,79
1685,384,262,122
1685,406,356,50
1685,254,176,78
1685,251,174,77
1685,249,216,33
1685,243,195,48
1685,255,200,55
1685,243,195,48
1685,304,210,94
1685,906,730,176
1685,316,241,75
1685,144,110,34
1685,190,132,58
1685,316,241,75
1685,260,230,30
1685,118,105,13
1685,118,105,13
1685,474,417,57
1685,373,289,84
1685,260,230,30
1685,260,230,30
1685,146,114,32
1685,360,272,88
1685,500,369,131
1685,500,480,20
1685,715,629,86
1685,268,204,64
1685,316,241,75
1685,316,241,75
1685,310,242,68
1685,260,230,30
1685,376,326,50
1685,362,325,37
1685,212,161,51
1685,400,313,87
1685,115,80,35
1685,467,394,73
1685,217,150,67
1685,379,329,50
1685,110,88,22
1685,260,214,46
1685,524,477,47
1685,240,166,74
1686,267,111,156
1686,153,146,7
1686,651,321,330
1686,179,158,21
1686,528,458,70
1686,217,192,25
1686,117,103,14
1686,77,68,9
1686,150,97,53
1686,457,347,110
1686,316,241,75
1686,166,115,51
1686,35,30,5
1686,586,554,32
1686,499,421,78
1686,404,307,97
1686,485,303,182
1686,508,465,43
1686,118,105,13
1686,251,174,77
1686,250,200,50
1686,388,300,88
1686,100,80,20
1686,150,106,44
1686,195,158,37
1686,191,153,38
1686,30,21,9
1686,243,195,48
1686,218,166,52
1686,267,203,64
1686,535,394,141
1686,734,560,174
1686,316,241,75
1686,304,210,94
1686,624,474,150
1686,582,442,140
1686,200,187,13
1686,278,211,67
1686,180,125,55
1686,319,277,42
1686,400,246,154
1686,426,369,57
1686,492,374,118
1686,357,319,38
1686,330,300,30
1686,83,74,9
1686,105,90,15
1686,279,158,121
1686,201,153,48
1686,170,145,25
1686,121,84,37
1686,260,230,30
1686,345,252,93
1686,369,320,49
1686,140,114,26
1686,292,260,32
1686,118,105,13
1686,366,317,49
1686,244,209,35
1686,508,484,24
1686,35,30,5
1686,120,43,77
1686,200,187,13
1686,149,126,23
1686,500,392,108
1686,243,195,48
1687,679,618,61
1687,29,22,7
1687,110,100,10
1687,185,128,57
1687,360,293,67
1687,489,424,65
1687,149,126,23
1687,40,35,5
1687,539,454,85
1687,500,455,45
1687,541,417,124
1687,118,105,13
1687,118,105,13
1687,500,455,45
1687,84,64,20
1687,316,241,75
1687,95,80,15
1687,196,178,18
1687,175,164,11
1687,500,422,78
1687,243,195,48
1687,336,233,103
1687,235,163,72
1687,251,174,77
1687,258,228,30
1687,260,230,30
1687,260,230,30
1687,260,230,30
1687,260,230,30
1687,316,241,75
1687,110,80,30
1687,317,247,70
1687,388,295,93
1687,200,175,25
1687,524,477,47
1687,368,280,88
1687,324,281,43
1687,550,501,49
1687,281,240,41
1687,360,345,15
1687,525,443,82
1687,524,477,47
1687,525,399,126
1687,429,326,103
1687,173,130,43
1687,251,174,77
1687,250,221,29
1687,281,236,45
1687,375,369,6
1687,140,102,38
1687,524,454,70
1687,100,80,20
1687,464,353,111
1687,524,477,47
1687,260,180,80
1687,102,90,12
1687,467,394,73
1687,316,241,75
1687,316,241,75
1687,462,351,111
1687,333,253,80
1687,265,184,81
1687,197,137,60
1687,154,107,47
1687,473,410,63
1687,539,454,85
1687,363,311,52
1687,400,320,80
1688,292,260,32
1688,380,331,49
1688,260,230,30
1688,363,291,72
1688,233,206,27
1688,467,355,112
1688,679,589,90
1688,260,230,30
1688,316,241,75
1688,500,455,45
1688,260,230,30
1688,550,501,49
1688,500,422,78
1688,140,102,38
1688,474,417,57
1688,316,241,75
1688,150,130,20
1688,404,307,97
1688,260,230,30
1688,375,300,75
1688,243,195,48
1688,471,464,7
1688,250,200,50
1688,251,174,77
1688,316,241,75
1688,316,241,75
1688,316,241,75
1688,250,238,12
1688,303,287,16
1688,467,394,73
1688,243,195,48
1688,303,210,93
1688,467,394,73
1688,177,162,15
1688,575,437,138
1688,430,420,10
1688,244,209,35
1688,80,62,18
1688,482,406,76
1688,150,129,21
1688,252,202,50
1688,358,287,71
1688,293,203,90
1688,105,80,25
1688,243,195,48
1688,587,470,117
1688,243,195,48
1688,243,195,48
1688,316,247,69
1688,150,140,10
1688,120,95,25
1688,500,420,80
1688,173,146,27
1688,474,417,57
1688,481,414,67
1689,441,360,81
1689,159,130,29
1689,316,241,75
1689,208,175,33
1689,268,232,36
1689,251,174,77
1689,464,424,40
1689,308,252,56
1689,260,230,30
1689,415,322,93
1689,180,180,0
1689,415,259,156
1689,260,230,30
1689,240,187,53
1689,107,81,26
1689,260,230,30
1689,262,200,62
1689,289,220,69
1689,381,331,50
1689,292,260,32
1689,226,157,69
1689,251,174,77
1689,291,202,89
1689,500,474,26
1689,260,230,30
1689,260,230,30
1689,657,570,87
1689,260,230,30
1689,330,286,44
1689,481,414,67
1689,539,503,36
1689,188,143,45
1689,282,246,36
1689,500,500,0
1689,562,436,126
1689,300,253,47
1689,662,503,159
1689,150,129,21
1689,270,205,65
1689,323,280,43
1690,404,307,97
1690,492,412,80
1690,406,356,50
1690,260,230,30
1690,260,230,30
1690,406,356,50
1690,251,174,77
1690,400,359,41
1690,260,230,30
1690,596,477,119
1690,406,356,50
1690,400,313,87
1690,655,500,155
1690,216,150,66
1690,136,109,27
1690,381,331,50
1690,251,174,77
1690,319,249,70
1690,118,105,13
1690,118,105,13
1690,260,230,30
1690,118,105,13
1690,304,210,94
1690,467,394,73
1690,555,422,133
1690,243,195,48
1690,292,260,32
1691,120,93,27
1691,292,260,32
1691,260,230,30
1691,118,105,13
1691,118,105,13
1691,781,766,15
1691,400,195,205
1691,67,59,8
1691,197,150,47
1691,500,455,45
1691,500,455,45
1691,260,230,30
1691,600,520,80
1691,496,430,66
1691,118,104,14
1691,512,487,25
1691,118,105,13
1691,243,195,48
1691,260,230,30
1691,260,230,30
1691,373,299,74
1691,339,299,40
1691,260,230,30
1691,492,412,80
1691,598,460,138
1691,492,412,80
1691,210,169,41
1691,179,158,21
1691,74,65,9
1691,635,580,55
1691,261,209,52
1691,292,260,32
1691,243,195,48
1691,260,230,30
1691,160,155,5
1691,175,140,35
1691,555,477,78
1691,260,230,30
1691,174,150,24
1691,572,435,137
1691,91,80,11
1691,243,195,48
1691,260,230,30
1691,460,445,15
1691,499,469,30
1691,316,241,75
1691,260,230,30
1692,260,230,30
1692,530,472,58
1692,208,184,24
1692,400,305,95
1692,568,455,113
1692,373,299,74
1692,467,394,73
1692,624,500,124
1692,687,550,137
1692,624,500,124
1692,468,403,65
1692,260,230,30
1692,118,105,13
1692,260,230,30
1692,244,209,35
1692,260,230,30
1692,277,240,37
1692,406,356,50
1692,624,500,124
1692,497,419,78
1692,635,584,51
1692,169,145,24
1692,260,230,30
1692,118,105,13
1692,200,169,31
1692,400,305,95
1692,855,650,205
1692,406,356,50
1692,406,356,50
1692,406,356,50
1692,237,190,47
1692,133,121,12
1692,499,400,99
1692,300,250,50
1692,118,105,13
1692,461,400,61
1692,243,195,48
1692,346,240,106
1692,243,195,48
1692,244,209,35
1692,606,511,95
1693,181,155,26
1693,243,195,48
1693,243,195,48
1693,316,241,75
1693,168,131,37
1693,374,200,174
1693,243,195,48
1693,598,288,310
1693,381,331,50
1693,731,665,66
1693,525,453,72
1693,500,455,45
1693,500,422,78
1693,474,417,57
1693,260,230,30
1693,734,588,146
1693,468,403,65
1693,233,200,33
1693,413,314,99
1693,159,145,14
1693,251,174,77
1693,88,69,19
1693,687,550,137
1693,365,290,75
1693,386,309,77
1693,208,167,41
1693,111,86,25
1693,421,401,20
1693,450,275,175
1693,260,230,30
1693,562,450,112
1693,391,335,56
1693,260,230,30
1693,118,105,13
1693,747,598,149
1693,244,209,35
1693,250,200,50
1693,260,230,30
1693,118,105,13
1693,118,105,13
1693,159,145,14
1693,641,489,152
1693,738,729,9
1693,524,400,124
1693,467,394,73
1694,321,305,16
1694,542,470,72
1694,600,486,114
1694,467,394,73
1694,118,105,13
1694,260,230,30
1694,406,356,50
1694,118,105,13
1694,179,158,21
1694,260,230,30
1694,388,357,31
1694,243,195,48
1694,330,265,65
1694,524,477,47
1694,152,122,30
1694,225,180,45
1694,600,573,27
1694,446,357,89
1694,108,86,22
1694,563,475,88
1694,700,372,328
1694,118,105,13
1694,118,105,13
1694,650,195,455
1694,562,450,112
1694,729,705,24
1694,484,452,32
1694,468,403,65
1694,524,477,47
1694,525,460,65
1694,243,195,48
1694,154,120,34
1694,243,195,48
1694,118,105,13
1694,260,230,30
1694,524,477,47
1694,400,383,17
1694,328,250,78
1694,34,27,7
1694,92,80,12
1694,468,403,65
1695,181,155,26
1695,316,241,75
1695,244,209,35
1695,111,110,1
1695,648,520,128
1695,598,541,57
1695,400,305,95
1695,586,498,88
1695,202,178,24
1695,618,596,22
1695,260,230,30
1695,116,102,14
1695,350,220,130
1695,505,426,79
1695,292,260,32
1695,260,230,30
1695,260,230,30
1695,118,105,13
1695,118,105,13
1695,118,105,13
1695,468,403,65
1695,244,209,35
1695,244,209,35
1695,150,40,110
1695,317,247,70
1695,100,78,22
1695,260,230,30
1695,260,230,30
1695,406,356,50
1695,260,230,30
1695,260,230,30
1695,200,196,4
1695,360,304,56
1695,316,241,75
1695,734,668,66
1695,700,700,0
1695,394,307,87
1695,427,296,131
1695,244,209,35
1695,467,394,73
1695,243,195,48
1695,188,160,28
1695,260,230,30
1695,133,131,2
1695,406,356,50
1696,807,630,177
1696,615,480,135
1696,243,195,48
1696,373,299,74
1696,251,201,50
1696,238,186,52
1696,260,230,30
1696,143,117,26
1696,102,90,12
1696,263,200,63
1696,332,322,10
1696,200,179,21
1696,108,92,16
1696,251,174,77
1696,243,195,48
1696,381,331,50
1696,575,485,90
1696,594,514,80
1696,120,113,7
1696,336,327,9
1696,129,125,4
1696,413,314,99
1696,243,195,48
1696,599,480,119
1696,243,195,48
1696,260,230,30
1696,605,502,103
1696,55,47,8
1696,225,180,45
1696,121,97,24
1696,613,491,122
1696,468,403,65
1696,243,195,48
1696,118,105,13
1696,179,158,21
1696,118,105,13
1696,260,230,30
1696,260,230,30
1696,118,105,13
1696,260,230,30
1696,118,105,13
1696,260,230,30
1696,492,412,80
1696,118,105,13
1696,118,105,13
1696,260,230,30
1696,260,230,30
1696,260,230,30
1696,118,105,13
1696,260,230,30
1696,218,175,43
1696,118,105,13
1696,260,230,30
1696,260,230,30
1697,562,512,50
1697,181,155,26
1697,616,430,186
1697,388,357,31
1697,145,102,43
1697,260,230,30
1697,118,105,13
1697,243,195,48
1697,250,200,50
1697,317,247,70
1697,317,247,70
1697,251,174,77
1697,179,158,21
1697,248,228,20
1697,529,446,83
1697,179,158,21
1697,118,105,13
1697,260,230,30
1697,316,247,69
1697,260,230,30
1697,406,356,50
1697,260,230,30
1697,118,105,13
1697,260,230,30
1697,260,230,30
1697,388,357,31
1697,952,853,99
1697,179,158,21
1697,118,105,13
1697,260,230,30
1697,118,105,13
1697,260,230,30
1697,260,230,30
1697,662,530,132
1697,118,105,13
1697,292,260,32
1697,118,105,13
1697,260,230,30
1697,260,230,30
1697,260,230,30
1697,118,105,13
1697,260,230,30
1697,260,230,30
1697,118,105,13
1697,468,403,65
1697,363,311,52
1697,149,119,30
1697,122,98,24
1697,112,90,22
1697,362,290,72
1697,687,550,137
1697,226,181,45
1697,174,133,41
1697,179,158,21
1697,446,383,63
1697,468,403,65
1697,118,105,13
1697,118,105,13
1697,260,230,30
1697,260,230,30
1697,260,230,30
1697,118,105,13
1697,118,105,13
1697,188,141,47
1697,163,140,23
1697,170,146,24
1697,317,247,70
1697,317,247,70
1697,317,247,70
1697,123,101,22
1697,203,167,36
1697,587,470,117
1697,155,124,31
1697,167,134,33
1698,494,396,98
1698,506,280,226
1698,149,126,23
1698,149,126,23
1698,166,133,33
1698,121,97,24
1698,317,220,97
1698,294,250,44
1698,601,494,107
1698,350,267,83
1698,220,167,53
1698,452,344,108
1698,570,529,41
1698,100,84,16
1698,536,488,48
1698,406,356,50
1698,135,103,32
1698,40,32,8
1698,244,209,35
1698,155,124,31
1698,171,130,41
1698,260,230,30
1698,260,230,30
1698,118,105,13
1698,260,230,30
1698,118,105,13
1698,406,356,50
1698,406,356,50
1698,260,230,30
1698,118,105,13
1698,118,105,13
1698,118,105,13
1698,118,105,13
1698,260,230,30
1698,118,105,13
1698,260,230,30
1698,492,412,80
1698,260,230,30
1698,243,195,48
1698,19,17,2
1698,468,403,65
1698,118,105,13
1698,260,230,30
1698,260,230,30
1698,388,357,31
1698,467,394,73
1698,330,313,17
1698,346,131,215
1698,212,147,65
1698,22,18,4
1698,243,195,48
1698,406,356,50
1698,260,230,30
1698,118,105,13
1698,118,105,13
1698,242,216,26
1698,733,624,109
1698,118,105,13
1698,431,364,67
1698,388,357,31
1698,130,104,26
1698,243,195,48
1698,250,200,50
1698,437,350,87
1698,118,105,13
1698,260,230,30
1698,316,241,75
1698,534,498,36
1698,524,477,47
1698,106,96,10
1698,204,148,56
1698,528,423,105
1698,279,218,61
1698,187,150,37
1698,118,105,13
1698,320,286,34
1698,357,319,38
1698,388,357,31
1698,260,230,30
1698,244,209,35
1698,406,356,50
1698,126,112,14
1698,89,76,13
1698,308,235,73
1698,406,356,50
1698,406,356,50
1698,141,120,21
1698,248,189,59
1698,518,395,123
1698,33,28,5
1698,267,214,53
1698,106,90,16
1698,146,111,35
1698,200,160,40
1698,260,230,30
1698,388,357,31
1698,406,356,50
1698,357,319,38
1698,118,105,13
1698,428,338,90
1698,435,340,95
1698,609,476,133
1698,385,343,42
1698,260,230,30
1698,118,105,13
1698,118,105,13
1698,118,105,13
1698,260,230,30
1698,250,200,50
1698,323,288,35
1698,244,209,35
1698,260,230,30
1698,142,114,28
1698,243,195,48
1698,243,195,48
1698,174,160,14
1698,286,229,57
1698,260,207,53
1698,83,70,13
1698,181,155,26
1698,360,345,15
1698,678,515,163
1698,151,151,0
1698,316,241,75
1698,63,50,13
1699,256,200,56
1699,291,221,70
1699,246,197,49
1699,243,195,48
1699,50,39,11
1699,406,356,50
1699,406,356,50
1699,402,322,80
1699,346,277,69
1699,260,230,30
1699,260,230,30
1699,480,180,300
1699,243,195,48
1699,341,304,37
1699,243,195,48
1699,247,220,27
1699,600,250,350
1699,49,49,0
1699,243,195,48
1699,148,125,23
1699,118,105,13
1699,244,209,35
1699,118,105,13
1699,357,319,38
1699,375,260,115
1699,375,300,75
1699,182,146,36
1699,108,92,16
1699,121,108,13
1699,148,131,17
1699,468,403,65
1699,363,311,52
1699,499,400,99
1699,107,95,12
1699,260,230,30
1699,260,230,30
1699,118,105,13
1699,292,260,32
1699,182,163,19
1699,136,124,12
1699,179,158,21
1699,388,357,31
1699,381,331,50
1699,534,417,117
1699,468,403,65
1699,468,403,65
1699,118,105,13
1699,494,400,94
1699,301,272,29
1699,122,105,17
1699,244,209,35
1699,406,356,50
1699,500,180,320
1699,412,330,82
1699,196,174,22
1699,118,105,13
1699,118,105,13
1699,118,105,13
1699,243,195,48
1699,149,126,23
1699,773,619,154
1699,576,461,115
1699,414,350,64
1699,372,314,58
1699,292,260,32
1699,316,241,75
1699,620,523,97
1699,406,356,50
1699,388,357,31
1699,118,105,13
1699,140,125,15
1699,400,358,42
1699,119,106,13
1699,499,400,99
1699,164,131,33
1699,181,145,36
1699,125,100,25
1699,237,190,47
1699,499,400,99
1699,248,194,54
1699,260,230,30
1699,118,105,13
1699,260,230,30
1699,118,105,13
1699,430,130,300
1699,118,105,13
1699,118,105,13
1699,265,212,53
1699,91,80,11
1699,550,464,86
1699,260,230,30
1699,260,230,30
1699,118,105,13
1699,260,230,30
1699,260,230,30
1699,638,568,70
1699,548,531,17
1699,363,311,52
1699,450,386,64
1699,260,230,30
1699,400,343,57
1699,363,311,52
1699,410,346,64
1699,450,325,125
1699,118,105,13
1699,260,230,30
1699,260,230,30
1699,118,105,13
1699,541,433,108
1699,250,200,50
1699,486,389,97
1699,134,107,27
1699,381,331,50
1699,303,210,93
1699,363,311,52
1699,118,105,13
1699,521,353,168
1699,468,403,65
1699,121,108,13
1699,243,195,48
1699,243,195,48
1699,243,195,48
1699,243,195,48
1699,167,127,40
1699,629,530,99
1699,573,500,73
1699,482,102,380
1699,237,190,47
1699,243,195,48
1700,243,195,48
1700,243,195,48
1700,243,195,48
1700,243,195,48
1700,243,195,48
1700,243,195,48
1700,148,131,17
1700,312,250,62
1700,462,370,92
1700,127,99,28
1700,218,170,48
1700,174,136,38
1700,112,100,12
1700,243,195,48
1700,169,149,20
1700,600,466,134
1700,450,382,68
1700,191,149,42
1700,260,230,30
1700,260,230,30
1700,118,105,13
1700,118,105,13
1700,260,230,30
1700,260,230,30
1700,542,238,304
1700,381,331,50
1700,243,195,48
1700,243,195,48
1700,243,195,48
1700,243,195,48
1700,552,492,60
1700,376,301,75
1700,606,376,230
1700,243,195,48
1700,243,195,48
1700,243,195,48
1700,243,195,48
1700,182,146,36
1700,243,195,48
1700,121,108,13
1700,169,150,19
1700,152,122,30
1700,424,340,84
1700,562,450,112
1700,132,118,14
1700,65,52,13
1700,474,380,94
1700,162,130,32
1700,318,270,48
1700,286,229,57
1700,160,128,32
1700,160,128,32
1700,237,190,47
1700,431,299,132
1700,274,190,84
1700,141,113,28
1700,175,140,35
1700,869,619,250
1700,363,311,52
1700,468,403,65
1700,468,403,65
1700,171,153,18
1700,189,162,27
1700,363,311,52
1700,363,311,52
1700,375,285,90
1700,52,46,6
1700,187,150,37
1700,91,73,18
1700,79,63,16
1700,363,311,52
1700,118,105,13
1700,260,230,30
1700,260,230,30
1700,260,230,30
1700,260,230,30
1700,260,230,30
1700,118,105,13
1700,260,230,30
1700,260,230,30
1700,260,230,30
1700,381,331,50
1700,468,403,65
1700,525,450,75
1700,208,167,41
1700,294,230,64
1700,162,130,32
1700,458,252,206
1700,223,170,53
1700,750,500,250
1700,468,403,65
1700,468,403,65
1700,43,37,6
1700,132,103,29
1700,243,195,48
1700,243,195,48
1700,205,164,41
1700,243,195,48
1700,243,195,48
1700,243,195,48
1700,357,319,38
1700,118,105,13
1700,363,311,52
1700,122,108,14
1700,140,112,28
1700,243,195,48
1700,115,98,17
1700,118,105,13
1700,234,207,27
1700,244,209,35
1700,244,209,35
1700,260,230,30
1700,321,251,70
1700,118,105,13
1700,243,195,48
1700,243,195,48
1700,132,106,26
1700,430,234,196
1700,118,105,13
1700,260,230,30
1700,260,230,30
1700,244,209,35
1700,244,209,35
1700,528,465,63
1700,250,200,50
1700,226,181,45
1700,260,230,30
1700,260,230,30
1700,118,105,13
1700,503,379,124
1700,492,394,98
1700,248,199,49
1700,234,207,27
1700,159,142,17
1700,26,23,3
1700,700,619,81
1700,275,220,55
1700,31,25,6
1700,400,320,80
1700,145,109,36
1700,251,174,77
1700,188,188,0
1700,111,71,40
1700,571,565,6
1700,244,209,35
1700,118,105,13
1700,400,377,23
1700,484,433,51
1700,357,319,38
1700,415,355,60
1700,118,105,13
1700,151,135,16
1700,243,195,48
1700,224,200,24
1700,243,195,48
1700,148,131,17
1700,243,195,48
1700,243,195,48
1700,243,195,48
1700,243,195,48
1700,148,131,17
1700,132,92,40
1700,243,195,48
1700,243,195,48
1700,243,195,48
1700,82,72,10
1701,169,135,34
1701,237,190,47
1701,237,190,47
1701,237,190,47
1701,237,190,47
1701,112,90,22
1701,59,47,12
1701,231,185,46
1701,237,190,47
1701,121,108,13
1701,237,190,47
1701,237,190,47
1701,600,458,142
1701,237,190,47
1701,148,131,17
1701,237,190,47
1701,237,190,47
1701,237,190,47
1701,101,90,11
1701,272,228,44
1701,450,379,71
1701,177,150,27
1701,118,105,13
1701,118,105,13
1701,74,63,11
1701,196,174,22
1701,200,180,20
1701,80,64,16
1701,212,170,42
1701,221,191,30
1701,414,353,61
1701,323,259,64
1701,357,319,38
1701,118,105,13
1701,118,105,13
1701,124,105,19
1701,103,91,12
1701,103,91,12
1701,153,137,16
1701,357,319,38
1701,225,180,45
1701,224,204,20
1701,61,55,6
1701,169,135,34
1701,121,107,14
1701,152,135,17
1701,417,373,44
1701,287,230,57
1701,156,138,18
1701,313,250,63
1701,237,190,47
1701,142,114,28
1701,122,98,24
1701,467,374,93
1701,57,46,11
1701,300,240,60
1701,400,320,80
1701,505,439,66
1701,674,642,32
1701,524,477,47
1701,57,46,11
1701,84,75,9
1701,130,117,13
1701,386,351,35
1701,296,269,27
1701,260,230,30
1701,260,230,30
1701,260,230,30
1701,260,230,30
1701,237,190,47
1701,118,105,13
1701,260,230,30
1701,260,230,30
1701,260,230,30
1701,327,262,65
1701,166,133,33
1701,94,83,11
1701,91,73,18
1701,187,150,37
1701,79,63,16
1701,125,100,25
1701,212,193,19
1701,500,400,100
1701,566,495,71
1701,526,421,105
1701,420,386,34
1701,118,105,13
1701,244,209,35
1701,244,209,35
1701,617,528,89
1701,118,105,13
1701,182,154,28
1701,237,190,47
1701,177,142,35
1701,274,250,24
1701,499,400,99
1701,64,57,7
1701,237,190,47
1701,98,87,11
1701,131,105,26
1701,160,143,17
1701,102,82,20
1701,71,63,8
1701,200,196,4
1701,499,430,69
1701,260,230,30
1701,260,230,30
1701,260,230,30
1701,260,230,30
1701,118,105,13
1701,118,105,13
1701,129,129,0
1701,244,209,35
1701,617,528,89
1701,84,71,13
1701,50,40,10
1701,300,240,60
1701,74,59,15
1701,275,220,55
1701,49,39,10
1701,86,69,17
1701,109,87,22
1701,287,230,57
1701,255,204,51
1701,499,400,99
1701,416,333,83
1701,260,230,30
1701,118,105,13
1701,260,230,30
1701,260,230,30
1701,118,105,13
1701,118,105,13
1701,120,115,5
1701,350,183,167
1701,108,92,16
1701,365,315,50
1701,690,671,19
1701,496,468,28
1701,762,647,115
1701,664,459,205
1701,60,52,8
1701,153,132,21
1701,468,403,65
1701,211,192,19
1701,500,429,71
1701,395,316,79
1701,96,77,19
1701,154,123,31
1701,237,190,47
1701,325,260,65
1701,237,190,47
1701,143,127,16
1701,310,248,62
1701,90,80,10
1701,91,73,18
1701,7,6,1
1701,64,58,6
1701,91,73,18
1701,200,160,40
1701,286,229,57
1701,310,248,62
1701,157,126,31
1701,115,105,10
1701,167,134,33
1701,176,141,35
1701,562,450,112
1701,85,72,13
1701,655,500,155
1701,655,500,155
1701,237,190,47
1701,100,80,20
1701,152,122,30
1701,237,190,47
1701,190,152,38
1701,109,87,22
1701,127,117,10
1701,131,100,31
1701,142,108,34
1701,438,400,38
1701,211,169,42
1701,337,270,67
1701,146,117,29
1701,237,190,47
1701,187,150,37
1701,162,130,32
1701,312,250,62
1701,277,222,55
1701,250,200,50
1701,237,190,47
1701,121,108,13
1701,237,190,47
1701,327,262,65
1701,230,184,46
1701,356,303,53
1701,75,57,18
1701,192,154,38
1701,71,60,11
1701,260,230,30
1701,209,178,31
1702,237,190,47
1702,272,228,44
1702,363,311,52
1702,237,190,47
1702,363,311,52
1702,468,403,65
1702,350,300,50
1702,102,88,14
1702,185,141,44
1702,273,236,37
1702,273,236,37
1702,439,386,53
1702,363,311,52
1702,468,403,65
1702,393,300,93
1702,197,150,47
1702,118,105,13
1702,260,230,30
1702,189,151,38
1702,250,200,50
1702,292,260,32
1702,400,320,80
1702,11,9,2
1702,345,276,69
1702,260,230,30
1702,387,331,56
1702,28,25,3
1702,316,241,75
1702,75,60,15
1702,97,82,15
1702,260,230,30
1702,260,230,30
1702,203,180,23
1702,237,190,47
1702,148,112,36
1702,97,78,19
1702,260,230,30
1702,460,395,65
1702,118,105,13
1702,127,110,17
1702,316,241,75
1702,251,212,39
1702,200,169,31
1702,118,105,13
1702,260,230,30
1702,260,230,30
1702,260,230,30
1702,316,241,75
1702,238,217,21
1702,524,477,47
1702,196,157,39
1702,137,118,19
1702,208,174,34
1702,245,196,49
1702,260,230,30
1702,230,184,46
1702,260,230,30
1702,260,230,30
1702,260,230,30
1702,118,105,13
1702,118,105,13
1702,273,236,37
1702,260,230,30
1702,357,319,38
1702,85,68,17
1702,386,351,35
1702,449,360,89
1702,237,190,47
1702,254,216,38
1702,237,190,47
1702,473,409,64
1702,386,351,35
1702,386,351,35
1702,237,190,47
1702,549,468,81
1702,451,390,61
1702,144,136,8
1702,292,222,70
1702,193,165,28
1702,650,568,82
1702,292,260,32
1702,260,230,30
1702,492,412,80
1702,157,126,31
1702,350,280,70
1702,129,129,0
1702,125,100,25
1702,179,143,36
1702,238,181,57
1702,237,190,47
1702,121,108,13
1702,237,190,47
1702,237,190,47
1702,244,204,40
1702,83,69,14
1702,115,92,23
1702,139,120,19
1702,106,85,21
1702,125,100,25
1702,295,236,59
1702,100,81,19
1702,194,155,39
1702,332,269,63
1702,237,190,47
1702,237,190,47
1702,237,190,47
1702,52,42,10
1702,289,191,98
1702,112,90,22
1702,156,125,31
1702,600,486,114
1702,179,143,36
1702,121,108,13
1702,440,400,40
1702,227,190,37
1702,275,230,45
1702,145,116,29
1702,20,16,4
1702,531,425,106
1702,175,140,35
1702,330,300,30
1702,383,320,63
1702,350,280,70
1702,200,152,48
1702,164,136,28
1702,61,49,12
1702,154,137,17
1702,237,190,47
1702,237,190,47
1702,237,190,47
1702,149,132,17
1702,64,57,7
1702,549,440,109
1702,175,140,35
1702,176,117,59
1702,67,60,7
1702,258,196,62
1702,157,139,18
1702,237,190,47
1702,237,190,47
1702,237,190,47
1702,247,211,36
1703,118,105,13
1703,114,92,22
1703,121,97,24
1703,148,131,17
1703,352,311,41
1703,301,260,41
1703,159,140,19
1703,261,223,38
1703,301,272,29
1703,258,207,51
1703,292,260,32
1703,200,170,30
1703,357,319,38
1703,260,230,30
1703,260,230,30
1703,313,239,74
1703,513,379,134
1703,301,253,48
1703,431,363,68
1703,228,208,20
1703,126,108,18
1703,273,236,37
1703,40,31,9
1703,199,181,18
1703,143,140,3
1703,186,161,25
1703,178,163,15
1703,260,230,30
1703,247,200,47
1703,542,502,40
1703,127,105,22
1703,316,241,75
1703,244,209,35
1703,161,161,0
1703,118,105,13
1703,260,230,30
1703,260,230,30
1703,571,458,113
1703,185,148,37
1703,273,236,37
1703,187,150,37
1703,367,313,54
1703,179,150,29
1703,136,114,22
1703,172,152,20
1703,322,269,53
1703,325,281,44
1703,202,169,33
1703,260,230,30
1703,102,80,22
1703,624,487,137
1703,400,313,87
1703,382,298,84
1703,400,313,87
1703,237,190,47
1703,273,236,37
1703,185,155,30
1703,299,250,49
1703,368,295,73
1703,237,190,47
1703,273,236,37
1703,260,230,30
1703,118,105,13
1703,406,356,50
1703,260,230,30
1703,237,190,47
1703,386,351,35
1703,260,230,30
1703,260,230,30
1703,260,230,30
1703,400,313,87
1703,275,251,24
1703,162,124,38
1703,500,107,393
1703,163,144,19
1703,155,128,27
1703,72,64,8
1703,109,97,12
1703,148,131,17
1703,260,230,30
1703,260,230,30
1703,260,230,30
1703,118,105,13
1703,492,412,80
1703,118,105,13
1703,237,190,47
1703,237,190,47
1704,237,190,47
1704,293,235,58
1704,260,230,30
1704,260,230,30
1704,260,230,30
1704,260,230,30
1704,260,230,30
1704,406,356,50
1704,302,229,73
1704,327,262,65
1704,237,190,47
1704,237,190,47
1704,175,140,35
1704,187,150,37
1704,237,190,47
1704,124,110,14
1704,264,200,64
1704,300,256,44
1704,305,280,25
1704,262,231,31
1704,450,370,80
1704,118,105,13
1704,200,162,38
1704,100,81,19
1704,303,230,73
1704,252,218,34
1704,305,260,45
1704,157,126,31
1704,538,450,88
1704,220,184,36
1704,199,166,33
1704,239,200,39
1704,112,64,48
1704,260,230,30
1704,118,105,13
1704,260,230,30
1704,292,260,32
1704,300,250,50
1704,370,320,50
1704,325,260,65
1704,513,486,27
1704,316,241,75
1704,316,241,75
1704,316,241,75
1704,624,568,56
1704,171,158,13
1704,170,130,40
1704,237,190,47
1704,148,131,17
1704,148,131,17
1704,401,174,227
1704,199,172,27
1704,349,295,54
1704,455,320,135
1704,359,339,20
1704,490,482,8
1704,181,140,41
1704,510,466,44
1704,400,378,22
1704,382,321,61
1704,160,143,17
1704,260,230,30
1704,260,230,30
1704,301,272,29
1704,260,230,30
1704,260,230,30
1704,4,3,1
1704,100,81,19
1704,126,109,17
1704,300,288,12
1704,200,173,27
1704,200,173,27
1704,236,180,56
1704,187,150,37
1704,332,286,46
1704,300,273,27
1704,380,290,90
1704,281,235,46
1704,260,230,30
1704,517,404,113
1704,265,219,46
1704,366,224,142
1704,316,241,75
1704,118,105,13
1704,292,260,32
1704,386,351,35
1704,260,230,30
1705,237,190,47
1705,167,138,29
1705,237,190,47
1705,237,190,47
1705,600,536,64
1705,304,238,66
1705,118,105,13
1705,118,105,13
1705,164,131,33
1705,237,190,47
1705,380,304,76
1705,112,90,22
1705,397,318,79
1705,563,288,275
1705,300,259,41
1705,163,144,19
1705,400,313,87
1705,361,292,69
1705,167,140,27
1705,275,230,45
1705,249,220,29
1705,156,130,26
1705,234,196,38
1705,557,435,122
1705,197,174,23
1705,97,87,10
1705,140,80,60
1705,316,241,75
1705,590,539,51
1705,550,400,150
1705,248,214,34
1705,260,230,30
1705,260,230,30
1705,260,230,30
1705,180,176,4
1705,244,209,35
1705,550,290,260
1705,615,556,59
1705,260,230,30
1705,357,319,38
1705,260,230,30
1705,260,230,30
1705,260,230,30
1705,118,105,13
1705,260,230,30
1705,260,230,30
1705,492,412,80
1705,260,230,30
1705,260,230,30
1705,209,197,12
1705,110,88,22
1705,188,166,22
1705,468,403,65
1705,826,5,821
1705,474,417,57
1705,474,417,57
1705,148,131,17
1705,239,200,39
1705,215,180,35
1705,350,267,83
1705,102,82,20
1705,112,90,22
1705,292,234,58
1705,362,290,72
1705,160,142,18
1705,700,14,686
1705,667,562,105
1705,237,190,47
1705,771,667,104
1705,187,150,37
1705,112,90,22
1705,452,395,57
1705,473,399,74
1705,548,421,127
1705,635,615,20
1705,311,269,42
1705,348,284,64
1705,316,241,75
1705,316,241,75
1705,30,24,6
1705,141,113,28
1705,136,109,27
1705,112,90,22
1705,136,120,16
1705,300,240,60
1705,524,420,104
1705,185,148,37
1705,80,53,27
1705,239,214,25
1705,273,236,37
1705,272,220,52
1705,222,180,42
1705,316,241,75
1706,375,300,75
1706,294,260,34
1706,330,285,45
1706,430,358,72
1706,221,200,21
1706,237,190,47
1706,260,230,30
1706,524,511,13
1706,547,394,153
1706,260,230,30
1706,316,241,75
1706,118,105,13
1706,294,260,34
1706,118,105,13
1706,118,105,13
1706,118,105,13
1706,190,177,13
1706,335,280,55
1706,160,141,19
1706,273,236,37
1706,297,262,35
1706,339,310,29
1706,260,230,30
1706,118,105,13
1706,260,230,30
1706,357,319,38
1706,260,230,30
1706,260,230,30
1706,364,315,49
1706,118,105,13
1706,260,230,30
1706,357,319,38
1706,301,272,29
1706,532,460,72
1706,489,423,66
1706,184,140,44
1706,260,230,30
1706,260,230,30
1706,203,154,49
1706,695,640,55
1706,448,382,66
1706,260,230,30
1706,394,336,58
1706,154,133,21
1706,155,134,21
1706,115,92,23
1706,198,176,22
1706,629,536,93
1706,705,650,55
1706,184,163,21
1706,210,180,30
1706,563,510,53
1706,237,190,47
1706,160,158,2
1706,277,245,32
1706,93,82,11
1706,172,152,20
1706,150,120,30
1706,245,196,49
1706,118,105,13
1706,118,105,13
1706,273,236,37
1706,140,126,14
1706,237,190,47
1706,237,190,47
1706,370,315,55
1706,317,280,37
1706,237,190,47
1706,237,190,47
1706,104,101,3
1706,237,190,47
1706,58,44,14
1706,260,230,30
1706,237,190,47
1706,237,190,47
1706,448,400,48
1707,118,105,13
1707,260,230,30
1707,260,230,30
1707,260,230,30
1707,260,230,30
1707,534,507,27
1707,118,105,13
1707,536,428,108
1707,260,230,30
1707,118,105,13
1707,118,105,13
1707,118,105,13
1707,260,230,30
1707,118,105,13
1707,260,230,30
1707,189,173,16
1707,215,190,25
1707,316,241,75
1707,536,457,79
1707,447,393,54
1707,200,186,14
1707,118,105,13
1707,118,105,13
1707,357,319,38
1707,260,230,30
1707,260,230,30
1707,559,471,88
1707,118,105,13
1707,118,105,13
1707,118,105,13
1707,78,75,3
1707,169,140,29
1707,382,290,92
1707,299,265,34
1707,121,115,6
1707,222,199,23
1707,260,230,30
1707,740,601,139
1707,301,272,29
1707,213,171,42
1707,558,439,119
1707,260,230,30
1707,510,495,15
1707,571,311,260
1707,237,190,47
1707,361,302,59
1707,260,230,30
1707,260,230,30
1707,260,230,30
1707,260,230,30
1707,275,209,66
1707,260,230,30
1707,118,105,13
1707,193,160,33
1707,487,420,67
1707,348,291,57
1707,300,240,60
1707,328,299,29
1707,116,93,23
1707,118,105,13
1707,492,412,80
1707,129,129,0
1707,260,230,30
1707,237,190,47
1707,262,226,36
1707,151,121,30
1707,118,105,13
1707,159,133,26
1707,568,480,88
1707,231,204,27
1707,310,274,36
1707,94,92,2
1707,202,165,37
1707,406,356,50
1707,208,158,50
1707,226,200,26
1707,446,340,106
1707,374,330,44
1707,112,90,22
1707,121,108,13
1707,136,120,16
1707,181,160,21
1707,148,131,17
1707,316,241,75
1707,118,105,13
1708,550,413,137
1708,476,369,107
1708,338,242,96
1708,140,123,17
1708,531,500,31
1708,273,236,37
1708,550,507,43
1708,120,110,10
1708,301,287,14
1708,300,283,17
1708,250,235,15
1708,180,145,35
1708,603,525,78
1708,142,114,28
1708,317,274,43
1708,147,130,17
1708,371,297,74
1708,362,290,72
1708,124,110,14
1708,64,51,13
1708,142,118,24
1708,299,264,35
1708,283,252,31
1708,480,400,80
1708,480,350,130
1708,258,228,30
1708,121,97,24
1708,250,200,50
1708,577,440,137
1708,404,349,55
1708,694,556,138
1708,352,351,1
1708,162,130,32
1708,162,130,32
1708,83,75,8
1708,208,174,34
1708,374,330,44
1708,294,260,34
1708,370,296,74
1708,260,230,30
1708,237,190,47
1708,112,106,6
1708,153,130,23
1708,121,108,13
1708,602,550,52
1708,316,241,75
1708,316,241,75
1708,156,135,21
1708,440,380,60
1708,260,212,48
1708,103,84,19
1708,187,150,37
1708,149,119,30
1708,89,79,10
1708,237,190,47
1708,260,230,30
1708,260,230,30
1708,200,166,34
1708,237,190,47
1708,351,310,41
1708,200,162,38
1708,237,190,47
1708,237,190,47
1708,28,21,7
1708,118,105,13
1708,260,230,30
1708,118,105,13
1708,357,319,38
1708,260,230,30
1708,260,230,30
1708,129,129,0
1708,613,463,150
1708,187,150,37
1708,312,250,62
1708,237,190,47
1708,339,299,40
1708,224,187,37
1708,509,450,59
1708,258,216,42
1708,425,171,254
1708,680,573,107
1708,524,477,47
1708,260,230,30
1708,118,105,13
1708,260,230,30
1708,118,105,13
1708,196,183,13
1708,295,236,59
1708,237,190,47
1708,742,648,94
1708,102,87,15
1708,237,190,47
1708,673,496,177
1708,260,230,30
1708,118,105,13
1708,260,230,30
1708,119,100,19
1708,119,100,19
1708,260,230,30
1708,118,105,13
1708,450,265,185
1709,357,298,59
1709,260,230,30
1709,260,230,30
1709,523,464,59
1709,45,34,11
1709,260,230,30
1709,152,120,32
1709,169,150,19
1709,450,343,107
1709,65,52,13
1709,491,435,56
1709,120,104,16
1709,384,330,54
1709,237,190,47
1709,404,350,54
1709,333,253,80
1709,307,284,23
1709,163,159,4
1709,166,133,33
1709,255,213,42
1709,275,210,65
1709,118,105,13
1709,129,129,0
1709,118,105,13
1709,592,452,140
1709,388,357,31
1709,316,241,75
1709,112,85,27
1709,161,130,31
1709,260,230,30
1709,120,100,20
1709,148,120,28
1709,272,228,44
1709,494,444,50
1709,236,180,56
1709,129,129,0
1709,260,230,30
1709,119,100,19
1709,118,105,13
1709,407,340,67
1709,398,187,211
1709,119,100,19
1709,163,145,18
1709,260,230,30
1709,260,230,30
1709,241,220,21
1709,118,105,13
1709,459,400,59
1709,157,136,21
1709,300,289,11
1709,468,403,65
1709,118,105,13
1709,292,260,32
1709,268,224,44
1709,259,230,29
1709,315,240,75
1709,176,156,20
1709,260,230,30
1709,292,260,32
1709,56,48,8
1709,260,230,30
1709,315,240,75
1709,213,200,13
1709,370,313,57
1709,260,230,30
1709,129,129,0
1709,260,230,30
1709,118,105,13
1709,260,230,30
1709,92,77,15
1709,260,230,30
1709,306,280,26
1709,237,190,47
1709,362,290,72
1709,526,440,86
1709,237,190,47
1709,237,190,47
1709,215,190,25
1709,120,96,24
1710,190,168,22
1710,138,92,46
1710,300,290,10
1710,393,300,93
1710,293,245,48
1710,237,190,47
1710,118,105,13
1710,66,53,13
1710,260,230,30
1710,260,230,30
1710,260,230,30
1710,337,270,67
1710,295,225,70
1710,306,270,36
1710,419,363,56
1710,333,294,39
1710,390,328,62
1710,500,382,118
1710,151,121,30
1710,129,115,14
1710,250,200,50
1710,160,160,0
1710,276,209,67
1710,485,431,54
1710,468,403,65
1710,426,356,70
1710,118,105,13
1710,260,230,30
1710,260,230,30
1710,118,105,13
1710,572,490,82
1710,127,113,14
1710,260,230,30
1710,260,230,30
1710,366,250,116
1710,118,105,13
1710,292,244,48
1710,260,230,30
1710,118,105,13
1710,75,57,18
1710,237,190,47
1710,237,190,47
1710,121,108,13
1710,237,190,47
1710,433,374,59
1710,288,220,68
1710,373,318,55
1710,365,292,73
1710,340,300,40
1710,328,320,8
1710,472,458,14
1710,517,451,66
1710,139,83,56
1710,272,228,44
1710,237,190,47
1710,390,370,20
1710,150,126,24
1710,520,430,90
1710,181,160,21
1710,396,350,46
1710,260,230,30
1710,244,209,35
1710,419,370,49
1710,306,288,18
1710,300,251,49
1710,316,241,75
1710,412,360,52
1710,202,180,22
1710,263,201,62
1710,223,186,37
1710,237,190,47
1710,237,190,47
1710,104,93,11
1710,237,190,47
1710,165,125,40
1710,250,200,50
1710,260,230,30
1710,410,311,99
1710,118,105,13
1710,260,230,30
1710,260,230,30
1710,260,230,30
1710,121,92,29
1710,713,705,8
1710,273,236,37
1710,195,168,27
1710,382,312,70
1710,237,190,47
1710,120,95,25
1710,200,170,30
1710,265,201,64
1710,178,158,20
1710,126,113,13
1710,223,186,37
1710,164,145,19
1710,233,218,15
1710,237,190,47
1710,260,230,30
1710,245,200,45
1710,118,105,13
1710,255,204,51
1710,260,230,30
1710,260,230,30
1711,492,412,80
1711,260,230,30
1711,260,230,30
1711,260,230,30
1711,368,325,43
1711,602,550,52
1711,301,266,35
1711,382,319,63
1711,260,230,30
1711,260,230,30
1711,260,230,30
1711,118,105,13
1711,119,100,19
1711,118,105,13
1711,260,230,30
1711,118,105,13
1711,350,278,72
1711,128,113,15
1711,237,190,47
1711,147,130,17
1711,189,151,38
1711,190,152,38
1711,92,74,18
1711,610,557,53
1711,237,190,47
1711,237,190,47
1711,476,398,78
1711,346,296,50
1711,237,190,47
1711,282,249,33
1711,626,253,373
1711,405,358,47
1711,182,157,25
1711,146,117,29
1711,281,240,41
1711,144,109,35
1711,378,316,62
1711,263,220,43
1711,215,180,35
1711,404,350,54
1711,154,133,21
1711,316,241,75
1711,263,220,43
1711,364,304,60
1711,64,49,15
1711,316,241,75
1711,316,241,75
1711,207,200,7
1711,239,200,39
1711,396,350,46
1711,401,335,66
1711,110,95,15
1711,281,248,33
1711,287,240,47
1711,135,108,27
1711,220,190,30
1711,226,200,26
1711,237,190,47
1711,169,150,19
1711,237,190,47
1711,244,209,35
1711,260,230,30
1711,291,255,36
1711,200,161,39
1711,105,90,15
1711,237,190,47
1711,382,330,52
1711,626,584,42
1711,468,403,65
1711,363,311,52
1711,468,403,65
1711,314,245,69
1711,468,403,65
1711,363,311,52
1711,242,185,57
1711,66,53,13
1711,363,311,52
1711,524,400,124
1711,260,230,30
1711,118,105,13
1711,420,360,60
1711,211,188,23
1711,260,230,30
1711,260,230,30
1711,260,230,30
1711,260,230,30
1711,260,230,30
1711,260,230,30
1711,260,230,30
1711,237,190,47
1711,654,595,59
1711,260,230,30
1711,492,412,80
1711,260,230,30
1711,118,105,13
1711,234,194,40
1711,141,126,15
1711,303,251,52
1711,196,173,23
1712,357,319,38
1712,260,230,30
1712,134,107,27
1712,611,571,40
1712,487,416,71
1712,219,200,19
1712,260,230,30
1712,119,100,19
1712,300,292,8
1712,510,487,23
1712,260,230,30
1712,260,230,30
1712,260,230,30
1712,301,272,29
1712,303,268,35
1712,280,248,32
1712,400,320,80
1712,112,90,22
1712,237,190,47
1712,270,220,50
1712,292,260,32
1712,118,105,13
1712,260,230,30
1712,118,105,13
1712,118,105,13
1712,118,105,13
1712,118,105,13
1712,260,230,30
1712,294,260,34
1712,286,239,47
1712,301,257,44
1712,359,300,59
1712,377,315,62
1712,323,270,53
1712,144,120,24
1712,172,131,41
1712,465,396,69
1712,406,356,50
1712,237,190,47
1712,316,241,75
1712,316,241,75
1712,260,230,30
1712,260,230,30
1712,237,190,47
1712,260,230,30
1712,78,65,13
1712,237,190,47
1712,412,330,82
1712,291,243,48
1712,260,230,30
1712,260,230,30
1712,244,209,35
1712,244,209,35
1712,244,209,35
1712,538,450,88
1712,359,300,59
1712,260,230,30
1712,244,209,35
1712,244,209,35
1712,146,130,16
1712,376,318,58
1712,382,306,76
1712,139,111,28
1712,585,476,109
1712,260,230,30
1712,362,290,72
1712,316,241,75
1712,118,105,13
1712,118,105,13
1712,237,190,47
1712,237,190,47
1712,386,351,35
1712,406,356,50
1712,272,240,32
1712,191,169,22
1712,513,429,84
1712,148,131,17
1712,406,356,50
1712,80,70,10
1712,118,105,13
1712,260,230,30
1712,468,403,65
1712,260,230,30
1712,468,403,65
1712,260,230,30
1712,118,105,13
1712,118,105,13
1712,260,230,30
1712,260,230,30
1712,119,95,24
1712,193,151,42
1712,450,440,10
1712,200,192,8
1712,96,77,19
1712,231,200,31
1712,316,241,75
1712,492,412,80
1712,272,228,44
1712,118,105,13
1712,202,154,48
1713,118,105,13
1713,237,190,47
1713,260,230,30
1713,260,230,30
1713,357,319,38
1713,492,412,80
1713,465,403,62
1713,260,230,30
1713,492,412,80
1713,260,230,30
1713,443,391,52
1713,262,219,43
1713,287,240,47
1713,204,180,24
1713,299,250,49
1713,292,260,32
1713,260,230,30
1713,120,96,24
1713,91,80,11
1713,260,230,30
1713,260,230,30
1713,316,241,75
1713,260,230,30
1713,118,105,13
1713,118,105,13
1713,260,230,30
1713,260,230,30
1713,110,95,15
1713,157,130,27
1713,289,250,39
1713,150,124,26
1713,85,68,17
1713,406,356,50
1713,237,190,47
1713,212,170,42
1713,260,230,30
1713,118,105,13
1713,118,105,13
1713,492,412,80
1713,260,230,30
1713,262,210,52
1713,363,311,52
1713,468,403,65
1713,468,403,65
1713,118,105,13
1713,212,194,18
1713,121,107,14
1713,147,122,25
1713,392,348,44
1713,87,77,10
1713,622,530,92
1713,333,270,63
1713,339,293,46
1713,260,230,30
1713,118,105,13
1713,212,194,18
1713,118,105,13
1713,118,105,13
1713,260,230,30
1713,238,210,28
1713,237,190,47
1713,208,180,28
1713,266,215,51
1713,145,137,8
1713,214,179,35
1713,250,204,46
1713,316,241,75
1713,80,61,19
1713,316,241,75
1713,470,349,121
1713,386,351,35
1713,300,229,71
1713,363,311,52
1713,363,311,52
1713,386,351,35
1713,386,351,35
1713,572,517,55
1713,172,149,23
1713,606,490,116
1713,113,100,13
1713,117,103,14
1713,500,360,140
1713,418,363,55
1713,95,81,14
1713,295,225,70
1713,596,485,111
1713,118,105,13
1713,260,230,30
1713,395,300,95
1713,112,100,12
1713,281,240,41
1713,355,300,55
1713,340,291,49
1713,206,178,28
1713,237,190,47
1713,270,255,15
1713,283,250,33
1713,239,200,39
1713,200,160,40
1713,200,113,87
1713,192,170,22
1713,490,450,40
1713,223,200,23
1713,245,216,29
1713,203,170,33
1713,340,284,56
1713,100,80,20
1713,237,190,47
1713,118,105,13
1713,237,190,47
1713,273,236,37
1713,282,240,42
1713,311,260,51
1713,121,108,13
1713,260,230,30
1713,118,105,13
1713,260,230,30
1714,232,216,16
1714,400,147,253
1714,381,330,51
1714,318,300,18
1714,428,370,58
1714,283,250,33
1714,324,296,28
1714,201,174,27
1714,201,187,14
1714,280,261,19
1714,187,162,25
1714,117,98,19
1714,118,105,13
1714,465,403,62
1714,260,230,30
1714,465,403,62
1714,252,218,34
1714,250,200,50
1714,237,190,47
1714,118,105,13
1714,366,350,16
1714,237,198,39
1714,80,72,8
1714,491,425,66
1714,298,260,38
1714,250,200,50
1714,272,265,7
1714,578,500,78
1714,195,80,115
1714,360,240,120
1714,572,557,15
1714,192,154,38
1714,180,144,36
1714,244,209,35
1714,136,125,11
1714,287,273,14
1714,204,200,4
1714,132,112,20
1714,253,188,65
1714,350,140,210
1714,154,123,31
1714,244,209,35
1714,181,164,17
1714,200,184,16
1714,179,160,19
1714,118,105,13
1714,260,230,30
1714,118,105,13
1714,180,160,20
1714,708,597,111
1714,185,141,44
1714,272,228,44
1714,237,190,47
1714,121,108,13
1714,66,55,11
1714,250,200,50
1714,118,105,13
1714,37,33,4
1714,119,100,19
1714,406,356,50
1714,5,4,1
1714,468,403,65
1714,240,211,29
1714,48,44,4
1714,230,129,101
1714,554,439,115
1714,170,141,29
1714,66,59,7
1714,167,148,19
1714,11,10,1
1714,301,272,29
1714,465,403,62
1714,118,105,13
1714,43,43,0
1714,118,105,13
1714,468,403,65
1714,468,403,65
1714,147,130,17
1714,339,283,56
1714,245,217,28
1714,237,190,47
1714,260,230,30
1714,260,230,30
1714,305,233,72
1714,197,150,47
1714,171,153,18
1714,277,226,51
1714,265,216,49
1714,148,131,17
1714,190,162,28
1714,450,376,74
1714,183,97,86
1714,386,351,35
1714,386,351,35
1714,406,356,50
1714,464,407,57
1714,292,260,32
1714,406,356,50
1714,260,230,30
1714,118,105,13
1714,260,230,30
1714,241,206,35
1714,101,90,11
1714,294,224,70
1714,440,410,30
1714,433,400,33
1714,413,315,98
1714,363,311,52
1714,73,60,13
1714,273,236,37
1714,125,100,25
1714,412,330,82
1714,44,40,4
1714,260,230,30
1714,260,230,30
1714,118,105,13
1714,270,230,40
1714,110,71,39
1714,237,190,47
1714,287,229,58
1714,260,142,118
1714,121,108,13
1714,202,173,29
1714,438,375,63
1714,620,548,72
1714,363,311,52
1714,468,403,65
1714,375,350,25
1714,505,215,290
1714,118,105,13
1714,260,230,30
1714,274,250,24
1714,131,120,11
1714,467,394,73
1714,393,300,93
1714,260,230,30
1714,320,294,26
1714,140,125,15
1714,169,150,19
1714,169,150,19
1714,169,150,19
1714,263,225,38
1714,56,48,8
1714,167,140,27
1714,319,234,85
1714,425,324,101
1714,333,278,55
1714,154,135,19
1714,100,76,24
1714,296,226,70
1715,58,50,8
1715,282,236,46
1715,307,293,14
1715,256,122,134
1715,560,500,60
1715,468,403,65
1715,468,403,65
1715,363,311,52
1715,227,190,37
1715,179,150,29
1715,323,270,53
1715,130,111,19
1715,187,160,27
1715,114,91,23
1715,233,199,34
1715,104,92,12
1715,287,230,57
1715,237,190,47
1715,237,190,47
1715,290,240,50
1715,260,230,30
1715,260,230,30
1715,280,230,50
1715,269,225,44
1715,244,209,35
1715,244,209,35
1715,300,254,46
1715,140,127,13
1715,142,126,16
1715,468,403,65
1715,159,133,26
1715,260,230,30
1715,118,105,13
1715,260,230,30
1715,118,105,13
1715,327,262,65
1715,237,190,47
1715,102,79,23
1715,147,118,29
1715,273,236,37
1715,497,430,67
1715,507,356,151
1715,410,373,37
1715,383,243,140
1715,397,372,25
1715,169,150,19
1715,260,230,30
1715,215,208,7
1715,323,245,78
1715,162,140,22
1715,68,58,10
1715,417,365,52
1715,596,470,126
1715,601,373,228
1715,105,91,14
1715,110,80,30
1715,430,302,128
1715,242,202,40
1715,363,311,52
1715,468,403,65
1715,468,403,65
1715,118,105,13
1715,406,356,50
1715,272,249,23
1715,118,105,13
1715,260,230,30
1715,260,230,30
1715,118,105,13
1715,363,311,52
1715,363,311,52
1715,118,105,13
1715,5,5,0
1715,142,120,22
1715,363,311,52
1715,290,245,45
1715,166,151,15
1715,406,356,50
1715,260,230,30
1715,173,148,25
1715,546,459,87
1715,298,247,51
1715,388,357,31
1715,500,439,61
1715,349,300,49
1715,321,275,46
1715,326,278,48
1715,262,210,52
1715,237,190,47
1715,260,230,30
1715,118,105,13
1715,10,8,2
1715,379,323,56
1715,260,220,40
1715,277,222,55
1715,176,141,35
1715,187,160,27
1715,465,403,62
1715,470,418,52
1715,389,285,104
1715,120,118,2
1715,169,150,19
1715,375,300,75
1715,262,221,41
1715,145,118,27
1715,521,495,26
1715,119,100,19
1715,357,319,38
1715,191,145,46
1715,200,175,25
1715,387,310,77
1715,105,84,21
1715,418,335,83
1715,46,38,8
1715,468,403,65
1715,363,311,52
1715,147,126,21
1715,113,100,13
1715,216,177,39
1715,148,131,17
1715,156,139,17
1715,166,157,9
1715,36,31,5
1715,105,84,21
1715,144,120,24
1715,237,190,47
1715,273,236,37
1715,360,288,72
1715,431,345,86
1715,122,98,24
1715,118,105,13
1715,27,24,3
1715,121,108,13
1715,115,103,12
1715,260,230,30
1715,158,140,18
1715,92,79,13
1715,470,398,72
1715,172,151,21
1715,134,116,18
1715,66,57,9
1715,47,41,6
1715,386,272,114
1715,118,60,58
1715,350,259,91
1715,19,16,3
1715,100,85,15
1715,247,212,35
1715,116,112,4
1715,60,51,9
1715,388,357,31
1715,169,150,19
1715,260,230,30
1715,260,230,30
1715,357,319,38
1715,118,105,13
1715,120,107,13
1715,185,158,27
1715,63,54,9
1715,431,364,67
1715,220,200,20
1715,467,362,105
1715,341,322,19
1715,344,307,37
1715,169,150,19
1715,156,135,21
1715,164,100,64
1715,504,437,67
1715,8,6,2
1716,437,377,60
1716,200,50,150
1716,276,209,67
1716,463,155,308
1716,118,105,13
1716,260,230,30
1716,487,403,84
1716,273,219,54
1716,273,236,37
1716,260,230,30
1716,465,403,62
1716,492,412,80
1716,260,230,30
1716,275,237,38
1716,492,412,80
1716,323,259,64
1716,260,250,10
1716,411,402,9
1716,270,257,13
1716,272,228,44
1716,74,49,25
1716,234,200,34
1716,157,134,23
1716,406,347,59
1716,237,190,47
1716,241,197,44
1716,231,200,31
1716,237,190,47
1716,239,200,39
1716,211,169,42
1716,190,95,95
1716,153,82,71
1716,650,543,107
1716,226,200,26
1716,300,90,210
1716,434,429,5
1716,125,100,25
1716,187,150,37
1716,272,240,32
1716,257,187,70
1716,199,170,29
1716,367,310,57
1716,450,320,130
1716,294,260,34
1716,369,188,181
1716,100,80,20
1716,532,513,19
1716,192,165,27
1716,162,130,32
1716,86,77,9
1716,112,100,12
1716,257,242,15
1716,153,136,17
1716,406,356,50
1716,52,43,9
1716,100,89,11
1716,302,260,42
1716,200,174,26
1716,462,420,42
1716,118,105,13
1716,378,303,75
1716,260,230,30
1716,287,245,42
1716,260,230,30
1716,367,313,54
1716,237,190,47
1716,237,190,47
1716,237,190,47
1716,237,190,47
1716,237,190,47
1716,237,190,47
1716,169,135,34
1716,226,200,26
1716,270,242,28
1716,388,357,31
1716,700,607,93
1716,260,230,30
1716,444,396,48
1716,386,351,35
1716,291,164,127
1716,125,112,13
1716,169,150,19
1716,179,160,19
1716,110,90,20
1716,365,302,63
1716,145,141,4
1716,465,403,62
1716,125,111,14
1716,260,230,30
1716,129,129,0
1716,292,260,32
1716,260,230,30
1716,260,230,30
1716,100,80,20
1716,514,430,84
1716,71,64,7
1716,260,230,30
1716,213,70,143
1716,370,162,208
1716,407,407,0
1716,159,140,19
1716,492,412,80
1716,164,113,51
1716,237,190,47
1716,408,350,58
1716,260,206,54
1716,358,321,37
1716,118,105,13
1716,194,194,0
1716,492,412,80
1716,260,230,30
1716,465,403,62
1716,118,105,13
1716,10,9,1
1716,152,104,48
1716,230,125,105
1716,60,53,7
1716,111,93,18
1716,563,480,83
1716,147,118,29
1716,365,292,73
1716,215,180,35
1716,273,236,37
1716,306,270,36
1716,301,272,29
1716,406,356,50
1716,407,340,67
1716,468,403,65
1716,468,403,65
1716,468,403,65
1716,474,417,57
1716,183,165,18
1716,358,299,59
1716,95,79,16
1716,578,500,78
1716,116,95,21
1716,317,280,37
1716,468,403,65
1716,468,403,65
1716,468,403,65
1716,118,105,13
1716,118,105,13
1716,363,311,52
1716,273,236,37
1716,331,300,31
1716,492,412,80
1716,299,250,49
1717,225,190,35
1717,252,211,41
1717,500,439,61
1717,406,356,50
1717,118,105,13
1717,118,105,13
1717,260,230,30
1717,492,412,80
1717,118,105,13
1717,212,188,24
1717,129,129,0
1717,118,105,13
1717,260,230,30
1717,260,230,30
1717,201,161,40
1717,294,223,71
1717,120,100,20
1717,82,17,65
1717,91,73,18
1717,424,340,84
1717,238,191,47
1717,291,233,58
1717,166,140,26
1717,237,190,47
1717,118,105,13
1717,477,420,57
1717,173,148,25
1717,212,177,35
1717,415,355,60
1717,109,93,16
1717,257,220,37
1717,65,56,9
1717,187,160,27
1717,260,250,10
1717,273,236,37
1717,418,401,17
1717,226,200,26
1717,208,186,22
1717,148,121,27
1717,456,390,66
1717,101,86,15
1717,330,264,66
1717,237,190,47
1717,126,109,17
1717,237,190,47
1717,237,190,47
1717,335,280,55
1717,224,198,26
1717,232,202,30
1717,117,100,17
1717,380,352,28
1717,238,210,28
1717,263,220,43
1717,134,110,24
1717,315,280,35
1717,107,86,21
1717,362,290,72
1717,284,251,33
1717,323,294,29
1717,220,176,44
1717,169,150,19
1717,347,300,47
1717,215,180,35
1717,35,28,7
1717,237,190,47
1717,294,285,9
1717,160,139,21
1717,183,179,4
1717,523,486,37
1717,310,278,32
1717,131,116,15
1717,223,199,24
1717,153,137,16
1717,90,80,10
1717,241,188,53
1717,516,455,61
1717,215,180,35
1717,335,280,55
1717,237,190,47
1717,248,203,45
1717,371,310,61
1717,206,165,41
1717,237,190,47
1717,200,200,0
1717,200,180,20
1717,135,111,24
1717,112,90,22
1717,100,89,11
1717,151,135,16
1717,237,190,47
1717,436,306,130
1717,339,238,101
1717,61,61,0
1717,237,190,47
1717,374,342,32
1717,374,342,32
1717,359,300,59
1717,419,370,49
1717,554,463,91
1717,246,217,29
1717,130,106,24
1717,171,152,19
1717,101,87,14
1717,121,97,24
1717,338,289,49
1717,72,60,12
1717,406,356,50
1717,468,403,65
1717,363,311,52
1717,127,117,10
1717,468,403,65
1717,316,264,52
1717,363,311,52
1717,419,350,69
1717,175,174,1
1717,57,48,9
1717,744,540,204
1717,704,585,119
1717,540,530,10
1717,174,156,18
1717,90,80,10
1717,406,356,50
1717,190,190,0
1717,562,470,92
1717,150,125,25
1717,239,200,39
1717,116,97,19
1717,467,394,73
1717,363,311,52
1717,127,117,10
1717,468,403,65
1717,468,403,65
1717,260,230,30
1717,260,230,30
1717,492,412,80
1717,260,230,30
1717,118,105,13
1717,465,403,62
1717,260,230,30
1717,492,412,80
1717,212,194,18
1717,260,230,30
1717,212,194,18
1717,118,105,13
1717,118,105,13
1717,465,403,62
1717,272,218,54
1717,19,17,2
1717,75,60,15
1717,46,39,7
1717,150,128,22
1717,502,347,155
1717,594,243,351
1717,406,356,50
1717,465,403,62
1717,237,190,47
1718,520,473,47
1718,465,403,62
1718,244,209,35
1718,14,12,2
1718,86,76,10
1718,187,160,27
1718,406,356,50
1718,118,105,13
1718,363,311,52
1718,345,303,42
1718,44,37,7
1718,562,470,92
1718,244,209,35
1718,118,105,13
1718,468,403,65
1718,468,403,65
1718,239,200,39
1718,192,154,38
1718,131,109,22
1718,150,128,22
1718,468,403,65
1718,83,69,14
1718,108,93,15
1718,134,110,24
1718,111,96,15
1718,118,101,17
1718,137,112,25
1718,129,110,19
1718,116,104,12
1718,113,97,16
1718,132,118,14
1718,406,356,50
1718,683,449,234
1718,92,84,8
1718,59,54,5
1718,388,357,31
1718,83,76,7
1718,240,182,58
1718,136,109,27
1718,86,76,10
1718,313,285,28
1718,386,351,35
1718,237,190,47
1718,219,189,30
1718,367,313,54
1718,118,100,18
1718,118,105,13
1718,48,42,6
1718,535,426,109
1718,464,298,166
1718,359,267,92
1718,203,180,23
1718,313,166,147
1718,291,266,25
1718,80,61,19
1718,181,160,21
1718,366,312,54
1718,113,100,13
1718,237,190,47
1718,161,143,18
1718,250,214,36
1718,122,109,13
1718,182,161,21
1718,117,104,13
1718,237,190,47
1718,165,141,24
1718,81,69,12
1718,500,430,70
1718,141,117,24
1718,149,129,20
1718,166,126,40
1718,95,87,8
1718,257,206,51
1718,492,412,80
1718,240,192,48
1718,186,149,37
1718,395,330,65
1718,406,356,50
1718,386,351,35
1718,320,256,64
1718,357,298,59
1718,157,126,31
1718,129,111,18
1718,311,260,51
1718,41,33,8
1718,188,143,45
1718,218,182,36
1718,260,249,11
1718,56,50,6
1718,227,190,37
1718,301,272,29
1718,191,171,20
1718,465,403,62
1718,365,285,80
1718,85,70,15
1718,273,236,37
1718,195,145,50
1718,530,459,71
1718,107,86,21
1718,237,190,47
1718,276,209,67
1718,221,177,44
1718,276,209,67
1718,237,190,47
1718,167,134,33
1718,179,150,29
1718,406,356,50
1718,309,282,27
1718,138,116,22
1718,205,178,27
1718,140,112,28
1718,165,155,10
1718,105,95,10
1718,396,343,53
1718,273,236,37
1718,494,396,98
1718,115,103,12
1718,256,219,37
1718,42,37,5
1718,227,196,31
1718,491,420,71
1718,113,97,16
1718,189,158,31
1718,244,209,35
1718,133,119,14
1718,101,87,14
1718,227,182,45
1718,226,200,26
1718,178,149,29
1718,301,261,40
1718,239,200,39
1718,430,418,12
1718,514,430,84
1718,315,263,52
1718,169,150,19
1718,367,313,54
1718,348,279,69
1718,154,132,22
1718,152,130,22
1718,492,412,80
1718,118,105,13
1718,492,412,80
1718,357,319,38
1718,118,105,13
1718,492,412,80
1718,406,356,50
1718,465,403,62
1718,406,356,50
1718,260,230,30
1718,49,42,7
1718,146,122,24
1718,73,65,8
1718,305,244,61
1718,87,84,3
1718,367,294,73
1718,250,200,50
1718,216,164,52
1718,285,238,47
1718,460,420,40
1718,201,168,33
1718,256,214,42
1718,166,134,32
1718,492,412,80
1718,260,230,30
1718,492,412,80
1718,237,190,47
1718,237,190,47
1719,121,108,13
1719,115,94,21
1719,152,122,30
1719,206,176,30
1719,175,150,25
1719,250,250,0
1719,226,204,22
1719,127,117,10
1719,429,368,61
1719,406,356,50
1719,180,162,18
1719,214,214,0
1719,282,250,32
1719,357,295,62
1719,52,42,10
1719,239,149,90
1719,266,208,58
1719,465,403,62
1719,388,357,31
1719,406,356,50
1719,406,356,50
1719,386,351,35
1719,468,403,65
1719,468,403,65
1719,200,172,28
1719,468,403,65
1719,363,311,52
1719,468,403,65
1719,43,40,3
1719,161,143,18
1719,211,169,42
1719,125,95,30
1719,122,98,24
1719,105,93,12
1719,120,118,2
1719,112,99,13
1719,180,154,26
1719,468,403,65
1719,400,350,50
1719,112,99,13
1719,218,193,25
1719,129,129,0
1719,465,403,62
1719,492,412,80
1719,118,105,13
1719,118,105,13
1719,219,196,23
1719,212,194,18
1719,370,320,50
1719,274,229,45
1719,311,260,51
1719,359,300,59
1719,144,120,24
1719,334,295,39
1719,215,180,35
1719,237,198,39
1719,150,125,25
1719,118,105,13
1719,129,129,0
1719,260,230,30
1719,465,403,62
1719,95,84,11
1719,117,98,19
1719,209,159,50
1719,499,427,72
1719,257,206,51
1719,407,348,59
1719,254,241,13
1719,189,162,27
1719,328,283,45
1719,110,98,12
1719,200,162,38
1719,282,241,41
1719,100,36,64
1719,244,185,59
1719,395,330,65
1719,406,356,50
1719,118,105,13
1719,492,412,80
1719,292,260,32
1719,118,105,13
1719,367,313,54
1719,274,234,40
1719,484,412,72
1719,316,270,46
1719,674,540,134
1719,373,319,54
1719,359,327,32
1719,212,194,18
1719,535,191,344
1719,357,319,38
1719,129,129,0
1719,62,53,9
1719,395,330,65
1719,179,160,19
1719,139,111,28
1719,276,209,67
1719,440,372,68
1719,231,198,33
1719,215,196,19
1719,88,73,15
1719,228,188,40
1719,80,61,19
1719,160,146,14
1719,191,160,31
1719,492,340,152
1719,287,230,57
1719,230,192,38
1719,429,350,79
1719,273,236,37
1719,120,104,16
1719,233,201,32
1719,412,351,61
1719,237,190,47
1719,117,94,23
1719,190,160,30
1719,224,170,54
1719,162,123,39
1719,130,116,14
1719,10,9,1
1719,237,190,47
1719,125,100,25
1719,132,109,23
1719,179,150,29
1719,600,385,215
1719,124,111,13
1719,126,112,14
1719,120,107,13
1719,78,70,8
1719,60,51,9
1719,75,67,8
1719,122,104,18
1719,84,70,14
1719,96,80,16
1719,335,280,55
1719,272,240,32
1719,118,105,13
1719,86,79,7
1719,143,132,11
1719,79,72,7
1719,388,357,31
1719,138,127,11
1719,492,394,98
1719,237,190,47
1719,237,190,47
1719,242,202,40
1719,94,86,8
1719,136,103,33
1719,309,258,51
1719,275,243,32
1719,160,128,32
1719,719,611,108
1719,182,156,26
1719,73,51,22
1719,367,313,54
1719,367,313,54
1719,595,554,41
1719,132,106,26
1719,367,313,54
1719,500,455,45
1719,156,128,28
1719,249,213,36
1719,170,136,34
1719,163,139,24
1719,201,200,1
1719,392,360,32
1719,62,53,9
1719,225,190,35
1719,225,190,35
1719,225,190,35
1719,159,131,28
1719,225,190,35
1719,225,190,35
1719,225,190,35
1720,97,82,15
1720,215,190,25
1720,492,412,80
1720,132,109,23
1720,179,164,15
1720,137,114,23
1720,530,460,70
1720,226,205,21
1720,180,150,30
1720,402,359,43
1720,292,260,32
1720,367,313,54
1720,118,105,13
1720,129,129,0
1720,118,105,13
1720,212,194,18
1720,468,403,65
1720,468,403,65
1720,292,260,32
1720,335,280,55
1720,249,208,41
1720,211,160,51
1720,123,101,22
1720,201,168,33
1720,35,30,5
1720,141,126,15
1720,101,90,11
1720,179,153,26
1720,133,119,14
1720,220,214,6
1720,62,50,12
1720,130,127,3
1720,277,245,32
1720,280,259,21
1720,266,257,9
1720,418,313,105
1720,213,208,5
1720,388,357,31
1720,388,357,31
1720,388,357,31
1720,388,357,31
1720,388,357,31
1720,80,74,6
1720,156,144,12
1720,73,67,6
1720,237,190,47
1720,118,105,13
1720,260,230,30
1720,330,282,48
1720,260,251,9
1720,118,100,18
1720,517,500,17
1720,665,557,108
1720,260,230,30
1720,492,412,80
1720,301,272,29
1720,260,230,30
1720,142,114,28
1720,237,190,47
1720,282,249,33
1720,72,55,17
1720,277,210,67
1720,361,302,59
1720,275,230,45
1720,388,357,31
1720,388,357,31
1720,51,47,4
1720,335,324,11
1720,138,123,15
1720,196,164,32
1720,237,190,47
1720,197,174,23
1720,134,102,32
1720,108,96,12
1720,165,141,24
1720,90,80,10
1720,371,297,74
1720,233,201,32
1720,285,244,41
1720,260,230,30
1720,371,328,43
1720,334,270,64
1720,171,130,41
1720,181,156,25
1720,385,322,63
1720,108,82,26
1720,596,450,146
1720,118,105,13
1720,465,403,62
1720,143,130,13
1720,113,98,15
1720,273,241,32
1720,200,184,16
1720,260,230,30
1720,260,230,30
1720,789,709,80
1720,273,236,37
1720,204,180,24
1720,256,219,37
1720,121,108,13
1720,642,466,176
1720,110,98,12
1720,237,190,47
1720,149,133,16
1720,465,403,62
1720,149,133,16
1720,118,105,13
1720,244,209,35
1720,142,114,28
1720,169,157,12
1720,304,250,54
1720,356,303,53
1720,284,251,33
1720,273,236,37
1720,170,150,20
1720,180,140,40
1720,234,200,34
1720,126,109,17
1720,270,218,52
1720,273,236,37
1720,169,150,19
1720,237,190,47
1720,386,267,119
1720,367,313,54
1720,400,343,57
1720,367,313,54
1720,367,313,54
1720,183,164,19
1720,126,37,89
1720,150,106,44
1720,383,307,76
1720,307,246,61
1720,386,351,35
1720,406,356,50
1720,468,403,65
1720,468,403,65
1720,363,311,52
1720,468,403,65
1720,468,403,65
1720,190,154,36
1720,215,176,39
1721,439,396,43
1721,241,213,28
1721,214,182,32
1721,363,311,52
1721,468,403,65
1721,468,403,65
1721,468,403,65
1721,158,118,40
1721,250,233,17
1721,257,211,46
1721,100,99,1
1721,208,208,0
1721,323,294,29
1721,285,228,57
1721,273,236,37
1721,388,357,31
1721,112,108,4
1721,465,406,59
1721,192,133,59
1721,185,160,25
1721,273,236,37
1721,125,108,17
1721,231,184,47
1721,252,223,29
1721,273,236,37
1721,273,236,37
1721,200,173,27
1721,465,403,62
1721,118,105,13
1721,69,59,10
1721,386,351,35
1721,237,190,47
1721,250,233,17
1721,202,153,49
1721,209,193,16
1721,340,300,40
1721,273,236,37
1721,169,150,19
1721,240,120,120
1721,110,104,6
1721,188,130,58
1721,118,105,13
1721,260,230,30
1721,118,105,13
1721,118,105,13
1721,266,222,44
1721,311,260,51
1721,262,221,41
1721,118,105,13
1721,129,129,0
1721,492,412,80
1721,292,260,32
1721,118,105,13
1721,237,190,47
1721,237,190,47
1721,118,105,13
1721,260,230,30
1721,118,105,13
1721,465,403,62
1721,572,517,55
1721,87,70,17
1721,129,129,0
1721,465,403,62
1721,212,194,18
1721,237,190,47
1721,209,175,34
1721,237,190,47
1721,131,117,14
1721,72,59,13
1721,250,209,41
1721,142,131,11
1721,123,110,13
1721,208,188,20
1721,11,9,2
1721,178,149,29
1721,261,209,52
1721,149,103,46
1721,125,100,25
1721,118,105,13
1721,350,342,8
1721,500,371,129
1721,327,273,54
1721,73,67,6
1721,388,357,31
1721,388,357,31
1721,388,357,31
1721,388,357,31
1721,388,357,31
1721,388,357,31
1721,137,104,33
1721,326,250,76
1721,237,190,47
1721,311,296,15
1721,56,50,6
1721,300,289,11
1721,200,196,4
1721,250,222,28
1721,138,122,16
1721,221,177,44
1721,603,447,156
1721,273,236,37
1721,406,339,67
1721,118,105,13
1721,221,195,26
1721,412,360,52
1721,200,192,8
1721,150,136,14
1721,432,349,83
1721,170,158,12
1721,161,148,13
1721,465,403,62
1721,244,209,35
1721,465,403,62
1721,118,105,13
1721,120,114,6
1721,250,229,21
1721,332,266,66
1721,311,269,42
1721,300,281,19
1721,280,224,56
1721,163,124,39
1721,256,214,42
1721,329,275,54
1721,292,222,70
1721,85,78,7
1721,319,274,45
1721,340,290,50
1721,244,209,35
1721,406,356,50
1721,273,236,37
1721,316,264,52
1721,272,228,44
1721,391,349,42
1721,417,200,217
1721,340,303,37
1721,200,197,3
1721,386,351,35
1721,244,209,35
1722,200,185,15
1722,433,400,33
1722,120,116,4
1722,468,403,65
1722,386,351,35
1722,237,190,47
1722,341,285,56
1722,285,238,47
1722,237,190,47
1722,96,80,16
1722,179,150,29
1722,468,403,65
1722,62,50,12
1722,129,114,15
1722,292,260,32
1722,113,100,13
1722,237,190,47
1722,661,558,103
1722,485,379,106
1722,465,403,62
1722,212,194,18
1722,500,398,102
1722,212,194,18
1722,301,272,29
1722,260,230,30
1722,260,230,30
1722,118,105,13
1722,253,244,9
1722,237,190,47
1722,237,190,47
1722,144,120,24
1722,175,145,30
1722,325,277,48
1722,343,289,54
1722,241,227,14
1722,154,141,13
1722,237,190,47
1722,525,40,485
1722,216,185,31
1722,80,71,9
1722,142,114,28
1722,211,180,31
1722,212,198,14
1722,118,104,14
1722,335,280,55
1722,359,300,59
1722,203,170,33
1722,96,73,23
1722,219,166,53
1722,242,202,40
1722,372,301,71
1722,167,140,27
1722,181,151,30
1722,328,290,38
1722,260,230,30
1722,118,105,13
1722,562,471,91
1722,10,9,1
1722,237,190,47
1722,251,203,48
1722,362,320,42
1722,179,150,29
1722,18,15,3
1722,236,197,39
1722,298,249,49
1722,193,161,32
1722,187,156,31
1722,145,121,24
1722,400,350,50
1722,615,560,55
1722,237,190,47
1722,237,190,47
1722,60,48,12
1722,151,125,26
1722,328,290,38
1722,300,294,6
1722,237,190,47
1722,294,257,37
1722,350,344,6
1722,107,100,7
1722,370,320,50
1722,650,372,278
1722,174,154,20
1722,318,266,52
1722,201,190,11
1722,269,230,39
1722,135,108,27
1722,20,18,2
1722,240,192,48
1722,120,107,13
1722,223,193,30
1722,278,223,55
1722,465,403,62
1722,406,356,50
1722,265,205,60
1722,280,241,39
1722,206,201,5
1722,150,138,12
1722,329,312,17
1722,290,268,22
1722,89,79,10
1722,299,254,45
1722,394,353,41
1722,420,414,6
1722,214,196,18
1722,525,323,202
1722,386,351,35
1722,367,313,54
1722,280,248,32
1722,335,317,18
1722,140,128,12
1722,386,351,35
1722,118,105,13
1722,406,356,50
1722,118,105,13
1722,118,105,13
1722,118,105,13
1722,202,167,35
1722,309,254,55
1722,105,87,18
1722,147,132,15
1722,112,111,1
1722,205,84,121
1722,390,305,85
1722,109,84,25
1722,405,381,24
1722,244,209,35
1722,300,251,49
1722,239,221,18
1722,239,214,25
1722,259,254,5
1722,131,104,27
1722,250,213,37
1722,388,357,31
1722,206,190,16
1722,388,357,31
1722,388,357,31
1722,388,357,31
1722,388,357,31
1722,388,357,31
1722,149,126,23
1722,86,79,7
1722,388,357,31
1722,212,194,18
1722,388,357,31
1722,388,357,31
1722,388,357,31
1722,118,105,13
1722,96,86,10
1722,492,412,80
1722,492,412,80
1722,492,412,80
1722,194,185,9
1722,30,24,6
1722,244,209,35
1723,400,316,84
1723,406,356,50
1723,260,230,30
1723,260,230,30
1723,301,272,29
1723,384,344,40
1723,162,153,9
1723,397,355,42
1723,357,319,38
1723,212,194,18
1723,492,412,80
1723,465,403,62
1723,212,194,18
1723,292,260,32
1723,260,230,30
1723,465,403,62
1723,118,105,13
1723,465,403,62
1723,357,319,38
1723,465,403,62
1723,118,105,13
1723,492,412,80
1723,118,105,13
1723,321,284,37
1723,292,260,32
1723,118,105,13
1723,142,127,15
1723,143,127,16
1723,153,134,19
1723,118,105,13
1723,187,156,31
1723,492,412,80
1723,244,209,35
1723,340,284,56
1723,317,265,52
1723,121,118,3
1723,386,267,119
1723,367,313,54
1723,118,105,13
1723,160,137,23
1723,250,229,21
1723,212,194,18
1723,118,105,13
1723,417,349,68
1723,69,63,6
1723,386,351,35
1723,260,230,30
1723,141,125,16
1723,778,746,32
1723,273,236,37
1723,457,356,101
1723,260,230,30
1723,235,201,34
1723,275,230,45
1723,388,357,31
1723,20,16,4
1723,237,190,47
1723,176,158,18
1723,644,598,46
1723,300,283,17
1723,237,190,47
1723,340,313,27
1723,290,277,13
1723,150,140,10
1723,455,347,108
1723,722,637,85
1723,205,164,41
1723,176,146,30
1723,237,190,47
1723,612,557,55
1723,208,174,34
1723,309,239,70
1723,325,288,37
1723,212,170,42
1723,225,180,45
1723,299,250,49
1723,323,270,53
1723,346,296,50
1723,227,201,26
1723,234,231,3
1723,105,90,15
1723,138,118,20
1723,83,70,13
1723,140,117,23
1723,237,190,47
1723,370,320,50
1723,388,357,31
1723,419,350,69
1723,339,209,130
1723,215,178,37
1723,211,169,42
1723,215,172,43
1723,201,168,33
1723,287,230,57
1723,169,150,19
1723,303,230,73
1723,185,175,10
1723,237,190,47
1723,244,209,35
1723,102,90,12
1723,282,203,79
1723,400,366,34
1723,300,299,1
1723,121,108,13
1723,319,290,29
1723,241,197,44
1723,237,190,47
1723,449,375,74
1723,359,300,59
1723,215,180,35
1723,127,117,10
1723,201,198,3
1723,465,403,62
1723,32,29,3
1723,63,63,0
1723,53,48,5
1723,200,197,3
1723,350,271,79
1723,124,102,22
1723,271,217,54
1723,283,242,41
1723,142,115,27
1723,388,357,31
1723,388,357,31
1723,388,357,31
1723,80,78,2
1723,100,95,5
1723,388,357,31
1723,388,357,31
1723,388,357,31
1723,465,403,62
1723,365,303,62
1723,423,290,133
1723,278,263,15
1723,221,192,29
1723,407,330,77
1723,300,260,40
1723,443,392,51
1723,144,127,17
1723,260,230,30
1723,446,399,47
1724,367,313,54
1724,367,313,54
1724,367,313,54
1724,699,640,59
1724,419,375,44
1724,359,315,44
1724,404,370,34
1724,137,124,13
1724,260,230,30
1724,60,49,11
1724,140,112,28
1724,320,286,34
1724,492,412,80
1724,260,230,30
1724,118,105,13
1724,129,129,0
1724,118,105,13
1724,118,105,13
1724,386,351,35
1724,118,105,13
1724,465,403,62
1724,212,194,18
1724,118,105,13
1724,250,219,31
1724,212,194,18
1724,298,273,25
1724,131,117,14
1724,99,88,11
1724,138,123,15
1724,406,356,50
1724,118,105,13
1724,368,329,39
1724,33,29,4
1724,492,412,80
1724,465,403,62
1724,118,105,13
1724,492,412,80
1724,507,433,74
1724,492,412,80
1724,260,217,43
1724,158,135,23
1724,407,340,67
1724,168,139,29
1724,233,195,38
1724,315,263,52
1724,449,375,74
1724,455,400,55
1724,235,208,27
1724,272,243,29
1724,182,167,15
1724,388,357,31
1724,468,403,65
1724,388,357,31
1724,244,209,35
1724,205,150,55
1724,143,122,21
1724,145,116,29
1724,240,201,39
1724,118,105,13
1724,118,105,13
1724,418,362,56
1724,780,692,88
1724,273,236,37
1724,587,525,62
1724,367,313,54
1724,260,230,30
1724,260,230,30
1724,120,110,10
1724,371,328,43
1724,247,226,21
1724,461,394,67
1724,529,452,77
1724,388,357,31
1724,388,357,31
1724,40,39,1
1724,419,327,92
1724,414,410,4
1724,131,116,15
1724,412,375,37
1724,250,200,50
1724,237,190,47
1724,153,135,18
1724,384,344,40
1724,415,371,44
1724,360,324,36
1724,296,261,35
1724,556,520,36
1724,118,105,13
1724,127,113,14
1724,329,281,48
1724,392,370,22
1724,342,340,2
1724,153,131,22
1724,605,535,70
1724,285,252,33
1724,292,260,32
1724,469,366,103
1724,237,190,47
1724,427,331,96
1724,144,121,23
1724,140,120,20
1724,415,351,64
1724,388,357,31
1724,388,357,31
1724,388,357,31
1724,388,357,31
1724,522,460,62
1724,274,210,64
1724,212,194,18
1724,118,105,13
1724,118,105,13
1724,377,326,51
1724,386,351,35
1724,386,351,35
1724,311,260,51
1724,237,190,47
1724,371,357,14
1724,403,349,54
1724,174,154,20
1724,50,47,3
1724,89,79,10
1724,37,30,7
1724,261,209,52
1724,245,196,49
1724,266,213,53
1724,369,326,43
1724,645,557,88
1724,201,168,33
1724,328,274,54
1724,325,260,65
1724,273,236,37
1724,372,311,61
1724,377,315,62
1724,146,117,29
1724,371,310,61
1724,242,220,22
1724,411,332,79
1724,628,562,66
1724,204,122,82
1724,148,131,17
1724,150,147,3
1724,237,190,47
1724,312,250,62
1724,570,445,125
1724,233,187,46
1724,335,280,55
1724,304,231,73
1724,237,190,47
1724,228,183,45
1724,305,255,50
1724,27,27,0
1724,269,225,44
1724,298,239,59
1724,237,190,47
1724,300,267,33
1724,625,575,50
1724,351,338,13
1724,402,355,47
1724,159,127,32
1724,127,102,25
1724,272,218,54
1724,252,230,22
1724,426,360,66
1724,237,218,19
1724,368,315,53
1724,250,200,50
1724,197,158,39
1724,367,313,54
1724,300,256,44
1724,129,98,31
1724,237,190,47
1724,159,127,32
1724,218,175,43
1724,237,190,47
1724,301,272,29
1724,212,194,18
1724,118,105,13
1724,118,105,13
1724,624,541,83
1724,625,559,66
1724,609,557,52
1724,118,105,13
1724,1037,918,119
1724,212,194,18
1724,749,670,79
1724,113,107,6
1724,599,519,80
1724,374,332,42
1724,784,784,0
1724,269,239,30
1724,612,537,75
1725,579,400,179
1725,465,403,62
1725,212,194,18
1725,465,403,62
1725,301,272,29
1725,260,230,30
1725,492,412,80
1725,260,230,30
1725,48,41,7
1725,309,258,51
1725,166,152,14
1725,304,263,41
1725,237,190,47
1725,293,235,58
1725,173,145,28
1725,110,109,1
1725,525,501,24
1725,482,466,16
1725,357,319,38
1725,118,105,13
1725,49,44,5
1725,460,375,85
1725,464,379,85
1725,465,403,62
1725,260,230,30
1725,492,412,80
1725,138,66,72
1725,210,207,3
1725,300,294,6
1725,100,99,1
1725,501,478,23
1725,540,509,31
1725,220,205,15
1725,153,133,20
1725,358,329,29
1725,269,225,44
1725,107,89,18
1725,443,370,73
1725,201,168,33
1725,266,225,41
1725,327,262,65
1725,98,84,14
1725,237,190,47
1725,300,254,46
1725,224,199,25
1725,94,77,17
1725,260,230,30
1725,263,220,43
1725,337,287,50
1725,71,59,12
1725,144,120,24
1725,94,78,16
1725,180,161,19
1725,282,236,46
1725,190,175,15
1725,132,118,14
1725,180,160,20
1725,172,154,18
1725,600,524,76
1725,238,194,44
1725,292,260,32
1725,240,192,48
1725,195,163,32
1725,104,83,21
1725,269,225,44
1725,237,190,47
1725,443,383,60
1725,237,190,47
1725,174,160,14
1725,182,158,24
1725,465,400,65
1725,83,69,14
1725,313,251,62
1725,154,123,31
1725,388,357,31
1725,388,357,31
1725,273,236,37
1725,212,194,18
1725,237,190,47
1725,260,230,30
1725,492,412,80
1725,118,105,13
1725,292,244,48
1725,242,202,40
1725,281,235,46
1725,217,181,36
1725,272,228,44
1725,148,131,17
1725,388,357,31
1725,388,357,31
1725,301,272,29
1725,164,147,17
1725,118,105,13
1725,212,194,18
1725,118,105,13
1725,301,272,29
1725,118,105,13
1725,325,306,19
1725,556,506,50
1725,273,236,37
1725,453,431,22
1725,129,129,0
1725,378,316,62
1725,237,190,47
1725,213,178,35
1725,388,357,31
1725,388,357,31
1725,388,357,31
1725,388,357,31
1725,388,357,31
1725,212,194,18
1725,118,105,13
1725,118,105,13
1725,465,403,62
1725,465,403,62
1725,260,230,30
1725,167,134,33
1725,174,139,35
1725,309,258,51
1725,674,583,91
1725,388,357,31
1725,260,230,30
1725,325,278,47
1725,250,200,50
1725,225,180,45
1725,51,45,6
1725,194,166,28
1725,237,190,47
1725,324,295,29
1725,544,425,119
1725,568,484,84
1725,179,147,32
1725,82,70,12
1725,443,370,73
1725,237,190,47
1725,286,253,33
1725,267,240,27
1725,487,380,107
1725,81,67,14
1725,500,465,35
1725,50,43,7
1725,492,412,80
1725,386,351,35
1725,118,105,13
1725,260,230,30
1725,260,230,30
1725,509,463,46
1725,160,147,13
1725,118,105,13
1725,492,412,80
1725,212,194,18
1725,118,105,13
1725,212,194,18
1725,318,272,46
1725,415,355,60
1725,195,167,28
1725,225,192,33
1725,388,357,31
1725,388,357,31
1725,388,357,31
1725,388,357,31
1725,289,259,30
1725,465,403,62
1725,386,351,35
1725,388,357,31
1725,388,357,31
1725,237,190,47
1725,643,611,32
1725,208,178,30
1725,320,274,46
1725,108,96,12
1725,367,335,32
1725,190,175,15
1725,390,372,18
1725,129,129,0
1725,118,105,13
1725,465,403,62
1725,118,105,13
1725,250,249,1
1725,570,445,125
1725,196,174,22
1725,657,581,76
1725,121,118,3
1725,52,46,6
1725,118,105,13
1725,118,105,13
1725,341,305,36
1725,162,153,9
1725,342,303,39
1725,228,173,55
1725,359,300,59
1725,262,210,52
1725,265,201,64
1725,377,326,51
1725,287,230,57
1725,283,234,49
1725,237,190,47
1725,465,403,62
1725,140,120,20
1725,151,126,25
1725,517,501,16
1725,6,5,1
1725,244,209,35
1725,333,267,66
1725,212,194,18
1726,106,92,14
1726,248,226,22
1726,606,507,99
1726,122,103,19
1726,300,228,72
1726,271,217,54
1726,176,156,20
1726,66,56,10
1726,233,197,36
1726,175,170,5
1726,407,341,66
1726,168,152,16
1726,271,217,54
1726,317,280,37
1726,271,217,54
1726,271,217,54
1726,294,246,48
1726,300,275,25
1726,358,300,58
1726,515,446,69
1726,310,250,60
1726,175,157,18
1726,220,180,40
1726,177,150,27
1726,388,357,31
1726,250,230,20
1726,388,357,31
1726,388,357,31
1726,388,357,31
1726,437,378,59
1726,217,186,31
1726,630,545,85
1726,344,286,58
1726,416,360,56
1726,119,90,29
1726,168,145,23
1726,274,242,32
1726,747,676,71
1726,118,105,13
1726,263,239,24
1726,372,326,46
1726,476,288,188
1726,385,217,168
1726,286,225,61
1726,442,258,184
1726,191,163,28
1726,465,403,62
1726,118,105,13
1726,211,180,31
1726,372,315,57
1726,271,217,54
1726,249,189,60
1726,212,194,18
1726,118,105,13
1726,406,356,50
1726,212,194,18
1726,212,194,18
1726,465,403,62
1726,50,44,6
1726,278,237,41
1726,561,475,86
1726,244,200,44
1726,172,141,31
1726,174,155,19
1726,158,140,18
1726,175,150,25
1726,220,180,40
1726,296,269,27
1726,190,144,46
1726,190,152,38
1726,253,203,50
1726,130,124,6
1726,90,72,18
1726,272,226,46
1726,313,277,36
1726,277,245,32
1726,240,221,19
1726,250,230,20
1726,388,357,31
1726,118,105,13
1726,118,105,13
1726,260,230,30
1726,271,217,54
1726,271,217,54
1726,418,354,64
1726,240,197,43
1726,180,144,36
1726,246,197,49
1726,342,274,68
1726,217,174,43
1726,227,182,45
1726,354,300,54
1726,181,155,26
1726,171,152,19
1726,140,120,20
1726,171,145,26
1726,264,233,31
1726,159,141,18
1726,273,236,37
1726,169,150,19
1726,388,357,31
1726,388,357,31
1726,301,272,29
1726,388,357,31
1726,388,357,31
1726,212,193,19
1726,219,196,23
1726,309,273,36
1726,212,194,18
1726,102,92,10
1726,789,687,102
1726,627,557,70
1726,590,510,80
1726,247,209,38
1726,295,255,40
1726,340,311,29
1726,118,105,13
1726,399,340,59
1726,196,174,22
1726,118,105,13
1726,465,403,62
1726,542,475,67
1726,297,269,28
1726,318,285,33
1726,474,424,50
1726,162,130,32
1726,60,55,5
1726,194,177,17
1726,192,154,38
1726,372,326,46
1726,643,569,74
1726,120,110,10
1726,278,244,34
1726,314,275,39
1726,235,227,8
1726,399,390,9
1726,363,338,25
1726,246,208,38
1726,374,342,32
1726,118,105,13
1726,492,412,80
1726,170,136,34
1726,385,329,56
1726,146,117,29
1726,113,96,17
1726,43,38,5
1726,212,194,18
1726,406,356,50
1726,372,326,46
1726,268,219,49
1726,331,283,48
1726,386,351,35
1726,357,315,42
1726,193,160,33
1726,170,145,25
1726,450,440,10
1726,295,220,75
1726,83,69,14
1726,173,151,22
1726,189,151,38
1726,62,50,12
1726,522,453,69
1726,552,479,73
1726,198,176,22
1726,468,403,65
1726,180,154,26
1726,33,29,4
1726,169,150,19
1726,358,314,44
1726,465,403,62
1726,212,194,18
1726,315,267,48
1726,314,281,33
1726,236,211,25
1726,305,255,50
1726,380,329,51
1726,296,268,28
1726,434,376,58
1726,269,228,41
1726,203,180,23
1726,271,217,54
1726,167,143,24
1726,305,273,32
1726,840,728,112
1726,167,141,26
1726,260,220,40
1726,271,217,54
1726,406,356,50
1726,406,356,50
1726,301,272,29
1726,261,221,40
1726,284,240,44
1726,236,200,36
1726,40,35,5
1726,150,127,23
1726,393,333,60
1726,185,148,37
1726,522,418,104
1726,62,51,11
1726,532,450,82
1726,318,269,49
1726,292,247,45
1726,465,403,62
1726,260,230,30
1726,491,431,60
1726,350,290,60
1726,163,132,31
1726,165,137,28
1726,229,196,33
1726,201,170,31
1726,182,154,28
1726,259,219,40
1726,241,204,37
1726,271,217,54
1726,182,154,28
1726,129,129,0
1726,331,283,48
1727,118,105,13
1727,465,403,62
1727,331,283,48
1727,420,352,68
1727,330,302,28
1727,251,227,24
1727,516,447,69
1727,322,273,49
1727,314,281,33
1727,400,335,65
1727,472,424,48
1727,300,272,28
1727,232,211,21
1727,402,349,53
1727,751,675,76
1727,271,217,54
1727,298,252,46
1727,241,197,44
1727,406,356,50
1727,271,217,54
1727,207,177,30
1727,149,126,23
1727,271,217,54
1727,271,217,54
1727,228,193,35
1727,235,199,36
1727,201,170,31
1727,271,217,54
1727,563,409,154
1727,626,555,71
1727,748,682,66
1727,684,610,74
1727,271,217,54
1727,271,217,54
1727,234,190,44
1727,226,204,22
1727,271,217,54
1727,271,217,54
1727,390,330,60
1727,241,197,44
1727,164,131,33
1727,212,194,18
1727,118,105,13
1727,492,412,80
1727,360,322,38
1727,400,358,42
1727,212,194,18
1727,118,105,13
1727,148,131,17
1727,50,44,6
1727,271,217,54
1727,465,403,62
1727,492,412,80
1727,331,283,48
1727,357,319,38
1727,333,292,41
1727,776,661,115
1727,300,296,4
1727,356,273,83
1727,271,217,54
1727,275,233,42
1727,234,202,32
1727,312,264,48
1727,150,133,17
1727,118,105,13
1727,465,403,62
1727,102,92,10
1727,102,92,10
1727,406,356,50
1727,700,607,93
1727,271,217,54
1727,614,531,83
1727,316,247,69
1727,273,236,37
1727,465,403,62
1727,398,337,61
1727,306,245,61
1727,283,227,56
1727,273,219,54
1727,367,313,54
1727,260,230,30
1727,388,357,31
1727,388,357,31
1727,388,357,31
1727,388,357,31
1727,388,357,31
1727,388,357,31
1727,211,180,31
1727,492,412,80
1727,406,356,50
1727,492,412,80
1727,118,105,13
1727,301,272,29
1727,226,204,22
1727,121,109,12
1727,606,550,56
1727,400,80,320
1727,331,283,48
1727,184,147,37
1727,271,217,54
1727,388,357,31
1727,75,69,6
1727,123,123,0
1727,264,240,24
1727,150,139,11
1727,271,232,39
1727,406,356,50
1727,460,419,41
1727,330,276,54
1727,300,275,25
1727,318,285,33
1727,272,223,49
1727,265,217,48
1727,178,151,27
1727,186,157,29
1727,141,125,16
1727,160,144,16
1727,388,357,31
1727,388,357,31
1727,388,357,31
1727,388,357,31
1727,388,357,31
1727,51,47,4
1727,166,153,13
1727,301,272,29
1727,152,125,27
1727,161,140,21
1727,179,143,36
1727,268,244,24
1727,149,126,23
1727,388,357,31
1727,171,157,14
1727,388,357,31
1727,169,150,19
1727,122,108,14
1727,307,260,47
1727,218,215,3
1727,255,218,37
1727,22,18,4
1727,131,111,20
1727,216,177,39
1727,237,190,47
1727,370,320,50
1727,386,351,35
1727,213,180,33
1727,290,240,50
1727,271,217,54
1727,461,400,61
1727,412,340,72
1727,199,176,23
1727,370,320,50
1727,260,220,40
1727,376,312,64
1727,283,207,76
1727,238,217,21
1727,492,419,73
1727,493,420,73
1727,153,130,23
1727,416,278,138
1727,271,217,54
1727,192,154,38
1727,394,340,54
1727,222,217,5
1727,285,228,57
1727,232,196,36
1727,218,193,25
1727,187,150,37
1727,203,173,30
1727,300,274,26
1727,410,398,12
1727,300,277,23
1727,172,150,22
1727,208,167,41
1727,114,101,13
1727,334,296,38
1727,120,105,15
1727,149,126,23
1727,462,401,61
1727,271,217,54
1727,273,236,37
1727,195,160,35
1727,178,152,26
1727,86,77,9
1727,122,100,22
1727,320,268,52
1727,221,198,23
1727,524,439,85
1727,378,374,4
1728,41,37,4
1728,305,244,61
1728,252,202,50
1728,443,355,88
1728,358,303,55
1728,271,217,54
1728,221,195,26
1728,401,333,68
1728,271,217,54
1728,350,280,70
1728,316,240,76
1728,271,217,54
1728,281,225,56
1728,169,150,19
1728,383,307,76
1728,118,105,13
1728,465,403,62
1728,465,403,62
1728,465,403,62
1728,210,202,8
1728,215,181,34
1728,450,367,83
1728,354,354,0
1728,368,313,55
1728,89,87,2
1728,541,461,80
1728,325,260,65
1728,324,280,44
1728,454,364,90
1728,516,431,85
1728,47,32,15
1728,241,200,41
1728,301,250,51
1728,278,231,47
1728,488,405,83
1728,273,219,54
1728,424,367,57
1728,450,150,300
1728,271,217,54
1728,250,203,47
1728,333,288,45
1728,169,150,19
1728,169,150,19
1728,273,236,37
1728,149,126,23
1728,169,150,19
1728,169,150,19
1728,169,150,19
1728,148,131,17
1728,295,254,41
1728,189,170,19
1728,273,219,54
1728,271,217,54
1728,273,236,37
1728,226,204,22
1728,465,403,62
1728,278,211,67
1728,538,450,88
1728,315,302,13
1728,114,114,0
1728,386,351,35
1728,31,26,5
1728,274,232,42
1728,212,194,18
1728,492,412,80
1728,492,412,80
1728,260,230,30
1728,118,105,13
1728,129,129,0
1728,492,412,80
1728,260,230,30
1728,492,412,80
1728,212,194,18
1728,118,105,13
1728,121,118,3
1728,388,357,31
1728,388,357,31
1728,68,59,9
1728,99,91,8
1728,388,357,31
1728,388,357,31
1728,388,357,31
1728,465,403,62
1728,492,412,80
1728,406,356,50
1728,119,100,19
1728,331,283,48
1728,212,194,18
1728,433,360,73
1728,271,217,54
1728,450,377,73
1728,118,105,13
1728,420,364,56
1728,525,436,89
1728,449,360,89
1728,273,236,37
1728,273,236,37
1728,271,217,54
1728,500,434,66
1728,121,108,13
1728,465,403,62
1728,492,412,80
1728,118,105,13
1728,465,403,62
1728,271,217,54
1728,271,217,54
1728,373,310,63
1728,421,350,71
1728,305,244,61
1728,271,217,54
1728,400,313,87
1728,400,356,44
1728,348,341,7
1728,516,464,52
1728,385,322,63
1728,304,264,40
1728,336,304,32
1728,516,447,69
1728,396,331,65
1728,340,285,55
1728,307,281,26
1728,477,399,78
1728,342,286,56
1728,330,302,28
1728,552,479,73
1728,271,217,54
1728,255,221,34
1728,118,105,13
1728,465,403,62
1728,465,403,62
1728,248,210,38
1728,480,416,64
1728,220,195,25
1728,445,386,59
1728,271,217,54
1728,271,217,54
1728,271,217,54
1728,271,217,54
1728,376,312,64
1728,271,217,54
1728,250,210,40
1728,767,672,95
1728,476,458,18
1728,474,417,57
1728,185,150,35
1728,361,300,61
1728,231,192,39
1728,414,332,82
1728,196,174,22
1728,271,217,54
1728,271,217,54
1728,271,217,54
1728,271,217,54
1728,271,217,54
1728,271,217,54
1728,271,217,54
1728,149,126,23
1728,221,198,23
1728,271,217,54
1728,271,217,54
1728,355,295,60
1728,193,158,35
1728,257,220,37
1728,252,202,50
1728,219,187,32
1728,180,170,10
1728,271,217,54
1728,400,335,65
1728,462,401,61
1728,448,375,73
1728,424,361,63
1729,151,126,25
1729,149,126,23
1729,271,217,54
1729,122,100,22
1729,386,351,35
1729,146,120,26
1729,168,143,25
1729,260,230,30
1729,250,200,50
1729,492,412,80
1729,212,194,18
1729,492,412,80
1729,212,194,18
1729,212,194,18
1729,492,412,80
1729,754,642,112
1729,478,383,95
1729,571,478,93
1729,663,555,108
1729,388,357,31
1729,388,357,31
1729,132,119,13
1729,354,269,85
1729,388,357,31
1729,388,357,31
1729,388,357,31
1729,388,357,31
1729,388,357,31
1729,388,357,31
1729,388,357,31
1729,139,118,21
1729,425,360,65
1729,271,217,54
1729,351,350,1
1729,276,209,67
1729,301,244,57
1729,520,440,80
1729,356,270,86
1729,237,190,47
1729,250,150,100
1729,411,329,82
1729,215,190,25
1729,388,357,31
1729,388,357,31
1729,388,357,31
1729,388,357,31
1729,39,35,4
1729,191,153,38
1729,371,300,71
1729,302,262,40
1729,271,217,54
1729,319,270,49
1729,313,286,27
1729,249,220,29
1729,228,193,35
1729,191,153,38
1729,290,240,50
1729,275,220,55
1729,330,279,51
1729,378,303,75
1729,294,249,45
1729,276,209,67
1729,236,189,47
1729,272,230,42
1729,271,217,54
1729,229,194,35
1729,468,403,65
1729,316,269,47
1729,592,504,88
1729,645,562,83
1729,269,238,31
1729,331,268,63
1729,400,320,80
1729,408,330,78
1729,242,194,48
1729,481,385,96
1729,271,217,54
1729,425,360,65
1729,149,126,23
1729,93,77,16
1729,95,74,21
1729,298,239,59
1729,161,129,32
1729,354,300,54
1729,120,104,16
1729,507,420,87
1729,708,636,72
1729,778,602,176
1729,779,602,177
1729,431,365,66
1729,232,196,36
1729,271,217,54
1729,271,217,54
1729,234,200,34
1729,240,197,43
1729,271,217,54
1729,118,105,13
1729,212,194,18
1729,386,351,35
1729,118,105,13
1729,331,283,48
1729,371,325,46
1729,300,278,22
1729,450,363,87
1729,400,383,17
1729,375,300,75
1729,144,120,24
1729,273,236,37
1729,271,217,54
1729,212,194,18
1729,492,412,80
1729,465,403,62
1729,102,92,10
1729,118,105,13
1729,465,403,62
1729,212,194,18
1729,212,194,18
1729,271,217,54
1729,247,200,47
1729,273,236,37
1729,271,217,54
1729,271,217,54
1729,200,165,35
1729,216,210,6
1729,180,144,36
1729,126,126,0
1729,412,330,82
1729,336,290,46
1729,225,180,45
1729,146,120,26
1729,160,130,30
1729,343,186,157
1729,195,162,33
1729,472,445,27
1729,434,173,261
1729,226,209,17
1729,261,222,39
1729,453,401,52
1729,497,442,55
1729,271,217,54
1729,148,131,17
1729,107,91,16
1729,31,25,6
1729,307,301,6
1729,709,678,31
1729,224,219,5
1729,61,50,11
1729,271,217,54
1729,121,108,13
1729,425,360,65
1729,252,230,22
1729,602,500,102
1729,396,329,67
1729,337,280,57
1729,454,377,77
1729,195,156,39
1729,143,127,16
1729,271,217,54
1729,271,217,54
1729,273,236,37
1729,273,236,37
1729,169,150,19
1729,276,209,67
1729,271,217,54
1729,271,217,54
1729,250,200,50
1729,271,217,54
1729,400,341,59
1729,172,165,7
1729,169,150,19
1729,169,150,19
1729,149,126,23
1729,169,150,19
1729,169,150,19
1729,148,131,17
1729,169,150,19
1729,336,255,81
1729,163,134,29
1729,271,217,54
1729,108,90,18
1729,271,217,54
1729,179,143,36
1729,251,215,36
1729,941,816,125
1729,579,502,77
1729,499,446,53
1729,800,684,116
1729,12,10,2
1729,271,217,54
1729,118,105,13
1729,278,238,40
1729,492,421,71
1729,636,551,85
1730,121,108,13
1730,118,105,13
1730,118,105,13
1730,212,194,18
1730,146,120,26
1730,271,217,54
1730,271,217,54
1730,271,217,54
1730,212,194,18
1730,271,217,54
1730,147,124,23
1730,110,89,21
1730,271,217,54
1730,363,294,69
1730,271,217,54
1730,349,316,33
1730,429,390,39
1730,361,300,61
1730,455,345,110
1730,280,227,53
1730,92,80,12
1730,273,236,37
1730,273,236,37
1730,118,100,18
1730,271,217,54
1730,386,351,35
1730,176,166,10
1730,135,124,11
1730,129,103,26
1730,544,436,108
1730,240,197,43
1730,271,217,54
1730,462,370,92
1730,224,204,20
1730,179,158,21
1730,513,415,98
1730,162,133,29
1730,418,380,38
1730,350,306,44
1730,220,190,30
1730,169,150,19
1730,316,256,60
1730,275,233,42
1730,422,357,65
1730,241,197,44
1730,447,395,52
1730,320,283,37
1730,271,217,54
1730,388,357,31
1730,388,357,31
1730,388,357,31
1730,195,172,23
1730,169,150,19
1730,280,279,1
1730,345,335,10
1730,280,241,39
1730,554,444,110
1730,388,357,31
1730,25,23,2
1730,337,298,39
1730,207,183,24
1730,202,178,24
1730,84,67,17
1730,437,332,105
1730,203,180,23
1730,522,475,47
1730,196,175,21
1730,280,227,53
1730,317,280,37
1730,368,335,33
1730,308,290,18
1730,470,450,20
1730,465,403,62
1730,465,403,62
1730,102,92,10
1730,459,398,61
1730,291,233,58
1730,303,230,73
1730,363,321,42
1730,209,185,24
1730,341,276,65
1730,276,209,67
1730,293,259,34
1730,388,357,31
1730,388,357,31
1730,388,357,31
1730,388,357,31
1730,113,104,9
1730,174,150,24
1730,145,123,22
1730,201,170,31
1730,236,200,36
1730,363,307,56
1730,224,190,34
1730,145,123,22
1730,317,274,43
1730,345,292,53
1730,271,217,54
1730,461,350,111
1730,464,376,88
1730,311,266,45
1730,228,193,35
1730,255,233,22
1730,431,386,45
1730,314,272,42
1730,547,492,55
1730,440,394,46
1730,465,403,62
1730,331,283,48
1730,271,217,54
1730,271,217,54
1730,148,131,17
1730,350,303,47
1730,433,343,90
1730,224,196,28
1730,406,356,50
1730,367,313,54
1730,166,142,24
1730,664,544,120
1730,550,531,19
1730,409,371,38
1730,200,183,17
1730,148,131,17
1730,361,327,34
1730,245,212,33
1730,386,351,35
1730,331,283,48
1730,271,217,54
1730,596,477,119
1730,271,217,54
1730,271,217,54
1730,271,217,54
1730,95,82,13
1730,480,384,96
1730,355,300,55
1730,360,307,53
1730,348,310,38
1730,271,217,54
1730,217,184,33
1730,276,209,67
1730,372,317,55
1730,480,413,67
1730,287,272,15
1730,62,62,0
1730,428,413,15
1730,530,440,90
1730,162,130,32
1730,238,206,32
1730,408,350,58
1730,268,230,38
1730,524,450,74
1730,647,647,0
1730,277,245,32
1730,319,290,29
1730,447,395,52
1730,367,313,54
1730,357,347,10
1730,271,217,54
1730,271,217,54
1730,156,125,31
1730,130,104,26
1730,450,403,47
1730,331,283,48
1730,382,323,59
1730,118,105,13
1730,465,403,62
1730,331,283,48
1730,212,194,18
1730,331,283,48
1730,338,286,52
1730,207,175,32
1730,600,520,80
1730,504,431,73
1730,178,163,15
